customer_id,name,email,phone,city,age,registration_date
CUST00000,Isha Kadakia,ekbal92@example.net,3276483503,Chennai,65,2024-04-01
CUST00001,Nandini Loyal,kakardivya@example.org,7672423884,Jaipur,52,2024-02-23
CUST00002,Mohini Pathak,lakshitupadhyay@example.com,+910122691669,Kolkata,65,2024-06-28
CUST00003,Advay Contractor,harini14@example.com,+917048281489,Surat,45,2023-05-24
CUST00004,Neel Zacharia,naikvrinda@example.org,+915430391171,Surat,43,2024-06-18
CUST00005,Kabir Soman,alkawable@example.net,03834657871,Pune,32,2023-06-17
CUST00006,Hamsini Bail,thomasamble@example.org,0310518347,Bangalore,50,2023-05-31
CUST00007,Urvashi Kibe,mray@example.org,+916566701065,Ahmedabad,23,2024-03-21
CUST00008,Yuvraj Handa,saumyadey@example.com,+914731781080,Mumbai,25,2024-06-14
CUST00009,Ojas Ray,nsrivastava@example.com,+912606474687,Bangalore,58,2023-05-01
CUST00010,Teerth Bhardwaj,murthydakshesh@example.org,7882081219,Bangalore,68,2023-03-19
CUST00011,Netra Dar,balveerbumb@example.com,9985435346,Hyderabad,56,2023-04-19
CUST00012,Tanvi Mutti,andratara@example.net,1183842513,Delhi,42,2023-08-17
CUST00013,Raksha Mittal,mistryhemang@example.org,01182449353,Hyderabad,56,2024-01-24
CUST00014,Yashasvi Suresh,charan16@example.com,+910524278680,Ahmedabad,51,2023-04-10
CUST00015,Balendra Pingle,qushidatta@example.org,05053315869,Kolkata,53,2024-02-24
CUST00016,Nicholas Goel,lbakshi@example.net,06342160733,Mumbai,61,2024-03-29
CUST00017,Inaya Mody,udantbajwa@example.net,+916541458685,Delhi,61,2024-05-30
CUST00018,Advika Gokhale,balvan19@example.com,05698169340,Jaipur,66,2024-02-04
CUST00019,Zinal Yohannan,janujasankar@example.org,5951484656,Kolkata,67,2024-01-29
CUST00020,Rehaan Salvi,nghosh@example.net,06804436995,Pune,25,2023-10-04
CUST00021,Tanay Vaidya,qgara@example.org,08951343320,Kolkata,45,2023-03-08
CUST00022,Elijah Shah,thayer@example.net,07632016328,Bangalore,47,2023-10-04
CUST00023,Jairaj Shan,ucchalwali@example.net,5798687277,Mumbai,64,2023-06-23
CUST00024,Aradhana Verma,rkhare@example.com,+914345581223,Kolkata,50,2023-08-24
CUST00025,Tanish Bhatt,vreddy@example.net,06036690967,Bangalore,50,2023-02-15
CUST00026,Chanchal Ramakrishnan,vyohannan@example.net,9373467065,Delhi,58,2024-01-15
CUST00027,Noah Sibal,aviramesh@example.net,0162720465,Kolkata,58,2023-05-30
CUST00028,Geetika Raghavan,oviya41@example.com,+918053100330,Jaipur,56,2023-12-22
CUST00029,Jonathan Solanki,kamdarudyati@example.net,05299124190,Chennai,27,2024-05-25
CUST00030,Mekhala Issac,kibeharsh@example.net,09190586518,Pune,66,2024-01-04
CUST00031,Osha Suri,santjanaki@example.net,02628498776,Bangalore,52,2024-04-03
CUST00032,Ekantika Korpal,mallickshravya@example.org,09965075273,Jaipur,18,2023-08-10
CUST00033,Harini Mammen,advaith83@example.org,+916783777014,Surat,38,2023-06-04
CUST00034,Damini Pillay,wwali@example.com,8557444313,Ahmedabad,19,2023-07-21
CUST00035,Rehaan Kalita,umalhotra@example.net,9413435240,Delhi,41,2024-02-04
CUST00036,Anusha Bath,masterjonathan@example.net,01094777520,Kolkata,33,2023-06-19
CUST00037,Ishaan Bhattacharyya,eswamy@example.net,0229413186,Mumbai,33,2023-12-14
CUST00038,Lajita Seshadri,lmishra@example.com,09909133412,Surat,23,2023-06-13
CUST00039,Naksh Agate,sseshadri@example.net,04034471349,Delhi,64,2024-01-11
CUST00040,Pavani Contractor,manthanlata@example.org,+910249947174,Ahmedabad,70,2024-01-30
CUST00041,Xiti Zacharia,fsarma@example.net,+916594013990,Delhi,66,2024-06-29
CUST00042,Banjeet Gill,pvenkataraman@example.com,02967175655,Jaipur,67,2024-01-16
CUST00043,Forum Sabharwal,qmani@example.com,0715451680,Bangalore,26,2024-01-09
CUST00044,Odika Bhagat,zarnapathak@example.net,07034824771,Ahmedabad,53,2023-02-27
CUST00045,Nathan Mukhopadhyay,reddygirik@example.org,+917127484677,Bangalore,34,2023-06-15
CUST00046,Leela Halder,ekarajmajumdar@example.com,08404499727,Jaipur,56,2023-11-10
CUST00047,Gaurangi Purohit,mnagy@example.net,+919636057662,Hyderabad,31,2023-10-20
CUST00048,Jonathan Thakkar,harish71@example.net,00262174596,Jaipur,66,2024-01-05
CUST00049,Lajita Nadig,nbanik@example.org,+914316117240,Chennai,63,2023-03-08
CUST00050,Chaaya Parmer,raagini23@example.net,09222196937,Kolkata,43,2024-05-17
CUST00051,Vincent Shenoy,tripti40@example.com,08217594647,Pune,46,2024-04-13
CUST00052,Leena Subramanian,khalsalakshmi@example.net,09440640909,Jaipur,46,2024-02-22
CUST00053,Victor Pandey,ranveerkrishna@example.net,2104709521,Delhi,33,2024-05-15
CUST00054,Ojasvi Gill,kevinzacharia@example.com,8424745171,Chennai,22,2023-04-24
CUST00055,Mekhala Pau,ranaakshay@example.com,1754965137,Pune,19,2023-02-25
CUST00056,Timothy Bhatnagar,pmittal@example.com,+912004711382,Surat,53,2023-08-27
CUST00057,Oni Dubey,fchaudhary@example.net,04053773515,Chennai,55,2023-11-13
CUST00058,Darsh Rao,ranveer17@example.org,3900532931,Chennai,18,2024-04-05
CUST00059,Tarak Kaul,manbir90@example.com,+912842102053,Delhi,63,2023-12-06
CUST00060,Owen Lanka,dateoviya@example.net,+911775891783,Mumbai,32,2024-06-02
CUST00061,Charvi Shanker,bhatvarenya@example.com,01771159212,Delhi,20,2023-07-01
CUST00062,Lakshmi Wali,sudiksha89@example.com,+911836736576,Pune,22,2023-09-10
CUST00063,Dhriti Sane,aadhya52@example.net,01111615280,Jaipur,33,2023-12-04
CUST00064,Jason Roy,pallavi04@example.net,05198327315,Kolkata,60,2024-04-13
CUST00065,Ishwar Mallick,pushtibal@example.net,4024455022,Ahmedabad,31,2023-11-24
CUST00066,Ekaraj Dhar,chandtanveer@example.com,07525459910,Jaipur,26,2023-05-02
CUST00067,Finn Magar,fsamra@example.net,06438156149,Surat,54,2023-10-15
CUST00068,Chakradev Kannan,abhakta@example.org,03244510762,Ahmedabad,33,2023-04-18
CUST00069,Xiti Pandya,ranganathanbrijesh@example.com,+917159696641,Ahmedabad,69,2023-09-04
CUST00070,Onveer Sharma,gaurang61@example.org,09681645352,Hyderabad,30,2023-03-23
CUST00071,Yashvi Hari,indali23@example.org,+914329212779,Delhi,24,2024-03-01
CUST00072,Ekantika Mutti,riabir@example.com,04490581477,Hyderabad,40,2023-03-03
CUST00073,Bhavini Bose,tripathileena@example.com,8079359782,Hyderabad,44,2024-06-08
CUST00074,Harshil Oza,thamanorinder@example.org,+917788925546,Ahmedabad,64,2023-09-06
CUST00075,Charles Natt,narayangirindra@example.net,6449251925,Mumbai,61,2023-07-19
CUST00076,Kai Chad,krisha52@example.net,8168505423,Delhi,21,2023-08-03
CUST00077,Rehaan Kara,mohammedbrahmbhatt@example.com,+918880592962,Hyderabad,64,2023-05-05
CUST00078,Raksha Bassi,rpatla@example.net,+917947383473,Pune,69,2023-08-17
CUST00079,Triya Manda,hthakkar@example.com,+913924075818,Delhi,33,2024-04-16
CUST00080,Fiyaz Dyal,shivani82@example.com,+913750606853,Chennai,30,2023-08-26
CUST00081,Kavya Kapur,nagarhardik@example.net,5220472779,Jaipur,46,2023-02-15
CUST00082,Anirudh Kunda,masonwable@example.com,+914341036971,Bangalore,45,2023-04-09
CUST00083,Amol Varma,maanasmanne@example.com,+919539621851,Bangalore,35,2024-06-06
CUST00084,Madhavi Singhal,ramkashvi@example.com,0515319520,Ahmedabad,33,2023-08-09
CUST00085,Parth Shetty,zgopal@example.org,+917043030548,Delhi,46,2023-09-01
CUST00086,Zehaan Bansal,bhavikaparikh@example.org,5415667652,Jaipur,24,2023-10-20
CUST00087,Jhalak Venkataraman,fitan61@example.com,2845115447,Mumbai,59,2023-12-13
CUST00088,Ojas Sawhney,sanya05@example.net,04016582029,Jaipur,18,2024-01-20
CUST00089,Bakhshi Date,keerjeevika@example.com,09092755719,Delhi,66,2023-04-23
CUST00090,Mitali Murthy,zaid10@example.net,+917868144739,Chennai,28,2023-07-06
CUST00091,Ryan Das,ethanseth@example.org,7155188442,Hyderabad,49,2024-02-06
CUST00092,Janaki Trivedi,jairajiyer@example.org,+917058957829,Ahmedabad,31,2024-05-02
CUST00093,Dayamai Rao,avora@example.com,1251778528,Hyderabad,21,2023-12-31
CUST00094,Kai Sant,dashzarna@example.org,02253584143,Bangalore,42,2023-12-29
CUST00095,Jeremiah Mitter,thakkarom@example.net,2299590010,Mumbai,42,2024-06-04
CUST00096,Shivansh Saha,tankbimala@example.net,07364710276,Kolkata,68,2023-10-14
CUST00097,Harini Dhawan,eiravati56@example.org,08815371473,Ahmedabad,36,2023-04-24
CUST00098,Bina Rajagopalan,kkothari@example.com,5327877470,Hyderabad,62,2023-03-30
CUST00099,Yashasvi Shankar,tanveerpandit@example.org,+914797480162,Jaipur,60,2024-05-01
CUST00100,Neha Pau,rattancharan@example.net,3584168784,Ahmedabad,27,2024-04-03
CUST00101,Kabir Chatterjee,yprakash@example.com,5239868000,Chennai,36,2023-04-22
CUST00102,Urvi Venkataraman,mdixit@example.net,+915952694958,Chennai,21,2024-04-04
CUST00103,Chandani Soman,pillaygarima@example.net,+916940974993,Surat,65,2024-02-10
CUST00104,Onkar Viswanathan,rdivan@example.org,+919130756263,Jaipur,21,2023-09-07
CUST00105,David Devi,ektasridhar@example.net,05278585497,Pune,21,2023-05-20
CUST00106,Arya Misra,chamelimani@example.net,+917575844198,Mumbai,55,2023-08-22
CUST00107,Hemani Dhingra,brijesh41@example.com,04733848421,Ahmedabad,50,2023-12-19
CUST00108,Xavier Bedi,virajben@example.org,05712082677,Jaipur,28,2024-01-06
CUST00109,Ekani Mangal,chakrabortyvincent@example.net,0262067240,Mumbai,50,2023-02-17
CUST00110,Gautami Mane,fviswanathan@example.org,7431527420,Delhi,29,2024-02-18
CUST00111,Reyansh Gill,gsane@example.com,+916122753046,Delhi,56,2023-06-11
CUST00112,Forum Mittal,laljagvi@example.net,+910174268414,Delhi,61,2023-08-16
CUST00113,Theodore Deol,ddua@example.net,5687833918,Chennai,43,2023-09-25
CUST00114,Faras Choudhury,tiwarisamaksh@example.net,2258713971,Delhi,54,2024-05-10
CUST00115,Christopher Setty,yochanasagar@example.com,0874064039,Chennai,55,2023-03-21
CUST00116,Hemangini Bhatt,biswasurmi@example.org,06226567661,Surat,20,2024-01-22
CUST00117,Ijaya Dani,mayawadhwa@example.org,3004786863,Surat,23,2023-06-17
CUST00118,Mohammed Majumdar,isaiahbalay@example.net,09033119079,Hyderabad,60,2024-01-17
CUST00119,Yash Basu,osarna@example.net,+910284395995,Surat,54,2023-06-12
CUST00120,Timothy Sachdev,anvi08@example.net,2687056856,Jaipur,38,2023-09-06
CUST00121,Krisha Gour,okhosla@example.com,2708668826,Kolkata,31,2023-06-15
CUST00122,Ganga Brar,fprabhakar@example.net,3046990139,Pune,33,2024-02-12
CUST00123,Varenya Joshi,chavvi03@example.org,1739363854,Kolkata,43,2023-08-23
CUST00124,Darika Lal,yochana77@example.org,7535560932,Bangalore,60,2023-02-21
CUST00125,Chakrika Dua,forumkarpe@example.com,3785477725,Kolkata,47,2023-05-09
CUST00126,Qarin Bhargava,bordechanakya@example.org,02312038750,Pune,66,2023-12-20
CUST00127,Vinaya Babu,walinisha@example.org,+918484086211,Delhi,18,2023-11-03
CUST00128,Rehaan Vyas,irya46@example.org,06793341016,Ahmedabad,57,2023-08-22
CUST00129,Daksh Andra,fitantata@example.com,5918033974,Surat,24,2023-03-08
CUST00130,Avni Bali,divyababu@example.org,2614293968,Delhi,52,2023-07-29
CUST00131,Farhan Tella,chatresh16@example.org,+915999650477,Chennai,50,2023-06-07
CUST00132,Rachana Grewal,xchada@example.net,03114262655,Kolkata,26,2023-04-07
CUST00133,Darika Saxena,anamika12@example.org,+916788861015,Pune,22,2023-11-18
CUST00134,Lekha Arora,odika61@example.net,3982622444,Chennai,41,2023-10-19
CUST00135,Oliver Saran,oviya47@example.org,04379937124,Kolkata,28,2023-02-16
CUST00136,Gaurangi Rai,ria56@example.net,2459375265,Ahmedabad,52,2023-07-09
CUST00137,Xavier Nanda,ymand@example.com,01939828073,Kolkata,57,2023-09-21
CUST00138,Ekapad Rege,odewan@example.com,+914266179796,Jaipur,18,2023-11-08
CUST00139,Balhaar Parsa,choprayuvraj@example.net,5290965610,Jaipur,37,2023-04-03
CUST00140,Yashvi Venkataraman,sanayaprasad@example.com,09825071461,Delhi,26,2023-04-12
CUST00141,Ijaya Muni,tamanna38@example.com,07177514010,Kolkata,25,2024-04-15
CUST00142,Nitesh Kohli,nathanielnarayanan@example.net,07362266093,Delhi,65,2023-09-27
CUST00143,Lopa Agrawal,sameshmallick@example.net,+919182553714,Jaipur,27,2024-01-16
CUST00144,Dhriti Rama,wcomar@example.com,09249912513,Kolkata,36,2023-07-16
CUST00145,Kashvi Dhaliwal,msahota@example.org,6627828274,Surat,31,2023-04-24
CUST00146,Shravya Bera,aditya72@example.org,08876767721,Pune,31,2023-11-24
CUST00147,Brinda Bali,umang84@example.org,09788191485,Kolkata,50,2023-11-12
CUST00148,Ridhi Kamdar,vchaudry@example.net,+914074517133,Ahmedabad,34,2024-03-26
CUST00149,Priya Gandhi,samueljhaveri@example.org,5849825449,Mumbai,23,2023-06-27
CUST00150,Krishna Sabharwal,malhotrajonathan@example.net,+913253672946,Hyderabad,35,2023-08-20
CUST00151,Girik Rau,jyoti77@example.com,0175186363,Mumbai,18,2023-10-19
CUST00152,Bhanumati Nazareth,vedhikaoza@example.net,+910170127706,Pune,67,2023-05-25
CUST00153,Chasmum Dutt,girik54@example.org,02064361103,Bangalore,58,2023-10-10
CUST00154,Upkaar Venkataraman,aandra@example.net,01627136111,Kolkata,28,2023-07-20
CUST00155,Laksh Raja,lukebiswas@example.net,0927532697,Ahmedabad,53,2024-04-20
CUST00156,Harish Dey,rajagopalanindali@example.com,02341389994,Hyderabad,53,2024-03-10
CUST00157,Charvi Jha,manyamerchant@example.net,+913761379180,Mumbai,25,2024-06-23
CUST00158,Kevin Ram,ipau@example.net,+917109104300,Delhi,62,2024-06-04
CUST00159,Yashawini Mangat,ssampath@example.com,+918892414183,Bangalore,52,2024-06-17
CUST00160,Eta Raman,mukherjeerajeshri@example.net,+910316179904,Mumbai,41,2024-01-14
CUST00161,Jagdish Arora,advaygade@example.com,08842524105,Surat,53,2024-03-24
CUST00162,Devansh Lall,tanejatamanna@example.net,00792524191,Bangalore,45,2023-06-07
CUST00163,Chaitanya Arora,chakradharsodhi@example.com,02208635365,Bangalore,20,2023-06-29
CUST00164,Kashish Dar,golaudant@example.net,+916174451870,Kolkata,41,2023-08-17
CUST00165,Daksha Kibe,lpillay@example.com,+918320603850,Mumbai,40,2024-06-05
CUST00166,Krisha Mohanty,jhawazir@example.com,00241038657,Chennai,61,2024-06-17
CUST00167,Girish Tiwari,meeraborde@example.net,0623445655,Chennai,60,2023-09-28
CUST00168,Falan Jain,ikbaldugal@example.org,+917756185374,Delhi,40,2023-10-04
CUST00169,Gautam Dugar,banjeet35@example.org,+913568044206,Jaipur,44,2024-04-17
CUST00170,Girindra Shere,deyjairaj@example.org,+913236519941,Surat,65,2023-02-23
CUST00171,Rudra Sawhney,georgenarula@example.org,+917029667066,Bangalore,33,2023-05-10
CUST00172,Rachit Maharaj,sanaya20@example.net,9347687014,Bangalore,69,2023-08-24
CUST00173,Ryan Vora,anirudhraja@example.net,07875985642,Bangalore,44,2023-02-26
CUST00174,Ayushman Mand,sodhiishita@example.net,+912133480396,Mumbai,29,2023-08-10
CUST00175,Patrick Khalsa,jagrati90@example.net,5992937842,Pune,68,2023-10-17
CUST00176,Daksh Kaul,anmolvyas@example.com,+915932525002,Hyderabad,69,2023-12-05
CUST00177,Indrajit Vora,elijah56@example.net,+915452267528,Chennai,35,2024-01-27
CUST00178,Udant Gill,umohanty@example.net,02209690295,Bangalore,68,2024-05-21
CUST00179,Hemang Taneja,garimabrahmbhatt@example.org,05215704331,Delhi,42,2023-08-08
CUST00180,Aarav Bava,usarma@example.com,+916765861793,Mumbai,48,2023-05-05
CUST00181,Bahadurjit Menon,nagaradvika@example.org,+915262181599,Chennai,30,2024-05-07
CUST00182,Raagini Gala,ddugar@example.org,03368844431,Ahmedabad,40,2023-03-09
CUST00183,Mitesh Bhagat,aarush61@example.com,9731032417,Kolkata,70,2024-04-12
CUST00184,Mitali Sinha,flanka@example.net,6256527047,Chennai,32,2023-10-04
CUST00185,Amruta Bhatia,gunbirchada@example.net,08693806868,Mumbai,60,2024-01-24
CUST00186,Warinder Soni,farhan60@example.net,8992172233,Chennai,43,2023-04-17
CUST00187,Farhan Saran,manbirkuruvilla@example.com,1168685487,Pune,35,2024-05-19
CUST00188,Oni Chowdhury,jdoctor@example.net,9119148564,Delhi,67,2023-08-24
CUST00189,Urvashi Barad,anyarau@example.org,9606530745,Kolkata,40,2023-02-23
CUST00190,Deepa Mand,ochaudhari@example.org,07546913736,Jaipur,43,2024-02-20
CUST00191,Daksh Varma,dominicmukhopadhyay@example.net,6289023303,Jaipur,39,2023-03-01
CUST00192,Jalsa Issac,jyoti78@example.com,1035797279,Mumbai,25,2023-11-17
CUST00193,Nihal Kuruvilla,maneayaan@example.com,+912933334680,Kolkata,29,2024-04-22
CUST00194,Urvi Deo,abhiramkapur@example.com,4466574374,Surat,34,2024-01-19
CUST00195,Harsh Amble,barkha41@example.com,+915454443283,Mumbai,24,2024-05-10
CUST00196,Ekaja Dey,tankchakrika@example.com,06609935387,Surat,45,2024-05-13
CUST00197,Yashica Mital,pratyushmemon@example.org,02482513534,Pune,64,2023-09-12
CUST00198,Kamya Lad,ubika17@example.org,9991738168,Pune,45,2023-07-13
CUST00199,Matthew Devan,hemarout@example.net,02521752500,Surat,50,2023-09-28
CUST00200,Om Dutt,ichakrabarti@example.net,06667600835,Delhi,42,2024-06-04
CUST00201,Rayaan Badami,kothariupkaar@example.net,04216894210,Surat,30,2023-07-12
CUST00202,Tamanna Venkatesh,radha25@example.com,03260332309,Kolkata,20,2023-10-24
CUST00203,Jeevika Barad,xkumer@example.net,0901001676,Hyderabad,18,2023-04-16
CUST00204,Urvi Dua,adityamitra@example.com,1849926189,Jaipur,69,2023-04-13
CUST00205,Hitesh Tank,ryanlall@example.net,+915642087375,Jaipur,61,2023-06-10
CUST00206,Gaurav Choudhry,fdixit@example.net,+911437447012,Chennai,41,2024-04-27
CUST00207,Jagvi Munshi,gdalia@example.org,+912255794155,Hyderabad,22,2023-05-15
CUST00208,Mugdha Shan,lekha76@example.net,+911202169797,Pune,57,2023-05-15
CUST00209,Jagrati Balakrishnan,vasudhasura@example.org,07014508993,Pune,60,2024-06-18
CUST00210,Zilmil Virk,santyuvraj@example.com,06289002877,Delhi,64,2024-04-25
CUST00211,Vyanjana Nagi,gangamall@example.org,3866317797,Kolkata,50,2023-03-29
CUST00212,Sanya Mutti,tankandrew@example.org,06088019948,Kolkata,60,2023-11-22
CUST00213,Harita Patla,kapoorsuhani@example.com,9975711305,Hyderabad,38,2023-08-10
CUST00214,Kashvi Cherian,galawaida@example.org,6149331637,Hyderabad,62,2024-04-02
CUST00215,Hamsini Chokshi,obatra@example.net,1779827080,Kolkata,53,2023-11-18
CUST00216,Vasudha Trivedi,oscardave@example.org,09958669346,Bangalore,30,2024-06-11
CUST00217,Sneha Deol,nitaravala@example.com,8583339452,Hyderabad,60,2024-06-20
CUST00218,Yahvi Naidu,pandeyvarsha@example.net,6846081062,Hyderabad,61,2023-03-11
CUST00219,Ryan Loke,bhavinikrishna@example.org,+914380571983,Bangalore,57,2024-02-21
CUST00220,Wazir Vaidya,champak66@example.com,5800439735,Surat,37,2024-02-27
CUST00221,Rishi Menon,rgoel@example.org,+912816064842,Hyderabad,53,2023-05-04
CUST00222,Abdul Narayanan,cdubey@example.org,09094798515,Mumbai,37,2023-11-04
CUST00223,Ekansh Tiwari,ojasviyadav@example.com,+915335554398,Kolkata,31,2023-10-09
CUST00224,Ishwar Pal,pkhosla@example.net,3056164840,Hyderabad,68,2024-05-16
CUST00225,Yoshita Trivedi,csur@example.com,3581128801,Surat,56,2023-05-30
CUST00226,Panini Chawla,radhikabora@example.net,2075011024,Pune,47,2023-11-20
CUST00227,Aarna Reddy,oseshadri@example.com,05061809190,Ahmedabad,46,2024-01-31
CUST00228,Ishita Thakkar,manncharvi@example.net,+914766072832,Chennai,50,2024-02-23
CUST00229,Maanas Misra,advay88@example.org,+910099688143,Ahmedabad,68,2024-02-24
CUST00230,Siddharth Sachar,naveengour@example.org,4312908781,Bangalore,60,2023-07-09
CUST00231,Zashil Chaudhari,vidhinarayanan@example.com,+913149135775,Delhi,36,2023-12-20
CUST00232,Michael Patla,priya20@example.com,+913645257775,Jaipur,60,2024-03-08
CUST00233,Ikbal Gill,mandlogan@example.net,+914110809969,Surat,39,2023-05-31
CUST00234,Abha Zacharia,xdixit@example.com,+919427881658,Delhi,70,2023-02-18
CUST00235,Noah Varkey,sanayadutta@example.org,9275037314,Chennai,61,2023-08-17
CUST00236,Samuel Vasa,lipika77@example.org,+915184498926,Kolkata,32,2024-01-07
CUST00237,Faras Varughese,krisha38@example.com,05779082723,Chennai,27,2023-03-23
CUST00238,Siddharth Doctor,nakulpathak@example.net,1365177739,Mumbai,20,2023-05-05
CUST00239,Anthony Kohli,dattanaveen@example.org,8092024286,Chennai,48,2023-12-11
CUST00240,Bhanumati Chada,saumyasinha@example.com,+913692929842,Surat,67,2024-02-12
CUST00241,Sudiksha Biswas,kritikarajan@example.org,+910388629127,Delhi,47,2024-05-11
CUST00242,Yahvi Dalal,subramaniamkalpit@example.net,0686508637,Hyderabad,58,2024-03-16
CUST00243,Inaya Chaudhari,qdesai@example.com,+911498643009,Surat,30,2023-11-02
CUST00244,Keya Jha,nilima51@example.org,09448695946,Hyderabad,49,2024-02-27
CUST00245,Vasudha Gola,veda44@example.net,06213721386,Hyderabad,33,2024-03-14
CUST00246,Naveen Ramachandran,chandmaanav@example.com,6114351906,Bangalore,59,2024-05-26
CUST00247,Bhavini Bhandari,wardasarna@example.org,+918430988392,Mumbai,66,2024-01-18
CUST00248,William Acharya,gabrielmajumdar@example.com,06693801184,Delhi,67,2024-02-13
CUST00249,Idika Malhotra,robertsha@example.com,0426818184,Hyderabad,32,2023-08-03
CUST00250,Yochana Kurian,saanvi69@example.com,+915779071416,Bangalore,69,2023-12-28
CUST00251,Victor Mutti,hpandit@example.net,+914341651827,Jaipur,47,2023-07-20
CUST00252,Amruta Goswami,wishiiyengar@example.org,3433339521,Mumbai,53,2023-04-14
CUST00253,Waida Ahuja,subramaniamkamya@example.net,07947284639,Chennai,25,2023-04-18
CUST00254,Vanya Zachariah,thakkaridika@example.com,2718750036,Ahmedabad,26,2023-12-02
CUST00255,Janaki Lad,adyakhalsa@example.com,09552763655,Ahmedabad,60,2024-04-17
CUST00256,Shravya Gole,veerchaudhry@example.net,03866322702,Jaipur,53,2023-09-13
CUST00257,Zansi Walla,vidhi44@example.net,0612034717,Surat,38,2024-02-22
CUST00258,Jalsa Parsa,hemangini06@example.org,09399824558,Ahmedabad,57,2023-10-16
CUST00259,Farhan Raj,ubika22@example.net,06996112535,Jaipur,45,2023-07-22
CUST00260,Amara Rana,sai59@example.net,06220234132,Jaipur,46,2023-08-31
CUST00261,Devansh Solanki,balmekhala@example.net,+911492164334,Bangalore,65,2023-09-23
CUST00262,Karan Vyas,ayushbanerjee@example.net,05778487282,Ahmedabad,46,2023-12-07
CUST00263,Radhika Viswanathan,idika78@example.org,+917456424008,Kolkata,66,2024-03-29
CUST00264,Hemangini Mangat,awarrior@example.net,07406493085,Chennai,58,2023-05-18
CUST00265,Megha Krish,madhaviradhakrishnan@example.org,01638944846,Kolkata,67,2023-05-18
CUST00266,Qabil Deshpande,indrajit79@example.com,09735020802,Jaipur,49,2024-06-16
CUST00267,Amruta Dass,oanand@example.org,+910735647570,Chennai,35,2023-07-29
CUST00268,Daksh Lata,ibora@example.com,+913460136730,Ahmedabad,22,2023-05-24
CUST00269,Sathvik Solanki,umuni@example.org,0881474350,Kolkata,33,2024-04-22
CUST00270,Isaiah Keer,anair@example.org,09163009792,Kolkata,39,2023-08-18
CUST00271,Yuvraj Dugar,rchand@example.net,00052812735,Pune,52,2024-06-20
CUST00272,Reva Hans,purohitishita@example.net,+914077848739,Delhi,26,2023-05-17
CUST00273,Ekiya Sidhu,naveen18@example.org,04485708620,Bangalore,32,2023-12-21
CUST00274,William Nagi,yohannanlila@example.org,7829456511,Hyderabad,62,2023-11-03
CUST00275,Caleb Dayal,azadjaggi@example.org,03109678994,Bangalore,63,2023-03-09
CUST00276,Ekavir Arya,vyanjanabuch@example.com,0586509480,Chennai,22,2024-02-17
CUST00277,Faras Kalita,chaudhurivihaan@example.net,03383928861,Hyderabad,44,2024-03-04
CUST00278,Tara Sane,ganesanpranit@example.net,08528975585,Pune,52,2024-04-12
CUST00279,Qushi Naik,tanishprashad@example.net,4577600490,Ahmedabad,44,2023-10-31
CUST00280,Abeer Mital,tanishmurty@example.org,4888992107,Mumbai,31,2023-08-10
CUST00281,Alka Peri,virajkunda@example.com,+919693157279,Hyderabad,42,2024-03-31
CUST00282,Charita Barad,xbrar@example.org,05661390604,Surat,62,2023-11-03
CUST00283,Mason Narain,michaelbedi@example.net,6799813646,Mumbai,66,2023-04-28
CUST00284,Fitan Soni,rastogiadweta@example.org,08622783769,Surat,42,2023-05-22
CUST00285,Xavier Bora,qushi59@example.org,+916655355904,Ahmedabad,18,2023-05-09
CUST00286,Riya Dhingra,obasu@example.org,5211039240,Pune,37,2023-08-04
CUST00287,Dalaja Sengupta,vbajaj@example.org,8338848792,Hyderabad,44,2024-01-28
CUST00288,Krisha Vyas,kumeronkar@example.org,03940701645,Jaipur,65,2024-04-22
CUST00289,Brinda Raju,lajitatrivedi@example.net,+915798123878,Jaipur,69,2024-05-23
CUST00290,Balveer Kota,gauri76@example.net,+910555438404,Surat,32,2024-04-29
CUST00291,Ati Kar,haritaramaswamy@example.net,+911689363926,Ahmedabad,32,2024-06-15
CUST00292,Saumya Deep,lakshitjain@example.org,08262925188,Kolkata,45,2024-06-04
CUST00293,Qarin Nadkarni,ayushmannagar@example.com,04742312209,Ahmedabad,19,2023-12-20
CUST00294,Vincent Kashyap,parmerfariq@example.net,02897526772,Hyderabad,39,2023-05-06
CUST00295,Bachittar Rege,madannitara@example.org,3312797573,Hyderabad,64,2023-09-16
CUST00296,Lajita Munshi,hyadav@example.net,0817703886,Bangalore,47,2024-06-21
CUST00297,Lila Varty,guptabishakha@example.com,04472649082,Bangalore,57,2023-10-04
CUST00298,Gautam Tella,golekrishna@example.com,05702793714,Jaipur,19,2023-07-26
CUST00299,Jatin Chand,senguptajanani@example.org,6892686025,Hyderabad,55,2023-11-24
CUST00300,Nicholas Dhillon,charansaini@example.com,07421230940,Surat,60,2023-10-01
CUST00301,Abdul Tak,teerthsoni@example.com,07199038498,Mumbai,23,2024-03-31
CUST00302,Chandran Goyal,christopherpalla@example.org,+910994510162,Hyderabad,26,2023-05-05
CUST00303,Peter Shah,balendra14@example.com,06168147214,Ahmedabad,29,2023-07-28
CUST00304,Shaurya Kadakia,chopragagan@example.com,9469548995,Mumbai,34,2024-05-24
CUST00305,Zinal Tank,ngole@example.org,4301071396,Hyderabad,38,2023-09-09
CUST00306,Inaya Kala,jaggibaghyawati@example.com,+914488501556,Chennai,47,2024-02-12
CUST00307,Parth Hari,hamsini77@example.org,2727857608,Pune,39,2023-07-13
CUST00308,Anirudh Joshi,irya12@example.com,+915682996291,Hyderabad,35,2024-04-22
CUST00309,Divya Balay,odika17@example.org,07438421503,Hyderabad,34,2024-05-17
CUST00310,Yashawini Bakshi,jtella@example.org,07845218230,Delhi,48,2023-10-02
CUST00311,Aayush Mukhopadhyay,chahalgauri@example.com,+911840943533,Mumbai,65,2023-07-07
CUST00312,Ridhi Dalal,manthan24@example.org,+919881385854,Jaipur,21,2023-04-25
CUST00313,Yash Garg,mukhopadhyayhamsini@example.net,00207016016,Pune,32,2023-08-29
CUST00314,Ishani Muni,rudra81@example.com,2171747733,Delhi,67,2023-04-26
CUST00315,Januja Ramanathan,ganganair@example.com,00171577245,Mumbai,66,2023-12-14
CUST00316,Yashoda Chauhan,uchhabra@example.net,1487696393,Mumbai,33,2023-11-15
CUST00317,Leena Bhatti,sathvik96@example.com,5832197199,Chennai,19,2023-10-03
CUST00318,Sai Goda,nidra19@example.org,9657013290,Surat,27,2024-02-28
CUST00319,Sneha Wali,madhavi99@example.com,+913549465190,Chennai,26,2023-12-17
CUST00320,Joshua Menon,pinglechatresh@example.org,8514036965,Ahmedabad,60,2024-02-06
CUST00321,Lakshmi Saran,oscarsoman@example.org,+918656242201,Delhi,54,2024-01-05
CUST00322,Vidhi Sarkar,fradodevan@example.net,07969278687,Chennai,47,2023-08-25
CUST00323,Quincy Samra,tarawarjas@example.net,4689500975,Kolkata,67,2023-04-10
CUST00324,Fariq Dhar,udyati81@example.net,1371894905,Pune,28,2023-11-09
CUST00325,Upasna Setty,anarula@example.com,04209494079,Surat,56,2023-05-09
CUST00326,Bishakha Bala,vedhika12@example.net,+914429444019,Delhi,67,2023-05-11
CUST00327,Sanya Pingle,advikakeer@example.com,+918051292766,Bangalore,37,2023-06-12
CUST00328,Oliver Kade,chatura41@example.org,+917674783667,Delhi,55,2023-06-25
CUST00329,Advik Mani,rraja@example.com,0185694544,Mumbai,37,2024-03-22
CUST00330,Mahika Shenoy,robertvenkatesh@example.com,2580010618,Surat,61,2023-04-06
CUST00331,Indali Kanda,zayan30@example.org,1093911192,Hyderabad,43,2023-08-21
CUST00332,Indrajit Gour,chaitaly71@example.net,04654214066,Chennai,22,2023-07-30
CUST00333,Aarna Lanka,ridhiboase@example.com,+919627128639,Surat,62,2024-01-02
CUST00334,Aashi Chauhan,boraekavir@example.net,4707200642,Chennai,24,2024-01-31
CUST00335,Aarush Varma,bsridhar@example.com,1830671985,Kolkata,61,2023-07-30
CUST00336,Nandini Bhakta,pauharini@example.org,04328063461,Surat,69,2023-12-27
CUST00337,Vidhi Chad,igupta@example.org,+910937618478,Delhi,68,2024-06-12
CUST00338,Amol Bansal,daksh50@example.com,+913878293102,Surat,68,2023-10-16
CUST00339,Urishilla Bath,kalpitatwal@example.org,0417929111,Mumbai,40,2023-10-21
CUST00340,Dev Jain,znazareth@example.net,6519825309,Jaipur,45,2023-05-11
CUST00341,Jai Mahal,ojasviganguly@example.net,08273902196,Pune,22,2024-03-10
CUST00342,Vidhi Buch,amblepraneel@example.org,9467232487,Jaipur,59,2023-09-08
CUST00343,Baljiwan Gole,ochakrabarti@example.com,06083318195,Pune,18,2024-04-21
CUST00344,Ucchal Joshi,chatresh31@example.org,7722005436,Hyderabad,70,2023-06-19
CUST00345,Caleb Chawla,yogipatrick@example.org,+917811379956,Ahmedabad,24,2023-05-23
CUST00346,Victor Choudhary,vedant13@example.net,03631797062,Hyderabad,41,2023-06-01
CUST00347,Pranav Ram,laban73@example.net,04352090421,Ahmedabad,63,2024-04-16
CUST00348,Omya Garg,thomas49@example.org,9298316873,Bangalore,45,2023-12-07
CUST00349,Arya Atwal,pkoshy@example.com,09392906007,Bangalore,64,2024-02-16
CUST00350,Pavani Wali,zsrinivas@example.net,+917731806325,Jaipur,59,2023-07-11
CUST00351,Amol Srinivasan,neel79@example.net,0772625701,Kolkata,57,2023-08-25
CUST00352,Bachittar Minhas,smadan@example.net,9319508501,Jaipur,67,2023-08-24
CUST00353,Banjeet Pau,parth81@example.net,3253817933,Ahmedabad,47,2023-07-24
CUST00354,Yahvi Sampath,chatura15@example.com,07881788479,Hyderabad,70,2023-08-17
CUST00355,Raghav Shankar,buchmahika@example.org,01124127238,Surat,35,2024-06-05
CUST00356,Chaaya Saha,urvipalan@example.com,00431038569,Pune,33,2023-08-04
CUST00357,Vedika Wagle,tshankar@example.net,+914243754025,Delhi,35,2023-07-06
CUST00358,Naveen Wason,qabil22@example.org,+911059274523,Ahmedabad,33,2023-11-22
CUST00359,Edhitha Padmanabhan,kashishsen@example.net,+918410672752,Ahmedabad,54,2023-02-15
CUST00360,Chakrika Som,manan97@example.com,1702814069,Surat,60,2024-04-10
CUST00361,Ishanvi Chanda,christopher93@example.net,3430187186,Hyderabad,39,2023-05-21
CUST00362,Yasti Bhalla,mitali26@example.com,05045547813,Mumbai,49,2024-02-14
CUST00363,Ojasvi Savant,nihal66@example.org,9123478519,Pune,29,2024-02-28
CUST00364,Abeer Rout,oeshi28@example.com,9232648704,Ahmedabad,31,2024-04-07
CUST00365,Wakeeta Sheth,aviagate@example.org,04714627301,Pune,69,2024-03-03
CUST00366,Ekalinga Pathak,qsarin@example.net,7158904290,Kolkata,39,2023-04-27
CUST00367,Krishna Parikh,chatreshmahajan@example.com,05044818321,Kolkata,56,2023-12-11
CUST00368,Ekantika Mutti,anika51@example.net,5202845765,Kolkata,53,2024-05-21
CUST00369,Harsh Kamdar,yahvikant@example.org,9888167112,Mumbai,51,2024-05-22
CUST00370,Ijaya Muni,liam79@example.net,02401322342,Chennai,23,2023-05-29
CUST00371,Pavani Choudhury,bahlveda@example.com,+913108907140,Chennai,64,2023-03-18
CUST00372,Gopal Dasgupta,ryangoyal@example.net,00124955289,Hyderabad,49,2023-06-14
CUST00373,Hardik Atwal,rehaanmanda@example.org,0138759271,Jaipur,66,2023-05-14
CUST00374,Ladli Samra,yoshitakari@example.com,+915171827548,Chennai,62,2024-02-11
CUST00375,Falak Tak,rajanbhanumati@example.com,4738646317,Ahmedabad,59,2024-05-30
CUST00376,Praneel Arya,zcheema@example.com,1126691215,Ahmedabad,46,2024-06-17
CUST00377,Sai Raval,kaulpanini@example.net,04994657967,Mumbai,23,2023-10-28
CUST00378,Suhani Chokshi,krishnavrishti@example.com,+912010170269,Kolkata,32,2024-01-20
CUST00379,Chavvi Char,venkateshwaida@example.com,+914778485880,Hyderabad,62,2024-06-06
CUST00380,Qushi Dani,usengupta@example.com,07002842762,Chennai,37,2023-07-20
CUST00381,Vinaya Choudhary,kzacharia@example.com,08280647969,Surat,41,2024-01-19
CUST00382,Ekani Bhat,bathkabir@example.com,09056165565,Ahmedabad,53,2023-03-13
CUST00383,Yug Keer,frado14@example.org,02085076986,Jaipur,40,2023-06-27
CUST00384,Anthony Nadig,uramakrishnan@example.net,+917135785294,Hyderabad,65,2023-08-14
CUST00385,Saksham Taneja,wasontanish@example.com,00496391919,Jaipur,39,2023-08-01
CUST00386,Vaishnavi Sane,idikabose@example.net,08468536649,Pune,62,2023-10-30
CUST00387,Anirudh Varty,xalakkala@example.net,7489690835,Ahmedabad,35,2023-10-03
CUST00388,Matthew Mital,uroy@example.org,3644249363,Kolkata,34,2023-04-11
CUST00389,Ayaan Korpal,ucchal78@example.com,00324204482,Chennai,25,2024-01-03
CUST00390,Vedika Bahri,chackodipta@example.net,01651623198,Chennai,38,2024-05-27
CUST00391,Watika Chana,jasonmunshi@example.com,6363212347,Delhi,65,2023-09-06
CUST00392,Vritti Walla,isaiah58@example.com,03425754090,Jaipur,66,2024-04-11
CUST00393,Wriddhish Kulkarni,omore@example.net,01837606441,Bangalore,30,2024-05-28
CUST00394,Chameli Kade,revanadig@example.net,00417765612,Chennai,65,2024-01-30
CUST00395,Indira Salvi,sudiksha00@example.net,2720634591,Ahmedabad,35,2023-04-09
CUST00396,Zaitra De,cnagarajan@example.com,2429543165,Surat,66,2023-05-15
CUST00397,Udarsh Bail,karnikgaurav@example.com,+914206969421,Jaipur,56,2024-06-08
CUST00398,Jacob Atwal,rsetty@example.com,+913334476263,Kolkata,24,2023-12-11
CUST00399,Ranbir Sahota,nilimadhingra@example.org,04397359710,Chennai,36,2023-10-06
CUST00400,Mitali Kala,vsampath@example.net,01180053759,Chennai,41,2024-05-30
CUST00401,Abdul Kulkarni,zmittal@example.net,02809242875,Bangalore,37,2024-04-29
CUST00402,Gaurav Nadig,qdhar@example.org,00274564494,Mumbai,63,2023-10-31
CUST00403,Nitesh Mutti,jdora@example.net,7032032074,Jaipur,26,2023-05-06
CUST00404,Rajata D’Alia,cbaria@example.com,8777121513,Kolkata,20,2024-04-24
CUST00405,Om Trivedi,simon90@example.net,2613715041,Mumbai,53,2023-08-30
CUST00406,Ekiya Dube,bumbtriveni@example.net,7749050975,Kolkata,62,2024-06-03
CUST00407,Siddharth Bava,ekantika01@example.net,6164236103,Bangalore,58,2023-05-05
CUST00408,Bhavani Dube,misravritti@example.com,4925158377,Ahmedabad,24,2024-05-03
CUST00409,Amrita Sampath,samijyoti@example.net,+916610857327,Mumbai,54,2023-11-05
CUST00410,Bina Sidhu,zbuch@example.com,02243864908,Kolkata,48,2023-03-23
CUST00411,Yochana Chokshi,gsachar@example.com,9454918017,Ahmedabad,46,2023-05-14
CUST00412,Maya Bath,sahachameli@example.com,7794523219,Pune,29,2023-06-23
CUST00413,Radha Warrior,ahluwaliamegha@example.org,+912776974995,Mumbai,34,2024-01-26
CUST00414,Chasmum Chahal,krishnaatwal@example.org,+910303723683,Ahmedabad,25,2023-03-28
CUST00415,Manbir Som,hbains@example.org,+917770793349,Delhi,43,2024-04-05
CUST00416,Charan Nath,chauhanrachana@example.com,09984076789,Ahmedabad,22,2024-02-12
CUST00417,Vincent Bhat,samidiya@example.net,+914671795760,Surat,58,2023-05-05
CUST00418,Upasna Padmanabhan,gkata@example.org,5972466572,Mumbai,27,2023-12-22
CUST00419,Gabriel Subramanian,oscariyengar@example.org,7167433800,Bangalore,69,2023-08-12
CUST00420,Ishanvi Dutt,yahvibalay@example.org,06193183745,Surat,37,2024-03-13
CUST00421,Amara Dora,bediraksha@example.com,+911991808121,Delhi,33,2024-04-26
CUST00422,Naksh Master,ftoor@example.net,+912552137603,Delhi,53,2024-04-07
CUST00423,Harita Mangat,fredericklata@example.com,6532863266,Hyderabad,56,2024-05-19
CUST00424,Zaitra Pathak,savantmadhav@example.org,8115562606,Surat,68,2024-02-29
CUST00425,Dalbir Venkatesh,oni68@example.com,5504892673,Surat,32,2024-05-04
CUST00426,Hemani Ravel,charvichad@example.org,5628843188,Jaipur,42,2023-07-20
CUST00427,Nathaniel Bajaj,zachariaaarna@example.org,06810548510,Ahmedabad,46,2024-02-28
CUST00428,Saumya Misra,settyharinakshi@example.org,9989354492,Kolkata,55,2024-02-07
CUST00429,Henry Narang,jalsasha@example.org,+916611062737,Hyderabad,37,2023-03-24
CUST00430,Zilmil Rana,wishi67@example.net,06228277288,Surat,57,2023-04-13
CUST00431,Tamanna Solanki,dugarkala@example.org,6115940821,Mumbai,57,2023-08-18
CUST00432,Chavvi Menon,ybala@example.org,+919604432701,Delhi,66,2023-11-15
CUST00433,Chaitanya Sahni,kmukherjee@example.com,06792287772,Chennai,58,2024-04-23
CUST00434,Gaurav Rout,zkaul@example.com,0741209481,Chennai,34,2024-01-02
CUST00435,Reyansh Bera,vamakshithakkar@example.org,+918204339718,Delhi,28,2023-12-15
CUST00436,Chakradev Swamy,oakrajeshri@example.org,00856411182,Chennai,29,2023-07-06
CUST00437,Aadhya Chakraborty,damyantireddy@example.net,+910952004615,Jaipur,22,2023-04-25
CUST00438,Aarna Prashad,bensamaksh@example.org,9378861405,Bangalore,18,2023-10-04
CUST00439,Dominic Sule,reddyvivaan@example.org,08913824967,Hyderabad,46,2023-03-27
CUST00440,Lucky Prakash,yatanyogi@example.com,7007942007,Surat,48,2023-06-30
CUST00441,Lajita Panchal,yashvimanda@example.org,+918914161284,Kolkata,20,2024-04-29
CUST00442,Yamini Nadkarni,advika74@example.org,5537950209,Chennai,36,2023-10-10
CUST00443,Oscar Sachdev,iramaswamy@example.org,1807156956,Kolkata,62,2023-05-13
CUST00444,Jeet Shere,reyansh70@example.org,0453194337,Ahmedabad,22,2024-06-13
CUST00445,Avni Tailor,abhimanyuhayre@example.net,01498728399,Chennai,34,2023-11-24
CUST00446,Kabir Bhattacharyya,aashikari@example.net,4308948706,Surat,60,2024-01-01
CUST00447,Ekantika Sankaran,hmahal@example.net,7758030468,Chennai,45,2023-09-26
CUST00448,Manya Hayer,finn90@example.net,+916133254110,Delhi,52,2023-10-12
CUST00449,Gaurika Krishna,hritiksolanki@example.org,00583199717,Chennai,59,2023-12-01
CUST00450,Darsh Bandi,smunshi@example.org,+910704961108,Bangalore,35,2023-03-11
CUST00451,Neelima Char,mkaul@example.net,0767699150,Bangalore,22,2023-09-29
CUST00452,Reyansh Chokshi,aroraekansh@example.net,+919284567972,Mumbai,28,2023-06-15
CUST00453,Darpan Datta,rajata85@example.com,8227495450,Kolkata,56,2023-10-31
CUST00454,Dakshesh Khanna,samihemangini@example.org,+913153779599,Surat,36,2024-06-11
CUST00455,Omya Narasimhan,henrysha@example.org,03033793375,Ahmedabad,25,2024-03-25
CUST00456,Samesh Ratta,abeerpatil@example.org,+915081247395,Ahmedabad,62,2023-03-07
CUST00457,Rushil Hora,owen34@example.net,+915832302410,Kolkata,62,2024-04-06
CUST00458,Ladli Choudhry,shivansh47@example.org,05289611223,Hyderabad,35,2023-05-20
CUST00459,Kavya Nadkarni,ckonda@example.net,3842530428,Jaipur,52,2024-06-14
CUST00460,Shaurya Bumb,kbhattacharyya@example.net,08578725587,Ahmedabad,46,2024-02-07
CUST00461,Urvi Loyal,nbansal@example.org,+917363466925,Delhi,56,2023-06-21
CUST00462,Krish Chad,sai85@example.org,0789567766,Mumbai,45,2023-08-16
CUST00463,Edhitha Mahajan,lbakshi@example.com,+914151488814,Pune,56,2024-05-24
CUST00464,Jagat Bora,balvan83@example.com,+915444392840,Kolkata,19,2024-03-06
CUST00465,Hiral Raval,earora@example.net,2633373898,Delhi,32,2024-02-29
CUST00466,Harini Chada,raghav66@example.org,07805292407,Surat,55,2024-03-26
CUST00467,Harinakshi Kar,rsandal@example.com,8459090225,Mumbai,66,2023-11-25
CUST00468,Lakshmi Jayaraman,ibhatt@example.com,+917159741218,Kolkata,54,2023-05-13
CUST00469,Avi Grover,ekarajraju@example.com,+913481705802,Mumbai,66,2023-07-27
CUST00470,Mahika Dugar,dayalomya@example.com,1632346729,Bangalore,48,2023-11-29
CUST00471,Samaksh Thakkar,mmajumdar@example.org,+917169385977,Jaipur,59,2023-10-03
CUST00472,Gavin Mani,spalan@example.net,06926329676,Ahmedabad,35,2024-05-16
CUST00473,Girish Ramaswamy,khatrinakul@example.com,8413768151,Bangalore,55,2024-02-27
CUST00474,Nimrat Seshadri,zayyanjohal@example.net,+917017656360,Hyderabad,58,2023-02-18
CUST00475,Laban Narain,dsundaram@example.org,+918372742209,Ahmedabad,23,2023-04-04
CUST00476,Jeet Warrior,eganguly@example.net,+914275230837,Ahmedabad,40,2024-01-29
CUST00477,Madhavi Morar,mben@example.org,+916335331060,Hyderabad,39,2024-06-24
CUST00478,Rehaan Bhatnagar,gopalganesh@example.net,+910681558393,Pune,60,2024-05-27
CUST00479,Priya Dara,tanaycherian@example.com,02065063731,Delhi,28,2024-01-09
CUST00480,Jyoti Bassi,kamdarnirja@example.com,7189241956,Pune,44,2024-01-19
CUST00481,Gaurangi Gill,vasatika15@example.org,9768389030,Ahmedabad,36,2023-12-20
CUST00482,Dayamai Khalsa,nkohli@example.org,+912574326303,Hyderabad,70,2024-05-22
CUST00483,Falguni Desai,eesha08@example.com,4035533803,Jaipur,20,2024-03-22
CUST00484,Lakshmi Verma,qadim70@example.org,01302321298,Ahmedabad,23,2024-04-06
CUST00485,Warinder Tripathi,sandhuunni@example.com,+913362934497,Pune,34,2024-06-13
CUST00486,Anita Srivastava,parsamitali@example.com,+917768962706,Pune,25,2023-09-15
CUST00487,Charita Yogi,parthkurian@example.com,04746897152,Hyderabad,50,2024-02-07
CUST00488,Mohammed Gupta,aryaxiti@example.net,5766656749,Mumbai,60,2023-03-20
CUST00489,Jeet Rajan,rishisarin@example.com,5875066337,Jaipur,47,2023-03-02
CUST00490,Ayaan Divan,tamanna24@example.org,9201166918,Hyderabad,21,2024-05-15
CUST00491,Noah Sane,chasmum88@example.net,09461195243,Chennai,51,2024-05-25
CUST00492,Darika Ahuja,vyanjanaagarwal@example.org,+916864622522,Pune,57,2023-05-23
CUST00493,Yadavi Choudhary,lkala@example.org,+912346791214,Ahmedabad,58,2023-03-28
CUST00494,Aradhana Bhatt,ayushman93@example.com,01004090138,Ahmedabad,66,2024-03-17
CUST00495,Zinal Lata,wsolanki@example.com,6555535669,Mumbai,31,2023-03-13
CUST00496,Ganga Chaudhry,shanneelima@example.net,+910918435797,Kolkata,53,2023-10-30
CUST00497,Aarush Nagy,parsachakradev@example.net,07397691567,Bangalore,36,2024-06-23
CUST00498,Lekha Memon,lukevenkatesh@example.net,8027148727,Ahmedabad,62,2024-06-07
CUST00499,Wridesh Kohli,onkarchakraborty@example.org,00256434712,Ahmedabad,25,2024-05-22
CUST00500,Gautam Natarajan,dhruvoza@example.com,6863341411,Mumbai,58,2023-03-29
CUST00501,Jack Pillai,dhritirai@example.net,0409836655,Surat,69,2024-03-20
CUST00502,Zinal Kapadia,ranaaditya@example.net,05243772942,Chennai,63,2024-02-23
CUST00503,Ekaja More,mahalvanya@example.net,+917460523302,Bangalore,37,2024-04-18
CUST00504,Chandani Dutta,ramanathangeetika@example.com,7566184438,Jaipur,18,2023-08-30
CUST00505,Ekiya Bhagat,tanvi29@example.org,07423330591,Jaipur,44,2024-01-20
CUST00506,Krisha Sane,dakshchar@example.com,02018596263,Delhi,32,2023-03-02
CUST00507,Mekhala Suresh,orinder61@example.com,6475011117,Delhi,47,2024-01-01
CUST00508,Arin Srinivasan,girindra92@example.com,06492151826,Delhi,59,2024-03-27
CUST00509,Meera Yadav,hbhatt@example.net,1312920875,Bangalore,49,2023-04-15
CUST00510,Samuel Edwin,kundabakhshi@example.org,+918458260340,Kolkata,50,2024-06-02
CUST00511,Sai Dey,hmunshi@example.com,8831030324,Kolkata,44,2024-04-18
CUST00512,Krish Kalita,arunima29@example.com,+918446267146,Ahmedabad,48,2024-05-30
CUST00513,Samar Bobal,reyansh59@example.net,8926256609,Chennai,47,2023-06-17
CUST00514,Jeet Wali,raydominic@example.com,1554234016,Jaipur,27,2024-06-19
CUST00515,Kritika Cheema,gilldamini@example.net,01859484910,Hyderabad,30,2023-05-09
CUST00516,Pratyush Pai,lsood@example.org,00822269405,Surat,50,2024-02-03
CUST00517,Omya Shankar,revapandya@example.com,4468341465,Bangalore,22,2024-04-13
CUST00518,Faraj Khatri,gandhidakshesh@example.org,4870682778,Kolkata,67,2024-01-23
CUST00519,Nidra Atwal,abhimanyusandal@example.net,5389097283,Hyderabad,39,2023-05-11
CUST00520,Kiaan Varkey,charan67@example.com,+915153814474,Jaipur,35,2023-06-26
CUST00521,Meera Kalla,yutika07@example.net,00509754510,Mumbai,36,2023-08-07
CUST00522,Neelima Pant,chaudhuriraagini@example.com,+911882617024,Kolkata,55,2023-06-06
CUST00523,Kavya Mistry,priya28@example.com,+917722560531,Surat,60,2023-05-19
CUST00524,Kiaan Rana,cnarula@example.org,3741678725,Ahmedabad,27,2024-02-25
CUST00525,Yachana Ramachandran,imaranchokshi@example.org,+912580305690,Ahmedabad,52,2023-09-19
CUST00526,Baghyawati Sunder,sanghviyug@example.net,+918234143637,Ahmedabad,40,2024-02-03
CUST00527,Yadavi Golla,manthankarnik@example.org,+916043260931,Pune,53,2024-04-22
CUST00528,Nikita Vohra,vihaan35@example.com,00860414545,Jaipur,42,2024-02-05
CUST00529,Ekaja Batta,banjeetacharya@example.org,5347491624,Ahmedabad,38,2024-06-04
CUST00530,Gaurika Modi,chatterjeeagastya@example.net,2555989534,Chennai,62,2023-05-29
CUST00531,Gagan Cherian,jaibarman@example.net,3371189547,Chennai,54,2024-06-24
CUST00532,Mitesh Bassi,rehaansahota@example.net,4855716176,Hyderabad,32,2023-11-03
CUST00533,Ojas Mahal,bimalabath@example.net,+913678812786,Hyderabad,20,2023-11-22
CUST00534,Nandini Magar,qarinaggarwal@example.org,3908788443,Pune,65,2023-07-12
CUST00535,Jagat Garg,chakradevwalla@example.org,00242403381,Ahmedabad,63,2023-02-13
CUST00536,Jyoti Nair,lallakiaan@example.com,4500534240,Hyderabad,42,2023-11-10
CUST00537,Lavanya Kurian,riyakannan@example.com,03962736527,Bangalore,49,2023-04-01
CUST00538,Tripti Goyal,ranbirswaminathan@example.net,+914042269312,Mumbai,26,2023-03-21
CUST00539,Suhani Rau,vyaslaksh@example.net,+919166010023,Jaipur,55,2024-03-06
CUST00540,Luke Arya,cherianhamsini@example.net,+913279724572,Pune,24,2023-06-15
CUST00541,Jatin Bail,chauhanchaman@example.org,6203036625,Ahmedabad,24,2024-01-08
CUST00542,Leena Chowdhury,hgara@example.org,+914519515109,Jaipur,47,2023-04-30
CUST00543,Gaurika Golla,qdoctor@example.net,09451475410,Mumbai,64,2024-04-21
CUST00544,Manan Nagarajan,madhavisekhon@example.net,01196421522,Bangalore,44,2024-03-05
CUST00545,Eiravati Talwar,ssrivastava@example.com,5236687887,Bangalore,22,2023-11-07
CUST00546,Leena Chacko,kvyas@example.net,3135030587,Ahmedabad,68,2024-06-08
CUST00547,Darpan Palla,liam47@example.org,6333021260,Kolkata,39,2024-01-29
CUST00548,Kamya Bhagat,borahvansha@example.net,+910252131096,Surat,62,2023-04-29
CUST00549,Upma Dey,upma65@example.com,0412009282,Hyderabad,59,2023-02-18
CUST00550,Suhani Kuruvilla,utkarsh62@example.com,+918623690362,Delhi,39,2024-04-01
CUST00551,Upadhriti Sood,nidhi62@example.org,06341115950,Jaipur,42,2023-06-13
CUST00552,Hredhaan Bhattacharyya,advaymore@example.org,3034199097,Pune,58,2023-03-07
CUST00553,Girik More,parikhbarkha@example.com,3565215681,Ahmedabad,52,2023-10-23
CUST00554,Arjun Raja,sbarad@example.org,+917113322889,Mumbai,57,2024-01-06
CUST00555,Sara Deep,bina59@example.com,+916339912971,Delhi,33,2024-03-23
CUST00556,Dayamai Chahal,dchandra@example.com,+914214955112,Kolkata,32,2024-02-05
CUST00557,Aarna Solanki,riya21@example.net,00546692758,Delhi,45,2024-04-12
CUST00558,Kashvi Chacko,ctoor@example.com,0903802146,Delhi,66,2023-05-03
CUST00559,Elijah Kapoor,qshere@example.org,07787112166,Delhi,46,2023-05-24
CUST00560,Dhruv Nadig,vedika37@example.org,07082723590,Bangalore,62,2024-06-23
CUST00561,David Pathak,nsolanki@example.org,+910644212146,Kolkata,19,2023-03-26
CUST00562,Oni Vohra,aashigour@example.org,+916542356778,Mumbai,38,2024-01-25
CUST00563,Rajeshri Pant,janne@example.net,+911992550272,Mumbai,36,2023-10-22
CUST00564,Ishaan Ray,aarush72@example.net,09103368296,Pune,41,2023-06-01
CUST00565,Rayaan Atwal,januja04@example.com,1776655868,Hyderabad,27,2024-06-16
CUST00566,Ishaan Goda,xsangha@example.org,9286646491,Chennai,51,2024-06-27
CUST00567,Gaurav Babu,fchawla@example.net,8178904633,Hyderabad,54,2024-03-09
CUST00568,Ishwar Hayre,wdash@example.com,06053844446,Bangalore,28,2024-01-17
CUST00569,Oeshi Bali,balmitesh@example.com,9552963863,Bangalore,23,2023-12-19
CUST00570,Charan Sanghvi,madhavighose@example.com,08263128196,Surat,42,2024-04-12
CUST00571,Nathan Naidu,girikchander@example.org,00920981960,Surat,61,2024-02-21
CUST00572,Sudiksha Parmar,wriddhishkapadia@example.com,+918364041209,Chennai,49,2024-04-24
CUST00573,Tripti Das,dharbarkha@example.com,+911175361706,Surat,27,2023-03-22
CUST00574,Shivansh Saini,omurthy@example.com,+912402990155,Chennai,47,2023-10-14
CUST00575,Nathan Vig,jairaj39@example.org,0882351305,Kolkata,47,2023-04-23
CUST00576,Jonathan Loyal,vasatika31@example.com,8477686342,Kolkata,60,2023-05-23
CUST00577,Maya Chauhan,noah37@example.com,06945919663,Mumbai,69,2023-11-25
CUST00578,Devansh Sengupta,bahadurjitvaidya@example.com,6498560125,Ahmedabad,36,2023-09-16
CUST00579,Ishita Korpal,kalekamya@example.com,+915105053795,Jaipur,28,2024-05-10
CUST00580,Lekha Mander,teerthchauhan@example.net,09196655330,Delhi,46,2024-03-22
CUST00581,Chakradhar Maharaj,hdar@example.com,+919596390409,Pune,55,2024-06-23
CUST00582,Bhavani Deep,ibansal@example.net,+915017164455,Kolkata,58,2023-09-02
CUST00583,Wakeeta Batta,smisra@example.com,01591030021,Hyderabad,62,2024-06-26
CUST00584,Upkaar Garde,halderjyoti@example.net,+910401041459,Kolkata,47,2024-03-17
CUST00585,Anamika Garde,trivenidar@example.org,02967188397,Kolkata,30,2024-01-11
CUST00586,Ekanta Subramanian,georgelalla@example.com,1583311703,Hyderabad,48,2023-02-19
CUST00587,Upadhriti Rajan,vinayacheema@example.com,+919885472812,Delhi,33,2023-06-03
CUST00588,Lekha Sethi,mugdhaguha@example.org,06249127113,Hyderabad,54,2023-02-21
CUST00589,Rachit Loke,sonisneha@example.com,01815632686,Pune,54,2023-10-26
CUST00590,Ridhi Mahajan,guneet06@example.net,03436294897,Kolkata,62,2023-10-31
CUST00591,Chandresh Kothari,kandaishwar@example.org,+919431814396,Kolkata,19,2023-08-29
CUST00592,Thomas Loyal,kjha@example.org,04940128974,Hyderabad,35,2024-04-16
CUST00593,Onkar Murty,ganesanrachit@example.com,02076502412,Mumbai,54,2024-01-20
CUST00594,Indira Som,sureshyug@example.com,+910094388221,Mumbai,56,2023-04-04
CUST00595,Sneha Swaminathan,aarini74@example.com,00545897148,Ahmedabad,36,2024-02-14
CUST00596,Manbir Roy,luckyparikh@example.com,+913965313614,Chennai,56,2024-04-29
CUST00597,Parth Lanka,garima69@example.com,04309859167,Pune,32,2023-11-25
CUST00598,Bhavya Choudhary,taramanan@example.com,2849824741,Chennai,57,2024-03-21
CUST00599,Sudiksha Baria,barkhadasgupta@example.org,04065004254,Kolkata,61,2024-03-13
CUST00600,Gabriel Madan,ronithsankaran@example.net,+914307536661,Bangalore,58,2024-05-07
CUST00601,Deepa Ghose,znaidu@example.net,+913426834414,Delhi,58,2023-11-25
CUST00602,Qadim Prashad,ichar@example.net,05857567667,Mumbai,37,2023-02-26
CUST00603,Oviya Chakrabarti,chasmumkibe@example.net,5298940626,Ahmedabad,20,2024-01-16
CUST00604,Zarna Sharma,chadchristopher@example.com,1591497501,Surat,41,2024-02-20
CUST00605,Samarth Varty,warhideshpande@example.org,2440793110,Bangalore,23,2023-04-30
CUST00606,Zinal Chatterjee,samarthchawla@example.com,+918760146723,Kolkata,38,2024-04-11
CUST00607,Reva Dasgupta,odhingra@example.org,+912328837744,Hyderabad,29,2024-01-14
CUST00608,Jhalak Maharaj,sraju@example.org,06620471960,Chennai,26,2023-12-02
CUST00609,Sai Basak,liam77@example.com,+912588358681,Jaipur,41,2023-05-11
CUST00610,Indira Nori,rdey@example.net,06176792988,Jaipur,50,2023-06-23
CUST00611,Ijaya Raval,bathayushman@example.net,+913117753312,Kolkata,28,2024-02-14
CUST00612,Osha Bhatt,krishnaishwar@example.org,1759025176,Kolkata,70,2023-04-21
CUST00613,Rohan Krishnan,rsarma@example.com,+913268319013,Ahmedabad,69,2023-03-01
CUST00614,Abdul Parsa,vbora@example.org,8733978559,Kolkata,65,2024-05-10
CUST00615,Ekalinga Sarna,epuri@example.net,+912841173098,Pune,69,2023-07-29
CUST00616,Bimala Krishnamurthy,eparmar@example.org,01893898469,Delhi,47,2023-03-13
CUST00617,Urishilla Lall,balihamsini@example.com,03502385037,Delhi,27,2023-03-21
CUST00618,Hiral Bobal,jbuch@example.com,+914010783567,Chennai,61,2023-07-15
CUST00619,Ansh Bhakta,hayreladli@example.net,0870662668,Hyderabad,69,2023-04-23
CUST00620,Jacob Pillai,rishi56@example.org,+913190368900,Jaipur,41,2024-04-27
CUST00621,Dakshesh Bose,datereva@example.org,00559342967,Delhi,68,2024-01-09
CUST00622,Faraj Krishna,wardaparikh@example.org,04584384588,Hyderabad,18,2023-04-06
CUST00623,Nirja Sunder,farhan32@example.net,+914831520377,Kolkata,52,2024-06-06
CUST00624,Wishi Bandi,arunima96@example.com,+910496706670,Delhi,47,2023-06-05
CUST00625,Qarin Sankar,modyazad@example.net,00954930596,Pune,61,2024-04-23
CUST00626,Ikbal Rama,ubika69@example.net,8426732044,Kolkata,55,2023-03-28
CUST00627,Chakrika Nazareth,nbarad@example.com,04490149542,Hyderabad,70,2023-09-24
CUST00628,Ria Andra,wbansal@example.com,8360914985,Pune,24,2024-06-06
CUST00629,Pranit Kuruvilla,aashi72@example.org,2290310287,Chennai,48,2023-12-01
CUST00630,Vedant Bhat,aarini05@example.net,0935118718,Mumbai,57,2023-03-23
CUST00631,Eshana Prabhu,pbora@example.com,02059556574,Jaipur,38,2023-12-22
CUST00632,Jyoti Basu,mason90@example.org,3588953690,Surat,32,2024-01-09
CUST00633,Lakshmi Brar,kapuryahvi@example.net,8681809788,Delhi,58,2023-09-22
CUST00634,Robert Memon,falgunikibe@example.com,+917513765158,Ahmedabad,62,2023-10-25
CUST00635,Veda Karpe,osahota@example.net,+918369294455,Kolkata,59,2023-04-13
CUST00636,Oviya Tiwari,wardahora@example.org,00216487120,Hyderabad,25,2024-04-07
CUST00637,Ojas Bora,yutikawagle@example.com,05268341559,Bangalore,20,2023-12-16
CUST00638,Chakradev Borah,saumya67@example.net,04722981209,Mumbai,37,2023-12-08
CUST00639,Ladli Nagi,ggoda@example.net,4134750988,Ahmedabad,25,2023-12-01
CUST00640,Bhavika Naidu,wnagar@example.org,+910368499515,Delhi,33,2023-07-06
CUST00641,Bhavna Mahal,osarna@example.org,04913421388,Jaipur,26,2024-02-27
CUST00642,Balveer Zacharia,abeersuresh@example.org,03496782741,Hyderabad,47,2024-02-08
CUST00643,Sai Sankaran,flall@example.org,01513152854,Pune,60,2023-09-29
CUST00644,Divya Barad,tchaudhry@example.net,03800329633,Jaipur,44,2023-06-26
CUST00645,Vedhika Grover,imandal@example.org,1830617893,Surat,65,2024-02-05
CUST00646,Omya Lall,okeer@example.com,08243477695,Bangalore,44,2023-11-13
CUST00647,Gopal Kanda,manioni@example.com,03612751562,Delhi,49,2024-03-08
CUST00648,Vrinda Sabharwal,ayushmannan@example.com,3608545667,Surat,44,2023-09-14
CUST00649,Chatura Loyal,vkanda@example.net,+914763928319,Kolkata,20,2023-12-17
CUST00650,Anmol Bail,xchana@example.net,05810835832,Pune,31,2024-04-09
CUST00651,Veer Mannan,kashvinarula@example.com,+918300081867,Ahmedabad,46,2023-03-06
CUST00652,Charvi Bajwa,yugbandi@example.com,1662411186,Chennai,41,2023-02-23
CUST00653,Girish Raman,devikanaik@example.com,0447314976,Delhi,61,2023-07-09
CUST00654,Tristan Ray,vasudha48@example.net,+916076581739,Pune,52,2024-06-17
CUST00655,Vincent Sekhon,vansha91@example.net,05211823793,Pune,21,2023-03-27
CUST00656,Urvashi Virk,danieltak@example.com,04520599604,Hyderabad,35,2024-01-26
CUST00657,Xalak Munshi,ekantashenoy@example.net,08811616202,Chennai,25,2023-11-01
CUST00658,Ojas Hora,ccomar@example.com,02872866041,Ahmedabad,23,2023-09-20
CUST00659,Anika Virk,kamya92@example.org,08395894773,Chennai,59,2024-05-28
CUST00660,Nitesh Viswanathan,uanne@example.com,+912710433187,Surat,19,2023-07-29
CUST00661,Upadhriti Dugar,pallaupkaar@example.com,0344694596,Mumbai,68,2024-05-27
CUST00662,Faras Dua,kalitaati@example.org,09128965999,Pune,33,2023-07-02
CUST00663,Shaurya Ganguly,katatarak@example.org,2227051028,Bangalore,68,2024-03-25
CUST00664,Urmi Narain,xiti13@example.net,06675485819,Surat,31,2024-04-11
CUST00665,Arunima Dhar,fsathe@example.net,01865205756,Delhi,66,2023-05-31
CUST00666,Lavanya Prasad,advaithhayre@example.com,08309451548,Jaipur,31,2024-05-21
CUST00667,Bahadurjit Maharaj,crao@example.net,4409079772,Surat,31,2023-10-09
CUST00668,Balvan Pingle,duapeter@example.org,+916107051843,Chennai,39,2024-01-08
CUST00669,Gaurangi Nadig,jeevikavarty@example.org,6601382412,Bangalore,68,2023-09-24
CUST00670,Rushil Tiwari,oghose@example.net,+914485157919,Surat,18,2024-05-25
CUST00671,Jackson Chana,gabrielgrewal@example.com,0203571343,Kolkata,27,2024-02-23
CUST00672,Dayita Bera,lmangat@example.com,+919563343244,Bangalore,52,2024-01-29
CUST00673,George Suri,januja58@example.com,2096289365,Kolkata,69,2024-01-03
CUST00674,Sarthak Oommen,gautam83@example.com,+917401827279,Bangalore,25,2023-07-25
CUST00675,Bahadurjit Naidu,parmerabhiram@example.org,07551254278,Mumbai,26,2023-05-17
CUST00676,Reva Shan,erastogi@example.org,05957640381,Mumbai,40,2023-09-12
CUST00677,Nandini Balakrishnan,yauvaniganesan@example.com,8392250142,Chennai,55,2024-03-22
CUST00678,Meghana Gandhi,qacharya@example.org,+912441233613,Pune,19,2023-05-01
CUST00679,Abdul Sood,hemanginichaudhry@example.com,6376731625,Bangalore,34,2024-03-02
CUST00680,Mugdha Narain,panini96@example.net,+915790392355,Mumbai,26,2023-08-02
CUST00681,Mitali Brahmbhatt,lakshittata@example.org,+913461562624,Hyderabad,51,2023-07-19
CUST00682,Bakhshi Lal,kgola@example.com,8171516025,Delhi,65,2023-04-18
CUST00683,Suhani Apte,bratti@example.org,06419785758,Delhi,48,2024-06-15
CUST00684,Praneel Samra,jbuch@example.org,09438976074,Ahmedabad,67,2023-03-05
CUST00685,Triveni Peri,pinglezayyan@example.com,04084245607,Pune,50,2023-07-26
CUST00686,Isaac Parikh,walimeghana@example.org,+911812276457,Surat,24,2024-01-25
CUST00687,Tara Baria,narainkashish@example.org,+919168154660,Ahmedabad,50,2023-05-16
CUST00688,Fariq Sant,handaadvika@example.com,8830597364,Chennai,57,2024-02-23
CUST00689,Aradhana Thaker,rastogipratyush@example.net,04063062447,Mumbai,64,2023-12-11
CUST00690,Gunbir Kant,andrewnair@example.org,+919497969586,Jaipur,37,2023-10-10
CUST00691,Hemal Oak,hiral72@example.com,7382646091,Ahmedabad,59,2023-12-27
CUST00692,Fiyaz Johal,daksha45@example.com,7029929596,Mumbai,21,2023-09-09
CUST00693,Bhanumati Swaminathan,keyayogi@example.org,09116331942,Ahmedabad,43,2024-04-23
CUST00694,Nilima Pandey,omyamallick@example.com,01588863677,Hyderabad,61,2023-07-07
CUST00695,Naksh Goel,amani@example.net,07216966630,Delhi,49,2023-12-21
CUST00696,Yahvi Buch,ubajaj@example.net,+912971509688,Ahmedabad,22,2024-04-22
CUST00697,Tanvi Pillay,parthsodhi@example.net,+915241039773,Delhi,38,2024-01-22
CUST00698,Wyatt Goel,ptella@example.org,5237100687,Surat,27,2024-04-21
CUST00699,Omisha Lad,wallaarjun@example.com,00460568761,Delhi,26,2023-04-06
CUST00700,Isaac Gara,nitara52@example.org,03415177345,Kolkata,57,2023-07-11
CUST00701,Ganga Seshadri,anvi90@example.org,+918403595442,Surat,53,2023-11-25
CUST00702,Vaishnavi Sarraf,mohammed22@example.net,06430394290,Pune,42,2023-06-23
CUST00703,Vansha Garde,nachiket98@example.com,5672872760,Surat,51,2024-01-15
CUST00704,Hema Kar,samuel32@example.com,1357790833,Kolkata,47,2023-08-14
CUST00705,Mohini Chaudhary,yashica14@example.net,8107983342,Jaipur,56,2024-01-25
CUST00706,Vedant Shan,banjeetlata@example.net,01312840333,Hyderabad,24,2023-12-04
CUST00707,Ucchal Chaudhari,nagarelijah@example.org,01717318939,Delhi,59,2023-10-16
CUST00708,Qushi Choudhury,lhayer@example.net,7046947258,Jaipur,64,2023-10-14
CUST00709,Chandani Lalla,haritamaharaj@example.net,8471270587,Chennai,45,2023-10-20
CUST00710,Dominic Sankaran,girindra75@example.net,8231334845,Ahmedabad,32,2024-03-04
CUST00711,Harshil Mital,mohammednaik@example.org,+916229258796,Hyderabad,39,2024-03-11
CUST00712,Veer Lall,xmitter@example.org,05557469660,Ahmedabad,43,2024-03-02
CUST00713,Christopher Rege,logan74@example.org,3344505665,Hyderabad,64,2023-11-20
CUST00714,Tanveer Thakur,gmahal@example.org,+912579706734,Delhi,38,2024-06-23
CUST00715,Daniel Chaudhuri,oommenanya@example.net,07417215622,Hyderabad,38,2023-12-06
CUST00716,Gaurang Sarma,falaklad@example.net,4021557325,Kolkata,41,2023-10-06
CUST00717,Janaki Nath,aashikumer@example.net,0216667080,Bangalore,61,2024-05-17
CUST00718,Amol Sarkar,thamaneta@example.net,04951191818,Ahmedabad,22,2023-05-03
CUST00719,Upadhriti Halder,sankararadhana@example.com,02512957860,Delhi,23,2023-09-02
CUST00720,Abeer Ramakrishnan,anandumang@example.com,02439587395,Delhi,45,2024-05-07
CUST00721,Ranbir Divan,darikagolla@example.org,+918902851553,Delhi,65,2024-01-10
CUST00722,Chavvi Gade,omadan@example.org,00271607360,Pune,69,2023-09-25
CUST00723,Rushil Jha,fdash@example.org,9812317955,Bangalore,53,2023-09-09
CUST00724,Gautam Tripathi,vanya48@example.org,00066615541,Mumbai,55,2023-09-19
CUST00725,Veer Chad,bsinha@example.com,5023290282,Jaipur,53,2023-04-24
CUST00726,Balvan Bhat,chaayaprabhu@example.net,02622822512,Pune,60,2023-02-28
CUST00727,Damini Raval,alka95@example.org,+915070260869,Delhi,44,2024-02-11
CUST00728,Nakul Chaudhry,pallaudant@example.org,01177687290,Pune,60,2023-07-19
CUST00729,Aarini Dave,jasmit91@example.com,09323822311,Hyderabad,64,2024-02-08
CUST00730,Henry Krish,zashilgoyal@example.net,4579889425,Mumbai,36,2023-09-13
CUST00731,Bakhshi Rajan,horaqabil@example.org,+910326509775,Surat,37,2023-05-18
CUST00732,Siya Kala,ilall@example.com,+914855245787,Pune,24,2024-01-12
CUST00733,Zilmil Lall,paupooja@example.net,+918213711842,Surat,50,2024-04-27
CUST00734,Sneha Sarin,thamanqabil@example.com,3230358929,Chennai,27,2024-04-20
CUST00735,Janani Zacharia,ojasprasad@example.org,+912932896340,Ahmedabad,32,2024-06-09
CUST00736,Chaman Ramakrishnan,dsoni@example.com,+914014843991,Delhi,40,2023-03-14
CUST00737,Logan Dhawan,wdyal@example.org,02669335134,Jaipur,41,2023-04-24
CUST00738,Jatin Doshi,sachidhar@example.net,05018481973,Delhi,66,2024-01-11
CUST00739,Jeet Sha,ekavirom@example.com,+916417692743,Kolkata,54,2023-11-02
CUST00740,Janani Khurana,asankaran@example.org,1444856451,Chennai,69,2023-02-19
CUST00741,Xavier Talwar,radhalata@example.org,7899698609,Hyderabad,53,2023-04-08
CUST00742,Girish Dalal,jalsasama@example.com,0577980660,Surat,57,2023-06-01
CUST00743,Arjun Narasimhan,masternitara@example.org,7455534705,Jaipur,19,2023-10-01
CUST00744,Naveen Kadakia,nandini52@example.com,+915598354116,Surat,60,2023-07-20
CUST00745,Quincy Raja,alkasunder@example.com,07522501394,Kolkata,19,2024-05-15
CUST00746,Pranav Rao,issacgirik@example.org,9642585626,Bangalore,35,2023-04-06
CUST00747,Fitan Naik,saanvibaria@example.org,2407333373,Kolkata,39,2023-04-27
CUST00748,Yagnesh Bail,asarna@example.net,9362896964,Pune,18,2024-02-03
CUST00749,Adya Sankar,janya35@example.net,01253892187,Bangalore,27,2023-11-09
CUST00750,Vedant Pall,udyatiluthra@example.net,+917977961208,Surat,60,2023-09-26
CUST00751,Idika Sood,devanshpandya@example.org,4940976263,Hyderabad,22,2024-01-11
CUST00752,Daksha Narayanan,yashodaray@example.org,9509059119,Bangalore,65,2023-03-17
CUST00753,Neel Hayer,praneelgolla@example.org,7151169666,Mumbai,23,2024-01-29
CUST00754,Hemal Goswami,mukhopadhyayisha@example.org,6471246335,Jaipur,31,2024-06-22
CUST00755,Harinakshi Seth,viswanathanaarini@example.org,0805120800,Hyderabad,44,2023-07-27
CUST00756,Ayaan Prasad,geraranbir@example.net,7283512959,Ahmedabad,39,2023-05-12
CUST00757,Peter Tripathi,saibalasubramanian@example.net,+918144152982,Bangalore,41,2024-05-10
CUST00758,Reyansh Dubey,suhani86@example.com,+918153523736,Kolkata,64,2023-03-05
CUST00759,Varsha Chaudhary,nagimeera@example.net,3452734666,Pune,67,2023-08-21
CUST00760,Arjun Swamy,nagyveda@example.net,04740803149,Surat,56,2024-02-24
CUST00761,Dipta Bava,battachavvi@example.com,+915806882850,Delhi,21,2024-05-16
CUST00762,Tanvi Grewal,ekajabora@example.net,+917399006314,Bangalore,28,2023-02-15
CUST00763,Ganga Goel,xkari@example.com,+912293946943,Surat,21,2024-05-30
CUST00764,Nimrat Anne,ysachdev@example.com,+917490607231,Delhi,35,2023-12-30
CUST00765,Nathan Suresh,goswamifalak@example.org,4648449411,Ahmedabad,60,2023-08-30
CUST00766,Gabriel Tank,joshuavasa@example.org,07113062113,Hyderabad,49,2023-09-20
CUST00767,Raksha Dhar,qbarman@example.net,+913509025425,Surat,46,2023-10-03
CUST00768,Mahika Rai,bishakhatiwari@example.org,+912357071398,Hyderabad,35,2023-07-07
CUST00769,Luke Nadkarni,choudhurydhruv@example.com,8092550213,Chennai,66,2023-02-15
CUST00770,Dalbir Ram,kapurbalendra@example.net,1079649673,Jaipur,25,2024-01-22
CUST00771,Hemani Sha,ddua@example.net,03242642506,Pune,45,2024-03-24
CUST00772,Brijesh Sharaf,zkaran@example.org,5366677767,Delhi,36,2023-08-14
CUST00773,Mohini Deol,yatankalla@example.net,+919395786543,Surat,49,2023-08-29
CUST00774,Ikbal Sethi,nitara03@example.org,08268627036,Jaipur,60,2023-11-25
CUST00775,Anjali Dugal,jhora@example.com,07327599801,Kolkata,20,2024-03-14
CUST00776,Ansh Anand,narulagautam@example.com,03234159597,Chennai,43,2023-10-09
CUST00777,Bimala Mitter,duttamax@example.org,01896288743,Surat,21,2024-06-17
CUST00778,Sai Chatterjee,deshmukhlakshmi@example.com,07209579927,Mumbai,31,2024-05-07
CUST00779,Hemangini Nori,pingleekapad@example.org,+919462135415,Kolkata,31,2023-12-13
CUST00780,Amol Sahni,janyakrishnan@example.org,4807520344,Bangalore,66,2023-09-26
CUST00781,Geetika Baria,tara15@example.net,+912909046376,Kolkata,36,2023-08-27
CUST00782,Keya Nayak,yauvani66@example.net,02548374417,Pune,25,2024-05-20
CUST00783,Eiravati Upadhyay,bajajkabir@example.org,+911251293110,Mumbai,49,2024-02-11
CUST00784,Ekavir Dugal,ynarayanan@example.net,+919102312110,Hyderabad,29,2023-09-18
CUST00785,Shivansh Bedi,ramekani@example.net,3737927490,Bangalore,42,2023-09-23
CUST00786,Fariq Goda,adyadhawan@example.net,3113253269,Jaipur,63,2023-07-12
CUST00787,Yashawini Mangal,poojakrishna@example.com,3804421017,Chennai,50,2023-08-05
CUST00788,Qushi Buch,varora@example.net,+915959194575,Jaipur,60,2024-02-21
CUST00789,Kamala Tata,vrinda58@example.net,+913920567756,Pune,22,2023-10-04
CUST00790,Sneha Dua,lekhasaini@example.org,+915626506229,Hyderabad,65,2024-06-02
CUST00791,Girish Babu,jsodhi@example.com,03076248433,Mumbai,45,2023-10-15
CUST00792,Rachita Saran,vinayabhasin@example.com,+911579423873,Mumbai,47,2023-09-10
CUST00793,Darika Dutt,deepa96@example.net,+919284552597,Delhi,38,2023-03-16
CUST00794,Kala Sahni,shauryanarain@example.net,+915748595325,Surat,45,2024-03-12
CUST00795,Warjas Krish,bsinghal@example.com,1629518779,Surat,43,2024-05-10
CUST00796,Ekalinga Sengupta,yhans@example.com,2507330559,Hyderabad,36,2023-10-13
CUST00797,Anjali Nagarajan,mmurthy@example.net,+913991403884,Delhi,43,2023-06-17
CUST00798,Pallavi Apte,advika32@example.com,+910615727682,Mumbai,38,2023-12-08
CUST00799,Hritik Mahal,mmajumdar@example.net,7429250105,Bangalore,69,2023-11-17
CUST00800,Lucky Murty,obal@example.com,5625904599,Surat,47,2023-03-04
CUST00801,Kevin Taneja,birlogan@example.org,+918231555165,Pune,23,2024-02-25
CUST00802,Nandini Bhatia,srandhawa@example.org,1372143308,Hyderabad,24,2023-02-25
CUST00803,Varenya Basak,kandaviraj@example.org,+918556608470,Chennai,45,2024-01-15
CUST00804,Ekansh Baria,balendrajoshi@example.org,7051958263,Surat,43,2023-04-30
CUST00805,Baghyawati Lata,yasti62@example.org,4535461470,Jaipur,23,2023-09-25
CUST00806,Samarth Goyal,barmanlila@example.org,3394394570,Hyderabad,37,2024-01-04
CUST00807,Zayyan Kalla,mukherjeeadvik@example.org,+915376576927,Pune,32,2023-10-12
CUST00808,Yuvraj Brahmbhatt,acharyaazaan@example.net,+910404769210,Pune,67,2023-08-17
CUST00809,Pallavi Pradhan,mammenomisha@example.net,+914014247310,Bangalore,22,2024-04-30
CUST00810,Owen Atwal,chadhawahab@example.com,8440971231,Jaipur,58,2023-08-31
CUST00811,Ayushman Barad,dsankaran@example.com,+910901447340,Delhi,51,2024-01-16
CUST00812,Wahab Sem,basuradhika@example.net,7304519577,Jaipur,30,2023-11-13
CUST00813,Kamya Zachariah,ekanipalan@example.com,+919657542786,Pune,40,2023-08-13
CUST00814,Gabriel Kulkarni,gaurangiparmer@example.net,07820582958,Bangalore,33,2023-12-28
CUST00815,Liam Jha,abumb@example.org,8081904823,Delhi,27,2024-01-23
CUST00816,Vrinda Dada,kashvi86@example.net,6395613723,Kolkata,30,2024-02-08
CUST00817,Warhi Dhawan,mohanwyatt@example.com,03813000413,Bangalore,56,2023-05-17
CUST00818,Ekalinga Kulkarni,bdani@example.com,6094565346,Bangalore,66,2023-12-21
CUST00819,Benjamin Swamy,tataekaja@example.com,+914768169957,Delhi,29,2024-06-27
CUST00820,Balvan Sura,somanzayyan@example.net,+911317653970,Ahmedabad,47,2023-07-25
CUST00821,Tarak Roy,annekabir@example.net,0871827496,Surat,66,2024-03-22
CUST00822,Zehaan Dalal,cghosh@example.com,+910495612137,Surat,46,2023-10-15
CUST00823,Lila Goda,tbassi@example.org,+915973711222,Surat,59,2024-02-20
CUST00824,Raksha Taneja,qushi08@example.net,08167046861,Surat,38,2023-03-17
CUST00825,Ishita Soman,ptripathi@example.org,+910219237858,Pune,27,2023-06-25
CUST00826,Qasim Sachdev,baralvincent@example.org,+914260508018,Ahmedabad,22,2024-01-13
CUST00827,Chavvi Devan,yagnesh73@example.org,7773126881,Ahmedabad,46,2023-04-27
CUST00828,Yashvi Dhillon,sridharyochana@example.org,2365346060,Kolkata,68,2024-04-25
CUST00829,Ayaan Hans,mahika79@example.org,2798623984,Kolkata,55,2023-10-21
CUST00830,Rachita Balasubramanian,jbhatti@example.org,2054647548,Mumbai,40,2023-12-14
CUST00831,Upma Vaidya,wraju@example.net,8999275175,Jaipur,22,2023-11-07
CUST00832,Zayan Loyal,bhavya98@example.org,05393543586,Kolkata,47,2023-07-03
CUST00833,Raghav Dewan,ranveer58@example.net,03798214339,Ahmedabad,20,2024-03-16
CUST00834,Qadim Taneja,yatan67@example.net,09785249141,Mumbai,41,2024-06-13
CUST00835,Aarush Bhavsar,aachaltalwar@example.com,9489634067,Kolkata,22,2023-12-09
CUST00836,Rajeshri Ram,jagdish22@example.org,00014188421,Delhi,57,2024-05-23
CUST00837,Samarth Baral,anneisaac@example.com,4463339994,Surat,50,2024-05-24
CUST00838,Warjas Doshi,nadigthomas@example.org,03890219947,Hyderabad,47,2023-04-16
CUST00839,Niharika Kant,triptigandhi@example.org,+914103469967,Surat,53,2023-05-31
CUST00840,Finn Rege,jsavant@example.net,09608437685,Mumbai,46,2023-07-25
CUST00841,Yashica Rama,xjha@example.org,1962633556,Surat,59,2023-06-30
CUST00842,Vihaan Raghavan,rbajwa@example.net,+911706955607,Chennai,38,2023-09-20
CUST00843,Panini Chakraborty,wkumer@example.org,05472239898,Surat,48,2024-03-26
CUST00844,Lakshmi Patla,karnikgautam@example.net,+911980418472,Jaipur,27,2023-07-10
CUST00845,Arya Grewal,nimratmuni@example.org,1319092487,Mumbai,46,2024-05-31
CUST00846,Warinder Badal,farajbhavsar@example.org,02817852282,Delhi,69,2023-06-16
CUST00847,Eshana Garg,yochana08@example.net,+916220722395,Pune,63,2023-11-28
CUST00848,Turvi Korpal,tgill@example.org,3290162047,Delhi,50,2023-11-06
CUST00849,Megha Raval,wvenkatesh@example.net,6486287203,Bangalore,20,2023-03-21
CUST00850,Chanchal D’Alia,yraja@example.com,00573036279,Chennai,63,2024-03-16
CUST00851,Chasmum Randhawa,luckybabu@example.org,04767753726,Ahmedabad,46,2024-06-09
CUST00852,Madhav Chaudhuri,kavya05@example.com,06194588707,Jaipur,51,2023-03-19
CUST00853,Rishi Mukherjee,advaychaudhuri@example.org,8400838507,Surat,28,2023-09-03
CUST00854,Idika Narain,jhalak08@example.net,+917768089812,Pune,41,2024-05-27
CUST00855,Ganga Sarraf,maanas23@example.org,6463004023,Kolkata,42,2023-09-11
CUST00856,Omisha Doshi,nkumer@example.org,+912047137271,Hyderabad,67,2023-03-25
CUST00857,Hema Pradhan,kkuruvilla@example.net,5582984933,Pune,61,2024-03-28
CUST00858,Vasudha Magar,yashodhara47@example.net,00944128333,Surat,21,2023-10-04
CUST00859,Guneet Tiwari,nitara66@example.net,04132971506,Pune,22,2023-09-05
CUST00860,Mitesh Sachdeva,vbalasubramanian@example.com,+914377693663,Pune,24,2023-07-07
CUST00861,Gayathri Dutta,krisha11@example.org,+910286712007,Jaipur,61,2023-05-13
CUST00862,Bishakha Peri,gagan02@example.com,01091090326,Hyderabad,36,2024-04-02
CUST00863,Hritik Loke,ekbal94@example.org,+917942817934,Kolkata,64,2023-03-01
CUST00864,Nicholas Solanki,gparmer@example.com,06634533722,Surat,27,2023-03-03
CUST00865,Jacob Divan,senjonathan@example.org,1455937661,Pune,23,2024-05-25
CUST00866,Shaurya Solanki,patlanaksh@example.com,+915100462776,Surat,60,2024-03-13
CUST00867,Shivani Deol,pahal59@example.net,+910246175202,Bangalore,40,2023-06-13
CUST00868,Arunima Jain,omishabarad@example.org,5595501783,Kolkata,59,2023-05-30
CUST00869,Yashasvi Mahal,lwadhwa@example.net,3607984870,Hyderabad,26,2023-07-06
CUST00870,Nikita Bhatnagar,dsahni@example.net,3593744039,Surat,63,2023-06-20
CUST00871,Aayush Wali,banjeetkapadia@example.com,+916060148860,Delhi,37,2023-10-23
CUST00872,Charan Taneja,bhavnadalia@example.org,08528306153,Jaipur,42,2024-06-03
CUST00873,Hardik Dayal,omkaar44@example.com,+916325144881,Pune,70,2023-03-23
CUST00874,Jairaj Aggarwal,dominicmadan@example.org,+917518878179,Bangalore,60,2023-07-02
CUST00875,Ishani Chanda,patrick63@example.net,00911225288,Jaipur,23,2023-05-21
CUST00876,Ayushman Oak,gsankaran@example.net,03239791378,Hyderabad,50,2024-03-06
CUST00877,Ekanta Pillay,benjaminbansal@example.com,+910950556057,Pune,19,2023-03-27
CUST00878,Jackson Deshpande,jtalwar@example.net,5190534864,Pune,37,2023-03-04
CUST00879,Christopher Mital,aarnaraghavan@example.org,05618517446,Bangalore,31,2023-02-24
CUST00880,Falak Goyal,devanharish@example.com,+911455129391,Pune,67,2023-06-09
CUST00881,Deepa Buch,chameli16@example.org,06154021190,Ahmedabad,30,2023-04-07
CUST00882,Brijesh Singh,nidra81@example.com,+919831522910,Chennai,26,2023-10-07
CUST00883,Omkaar Upadhyay,nikitaahluwalia@example.net,4937830639,Bangalore,22,2024-01-14
CUST00884,Brinda Padmanabhan,nidhisabharwal@example.net,04391649701,Kolkata,68,2023-09-04
CUST00885,Zehaan Dave,jagdishkothari@example.org,0330162341,Delhi,50,2023-11-29
CUST00886,Indrajit Atwal,vchhabra@example.org,02215566847,Jaipur,65,2024-01-12
CUST00887,Samuel Ramachandran,raghav37@example.com,06040672007,Jaipur,20,2023-11-03
CUST00888,Odika Choudhry,lohit44@example.org,00781975437,Pune,67,2023-05-25
CUST00889,Vansha Ramakrishnan,naveen73@example.com,+910376388214,Surat,26,2024-02-10
CUST00890,Hardik Magar,netra01@example.net,+913443899827,Surat,42,2024-06-18
CUST00891,Manthan Bahri,oni95@example.org,03214644936,Bangalore,28,2024-01-15
CUST00892,Gopal Rai,phayre@example.com,+915573857368,Bangalore,62,2023-02-21
CUST00893,Harshil Devan,nirjabassi@example.org,06811872333,Surat,69,2023-08-18
CUST00894,Aahana Apte,rdara@example.net,7315391149,Bangalore,64,2023-11-10
CUST00895,Chaitanya Soni,oliver07@example.org,05118939406,Ahmedabad,20,2024-01-29
CUST00896,Sneha Gala,chatterjeeansh@example.net,03223023332,Hyderabad,41,2023-07-11
CUST00897,Shivani Kara,azaddalal@example.net,3546212760,Chennai,46,2023-05-10
CUST00898,Parth Salvi,chadnakul@example.org,+912616324888,Surat,36,2024-06-04
CUST00899,Sneha Dugar,saumyasandal@example.org,7454930364,Ahmedabad,32,2023-08-20
CUST00900,Gavin D’Alia,chaturakarpe@example.net,8187692082,Jaipur,33,2023-11-11
CUST00901,Jonathan Khosla,trivediethan@example.org,8158814458,Kolkata,69,2023-04-22
CUST00902,Chaitanya Sane,ijha@example.org,1829716815,Ahmedabad,30,2023-10-02
CUST00903,Geetika Balan,apteavi@example.net,0015291137,Pune,61,2024-06-06
CUST00904,Reva Yohannan,dakshesh90@example.net,+915561844421,Surat,46,2023-11-14
CUST00905,Vansha Mani,xvig@example.org,+912489056708,Ahmedabad,67,2023-09-19
CUST00906,Chaitanya Bawa,lalyatan@example.com,05158482669,Kolkata,67,2023-04-15
CUST00907,Manthan Luthra,ekantapingle@example.net,+915429608070,Hyderabad,50,2023-09-05
CUST00908,Nirja Sharma,anay98@example.org,+911040164818,Jaipur,44,2024-05-18
CUST00909,Advika Kuruvilla,urvitara@example.org,3638164321,Bangalore,70,2023-04-25
CUST00910,Chakrika Garde,nikita42@example.org,+916258631441,Chennai,69,2023-10-03
CUST00911,Madhavi Manne,wdugar@example.com,00263558243,Surat,26,2024-06-09
CUST00912,Frado Singhal,amorar@example.com,08988031538,Kolkata,21,2024-01-29
CUST00913,Anya Narula,udyatibhatia@example.net,5040433335,Ahmedabad,41,2023-05-21
CUST00914,Divya Das,zkapadia@example.org,+911197871809,Jaipur,24,2024-06-17
CUST00915,Gavin Hora,ikalita@example.com,5306011987,Jaipur,25,2024-02-29
CUST00916,Lopa Chandran,atella@example.net,8002300915,Kolkata,23,2024-03-10
CUST00917,Joshua Viswanathan,kondakrishna@example.com,07449160936,Bangalore,35,2023-08-17
CUST00918,Krish Bhardwaj,mukhopadhyayekavir@example.org,9418433687,Ahmedabad,50,2023-08-04
CUST00919,Liam Reddy,onkardugar@example.org,9821374556,Bangalore,45,2023-03-23
CUST00920,Balhaar Menon,zinalwason@example.com,0505376660,Delhi,32,2023-11-01
CUST00921,Jackson Dave,cbadami@example.org,+918356691062,Ahmedabad,40,2024-01-23
CUST00922,Ekani Kala,gilltejas@example.com,05068826917,Mumbai,44,2023-12-25
CUST00923,Panini Dhar,aishanimannan@example.net,+911348087354,Mumbai,43,2023-06-12
CUST00924,Nikita Batra,vivaanprasad@example.net,1015709085,Jaipur,41,2024-06-26
CUST00925,Bimala Mangal,amolsethi@example.com,2699969964,Chennai,42,2024-04-05
CUST00926,Gaurav Vig,maanav85@example.net,09325914084,Delhi,41,2023-11-26
CUST00927,Parth Gupta,goyaludant@example.com,+916698069087,Chennai,19,2023-05-01
CUST00928,Tanvi Sahni,satheowen@example.net,+914838935953,Pune,24,2024-05-09
CUST00929,Anay Mane,padmanabhannikita@example.net,+912996508269,Pune,68,2024-03-02
CUST00930,Radha Lata,rajakritika@example.com,01308761238,Bangalore,26,2023-07-20
CUST00931,Jai Krishnamurthy,amararastogi@example.net,+913948400273,Mumbai,36,2023-02-13
CUST00932,Mahika Ramachandran,bhaktajackson@example.com,3113950016,Ahmedabad,62,2023-11-05
CUST00933,Faris Memon,nagychatura@example.com,02839762053,Bangalore,66,2023-12-30
CUST00934,Anay Tandon,msavant@example.com,02072662925,Ahmedabad,46,2023-02-22
CUST00935,Vyanjana Som,kbatta@example.net,9140688413,Surat,18,2023-05-23
CUST00936,Vincent Chakraborty,diptaparmar@example.net,+913561781703,Delhi,19,2024-04-15
CUST00937,Harsh Brar,aadiraghavan@example.org,+916385277895,Kolkata,31,2023-08-21
CUST00938,Tejas Sem,minhasdamyanti@example.com,0295026480,Bangalore,53,2024-06-16
CUST00939,Raagini Majumdar,chatresh37@example.org,4167812778,Surat,51,2023-05-09
CUST00940,Falan Atwal,georgeswamy@example.net,2134862985,Hyderabad,25,2024-02-17
CUST00941,Raksha Kaur,ikata@example.org,+918285605397,Kolkata,33,2024-06-09
CUST00942,Waida Sangha,ddani@example.com,0673682050,Kolkata,25,2023-08-21
CUST00943,Frado Garg,udarshpalla@example.com,2165058714,Mumbai,33,2023-09-04
CUST00944,Elijah Virk,elijahdewan@example.com,6790898436,Hyderabad,58,2023-12-23
CUST00945,Amol Dutt,baljiwannarayanan@example.org,3869484249,Surat,47,2023-08-01
CUST00946,Frado Mander,siya88@example.com,+917152386767,Delhi,25,2023-05-22
CUST00947,Atharv Seth,lajita19@example.org,7798768299,Ahmedabad,56,2024-05-18
CUST00948,Mitesh Dayal,zaitra93@example.com,0858062350,Jaipur,19,2024-01-28
CUST00949,Jalsa Ramakrishnan,rnarula@example.com,0012482554,Jaipur,54,2023-06-19
CUST00950,Triveni Ramesh,loganpandit@example.net,02328946338,Chennai,63,2024-06-10
CUST00951,Harini Ravel,abhabuch@example.net,5285725629,Bangalore,36,2023-05-10
CUST00952,Tristan Oza,harsh38@example.org,6550784685,Hyderabad,18,2023-02-20
CUST00953,Vinaya Mani,udarsh03@example.com,9189117972,Surat,40,2023-03-08
CUST00954,Warinder Luthra,chadhajanuja@example.org,04154715531,Chennai,54,2023-06-01
CUST00955,Jasmit Kala,usoni@example.net,+913675009421,Hyderabad,29,2023-07-05
CUST00956,Balendra Pandya,tanmayirajagopal@example.net,1987809270,Delhi,51,2023-06-29
CUST00957,Wahab Varkey,neelima22@example.com,6605986787,Pune,22,2023-07-03
CUST00958,Lakshit Tailor,yashvi54@example.net,5965594282,Jaipur,52,2023-07-16
CUST00959,Fitan Sangha,atharv20@example.org,+912453931321,Jaipur,68,2024-03-21
CUST00960,Ekapad Joshi,naikharini@example.com,+918368214448,Jaipur,53,2023-11-03
CUST00961,Libni Swaminathan,xalakkapadia@example.com,07462025825,Mumbai,42,2023-07-07
CUST00962,Tejas Ghose,deolranveer@example.org,+913920491060,Ahmedabad,20,2024-05-03
CUST00963,Ojasvi Lala,ndutta@example.net,7508276817,Hyderabad,41,2023-05-13
CUST00964,Inaya Srinivasan,qnagi@example.net,08472629052,Kolkata,65,2023-12-21
CUST00965,Lavanya Khosla,ramanathanchatresh@example.net,+917172173373,Mumbai,40,2024-05-23
CUST00966,Ayush Nanda,orinderdubey@example.net,9362165914,Delhi,40,2023-06-11
CUST00967,Warjas Ganesan,januja39@example.net,+915844617773,Chennai,64,2023-05-05
CUST00968,Bimala Kota,natarajanadvika@example.com,7912799702,Delhi,67,2023-11-27
CUST00969,Ekaraj Edwin,narulayatin@example.net,7871375298,Surat,65,2024-06-02
CUST00970,Kalpit Dixit,chaudharikrish@example.com,00832004879,Pune,26,2024-03-26
CUST00971,Zilmil Thakur,rpalla@example.org,5852386003,Mumbai,40,2023-02-21
CUST00972,Warinder Rama,nagiimaran@example.com,+915239102929,Jaipur,39,2024-02-24
CUST00973,George Mitter,vanyamalhotra@example.net,8309309671,Bangalore,67,2023-05-29
CUST00974,Girik Contractor,mitalibava@example.net,+912132176720,Ahmedabad,62,2023-04-11
CUST00975,Jack Chowdhury,grau@example.org,+910190725873,Ahmedabad,58,2023-05-23
CUST00976,Balhaar Memon,raaginirai@example.com,+918027481242,Bangalore,69,2023-04-04
CUST00977,Arin Rana,geetikaanand@example.net,5229462093,Bangalore,22,2024-01-31
CUST00978,Inaya Rai,agarwaltanish@example.net,9952970137,Ahmedabad,20,2023-04-13
CUST00979,Rayaan Samra,eta85@example.com,02304120270,Kolkata,30,2023-09-13
CUST00980,Neel Srinivas,wardamall@example.org,+919907166906,Mumbai,68,2023-06-07
CUST00981,Baghyawati Wali,oommenekaja@example.com,+910340301095,Chennai,20,2024-05-14
CUST00982,Watika Seth,pallavi49@example.org,07955462347,Pune,37,2024-04-11
CUST00983,Zayan Shenoy,hagate@example.org,0181030683,Jaipur,43,2023-04-04
CUST00984,Anya Chana,bedwin@example.net,+918081571290,Jaipur,48,2024-04-24
CUST00985,Hema Bhat,mchad@example.net,+916713073510,Kolkata,20,2024-03-27
CUST00986,Jalsa Wali,vyanjana43@example.com,+911300962588,Chennai,36,2024-01-19
CUST00987,Pooja Sanghvi,watika03@example.org,0533962746,Pune,67,2024-05-05
CUST00988,Manthan Brar,devansh83@example.org,7000466614,Mumbai,59,2024-06-12
CUST00989,Ekansh Dada,sekhonvedika@example.net,01400493881,Pune,35,2024-03-31
CUST00990,Aarush Murty,dominicnadig@example.org,+914998094976,Delhi,69,2024-03-13
CUST00991,Udarsh Bhattacharyya,ubikasarna@example.net,+916698416612,Pune,45,2023-06-01
CUST00992,Chandran Sundaram,plata@example.org,+915623899499,Hyderabad,65,2024-05-16
CUST00993,Alexander Bhavsar,noah62@example.org,+917087821160,Ahmedabad,42,2024-04-11
CUST00994,Aashi Chandran,keerkala@example.net,9989897211,Pune,29,2024-06-17
CUST00995,Yahvi Mann,bobalmohini@example.com,08221758839,Ahmedabad,62,2024-06-21
CUST00996,Raksha Apte,davidbal@example.com,0675712369,Ahmedabad,41,2023-03-27
CUST00997,Gavin Chad,yastitata@example.net,4296882769,Jaipur,35,2024-06-01
CUST00998,Chandresh Loke,pantveer@example.net,+914196156078,Delhi,64,2024-01-02
CUST00999,Vinaya Mander,gauripurohit@example.com,+917962409649,Hyderabad,23,2023-08-21
CUST01000,Alka Sanghvi,latasneha@example.net,02170285162,Hyderabad,56,2023-05-04
CUST01001,Xavier Ray,jeremiah08@example.net,+914868839062,Bangalore,52,2024-06-22
CUST01002,Varsha Dora,bbir@example.org,1141319359,Kolkata,38,2023-12-31
CUST01003,Samarth Reddy,kaultanay@example.com,6052304588,Delhi,23,2023-04-01
CUST01004,Anthony Gandhi,arya47@example.org,01916503440,Pune,60,2024-03-15
CUST01005,Neelima Bhatnagar,vsule@example.org,2498980880,Kolkata,37,2024-04-23
CUST01006,Maanav Chatterjee,fariq74@example.com,1359266486,Ahmedabad,56,2023-12-20
CUST01007,Meghana Sarraf,yashawini69@example.com,1559450119,Hyderabad,28,2023-04-21
CUST01008,Dalbir Sridhar,yatin60@example.com,+911716039886,Ahmedabad,40,2023-05-28
CUST01009,Yuvraj Roy,harishvarma@example.net,05590670009,Ahmedabad,20,2024-01-09
CUST01010,Laban Misra,praneel04@example.com,04896676056,Pune,57,2023-06-24
CUST01011,Deepa Murty,fpatla@example.com,08097453389,Hyderabad,35,2023-02-27
CUST01012,Xavier Pingle,nidhi62@example.net,+916540165995,Mumbai,22,2023-06-08
CUST01013,Aditya Sandal,rachitdani@example.org,+914276774625,Hyderabad,41,2023-12-18
CUST01014,Ayaan Chawla,goelavni@example.net,+911584886008,Jaipur,69,2023-02-20
CUST01015,Zaitra Randhawa,jtalwar@example.org,+911299570472,Bangalore,19,2024-06-27
CUST01016,Adya Gala,jborra@example.net,+912038437536,Bangalore,56,2023-08-05
CUST01017,Chanakya Shenoy,om54@example.net,+914218385454,Ahmedabad,20,2023-03-08
CUST01018,Aachal Mody,bhavika75@example.net,+913112327489,Bangalore,22,2024-03-03
CUST01019,Frado Seshadri,wrao@example.org,+914272038862,Chennai,67,2024-03-31
CUST01020,Irya Arora,bhavsarlila@example.org,+914530693588,Pune,41,2024-04-05
CUST01021,Veer Narayanan,dalajaarora@example.org,1816778481,Hyderabad,54,2024-04-11
CUST01022,Orinder Mallick,aachal54@example.com,00838517993,Mumbai,56,2023-09-27
CUST01023,Alexander Nagi,jatindin@example.net,08848699969,Bangalore,61,2023-11-05
CUST01024,Darsh Mohan,vasana92@example.com,+914724630198,Ahmedabad,41,2024-02-24
CUST01025,Zayyan Gill,kevin38@example.net,+919728339121,Pune,46,2024-06-22
CUST01026,Ayushman Ramanathan,shivanshgera@example.net,0983221010,Delhi,54,2023-05-17
CUST01027,Aarnav Babu,viglibni@example.com,06100898761,Bangalore,51,2023-02-18
CUST01028,Chakrika Gulati,leela14@example.org,3845319807,Pune,43,2023-07-02
CUST01029,Robert Murty,nilima95@example.net,+910030762054,Pune,59,2024-06-01
CUST01030,Raksha Borde,anmol06@example.com,6641106541,Kolkata,33,2024-02-04
CUST01031,Baghyawati Agarwal,gnaik@example.com,9497089058,Delhi,19,2024-03-01
CUST01032,Oni Jain,lohit68@example.net,9962697083,Bangalore,49,2023-11-11
CUST01033,Urmi Wadhwa,xbora@example.org,09625719760,Jaipur,42,2024-01-27
CUST01034,Jonathan Bains,deoraagini@example.net,07898260418,Jaipur,25,2024-04-17
CUST01035,Liam Bora,vpatel@example.net,01777412746,Kolkata,67,2023-12-12
CUST01036,Gopal Dhillon,george99@example.com,+916422297589,Kolkata,63,2023-03-22
CUST01037,Aishani Peri,kevin18@example.com,4570568209,Ahmedabad,31,2023-04-25
CUST01038,Watika Acharya,bawadev@example.net,03564072324,Surat,36,2024-04-14
CUST01039,Peter Thakur,falakmammen@example.org,+911788224731,Ahmedabad,30,2023-04-22
CUST01040,Elijah Ramachandran,abeer71@example.org,08011950927,Delhi,26,2024-05-03
CUST01041,Gabriel Murty,prishabuch@example.net,+915370923007,Delhi,46,2023-03-20
CUST01042,Dipta Aurora,suleaahana@example.net,1894854329,Bangalore,63,2023-11-02
CUST01043,Tanay Sachar,karan94@example.com,01619827348,Ahmedabad,23,2023-03-26
CUST01044,Balendra Kuruvilla,chakradev25@example.net,9632174357,Pune,60,2023-06-21
CUST01045,Geetika Doshi,dwagle@example.com,08606739834,Pune,63,2024-05-06
CUST01046,Chavvi Goel,vedant64@example.com,+918055077406,Delhi,53,2023-08-13
CUST01047,Indira Buch,mekhala23@example.net,+910908551074,Jaipur,36,2024-02-15
CUST01048,Vivaan Chaudhry,chaudhryturvi@example.net,01902547602,Kolkata,28,2023-05-08
CUST01049,Nidra Prabhakar,divyaloyal@example.net,+912012275950,Bangalore,68,2023-02-18
CUST01050,Chandresh Brar,indrajit53@example.net,+915947950740,Pune,50,2024-06-07
CUST01051,Harish Savant,kaisheth@example.net,0595031006,Chennai,25,2023-07-07
CUST01052,Daksha Arora,jagataggarwal@example.com,02036089411,Chennai,68,2023-11-13
CUST01053,Timothy Nayar,jagratipal@example.org,09520561006,Bangalore,33,2024-06-11
CUST01054,Anirudh Rao,ebhargava@example.net,07740378423,Ahmedabad,19,2024-01-12
CUST01055,Damyanti Prasad,anshagate@example.com,07625503250,Pune,53,2023-03-21
CUST01056,Ladli Munshi,kalpit62@example.com,+917842902923,Surat,41,2024-03-16
CUST01057,Ganga Chandran,auroraazad@example.net,+916053088684,Ahmedabad,69,2023-06-15
CUST01058,Jackson Chakrabarti,cramaswamy@example.org,+919045759887,Jaipur,26,2023-07-25
CUST01059,Gagan Garg,kmuni@example.com,+913362027558,Surat,23,2023-05-17
CUST01060,Turvi Sheth,dateaarav@example.com,+911523802362,Delhi,37,2023-04-03
CUST01061,Ekansh Pandit,vigvrinda@example.net,+915916118638,Hyderabad,63,2023-08-18
CUST01062,Dhriti Sheth,tganesh@example.net,+916880053789,Ahmedabad,51,2024-04-19
CUST01063,Keya Dubey,zgera@example.net,05401822720,Hyderabad,67,2023-03-12
CUST01064,Chaitaly Yadav,veerdeshmukh@example.net,+910414474328,Hyderabad,70,2024-02-24
CUST01065,Oviya Parsa,advaithdate@example.net,0203042322,Surat,22,2024-02-08
CUST01066,Jagrati Datta,kohlikashish@example.net,+910281650646,Bangalore,38,2023-05-23
CUST01067,Hemangini Kashyap,dshan@example.com,09198321029,Delhi,46,2023-03-30
CUST01068,Upasna Misra,kbaria@example.net,8310438419,Ahmedabad,61,2023-08-26
CUST01069,Matthew Bumb,jagatsaini@example.com,+918056856670,Jaipur,40,2023-08-24
CUST01070,Michael Chad,xpathak@example.org,09444076634,Bangalore,67,2023-12-14
CUST01071,Umang Saha,abhiram49@example.com,+917322626114,Jaipur,58,2024-06-14
CUST01072,Tarak Roy,hemalnagi@example.com,2188087991,Surat,29,2024-02-20
CUST01073,Manbir Khatri,frado99@example.net,04338532472,Bangalore,45,2024-05-05
CUST01074,Janya Wali,umangkorpal@example.com,+910311587605,Jaipur,21,2024-06-20
CUST01075,Kala Sibal,fluthra@example.com,06945353659,Delhi,51,2023-10-08
CUST01076,Maya Raju,bbhatt@example.org,02125450809,Bangalore,37,2023-07-30
CUST01077,Yashoda Chahal,qasim69@example.org,05966472130,Bangalore,28,2023-09-28
CUST01078,Laban Khatri,jagat42@example.com,+914048933261,Pune,63,2023-07-14
CUST01079,Dayamai Kala,sethinitara@example.org,7310081785,Chennai,40,2024-05-20
CUST01080,Jai Buch,sanya18@example.com,02354268744,Jaipur,36,2024-04-12
CUST01081,Chanakya Chowdhury,phari@example.org,0865237772,Delhi,34,2023-11-30
CUST01082,Ekiya Ray,robertsidhu@example.org,+914005278105,Chennai,58,2023-07-26
CUST01083,Balhaar Bakshi,vedagokhale@example.net,+911425731609,Jaipur,35,2023-07-14
CUST01084,Teerth Rao,talwarnitesh@example.org,+911369552862,Bangalore,58,2024-05-13
CUST01085,Quincy Sundaram,hemanginidatta@example.net,09533222739,Kolkata,57,2023-05-19
CUST01086,Aarav Mani,urvi35@example.org,+913661850761,Jaipur,23,2024-05-14
CUST01087,Chakradev Vaidya,lopatank@example.org,2360107126,Jaipur,59,2023-04-04
CUST01088,Qadim Chakraborty,tsaran@example.com,4673574223,Bangalore,55,2024-06-19
CUST01089,Michael Dhar,yashodabadal@example.net,+919442589222,Surat,27,2024-02-17
CUST01090,Nidhi Bhandari,ngoswami@example.com,+915063731180,Bangalore,60,2023-06-29
CUST01091,Anya Cheema,abeersunder@example.net,03841852013,Surat,64,2024-03-08
CUST01092,Nandini Bhandari,mohini39@example.net,05615470554,Surat,39,2023-11-26
CUST01093,Ekalinga Pillay,sanghaamrita@example.org,+919556409196,Surat,20,2023-12-07
CUST01094,Ekani Seshadri,zparmar@example.org,+917020426201,Mumbai,23,2023-12-23
CUST01095,Gopal Deshpande,doctordamyanti@example.org,+919369678976,Mumbai,59,2023-03-03
CUST01096,Tanveer Borah,poojaswaminathan@example.com,+911922760759,Surat,34,2024-06-11
CUST01097,Osha Pandey,sarthakmore@example.org,+919165430895,Chennai,67,2023-05-15
CUST01098,Maanav Bath,jaibiswas@example.com,+915764497470,Surat,44,2024-02-05
CUST01099,Logan Salvi,trandhawa@example.com,6764979741,Surat,58,2023-09-12
CUST01100,Lekha Palan,qbandi@example.com,+910635537309,Mumbai,49,2024-02-19
CUST01101,Pooja Grewal,fsastry@example.org,9529635305,Jaipur,36,2023-12-08
CUST01102,Praneel Pillai,imaran28@example.org,06364315948,Kolkata,48,2023-12-22
CUST01103,Maya Palla,odika63@example.com,04434414916,Chennai,69,2023-11-26
CUST01104,Xavier Kuruvilla,shravya43@example.net,06408822309,Hyderabad,37,2023-07-28
CUST01105,Kabir Sood,anamikachaudhry@example.org,+911097202170,Ahmedabad,22,2023-10-11
CUST01106,Zilmil Pall,bhavinisachar@example.com,07922030044,Mumbai,28,2023-11-25
CUST01107,Lakshmi Bhatt,udantbhagat@example.org,+915121375658,Ahmedabad,44,2024-02-03
CUST01108,Ranveer Narayanan,urishilla08@example.com,+919931458434,Ahmedabad,47,2024-01-28
CUST01109,Lipika Kant,boraudant@example.net,5034236220,Chennai,39,2024-04-19
CUST01110,Dayita Shankar,qadim46@example.org,1043796868,Surat,27,2024-04-06
CUST01111,Dipta Dhaliwal,lakshmi90@example.org,1774174304,Pune,63,2023-05-28
CUST01112,Dalbir Dubey,jeevikabatta@example.org,+918946652752,Pune,64,2023-05-24
CUST01113,Zinal Dua,adityadeshpande@example.org,+915691330303,Pune,43,2023-05-23
CUST01114,Upadhriti Sastry,daspriya@example.com,00762799553,Bangalore,66,2024-05-10
CUST01115,Oscar Mall,shivansh01@example.org,+919847230342,Pune,50,2023-03-08
CUST01116,Tara Bir,chandsuhani@example.net,+912240507648,Jaipur,24,2023-10-03
CUST01117,Vamakshi Tandon,abha61@example.net,2406583872,Pune,33,2024-03-15
CUST01118,Manbir Nori,golenachiket@example.com,0956684482,Ahmedabad,25,2024-06-03
CUST01119,Zaid Guha,ybose@example.org,+912110187803,Kolkata,46,2024-01-29
CUST01120,Chandresh Borah,fbawa@example.com,0392519994,Chennai,27,2024-01-28
CUST01121,Eesha Choudhary,lchaudry@example.org,+917643387220,Delhi,21,2023-08-13
CUST01122,Mason Dhawan,prashadpatrick@example.com,5496330833,Kolkata,42,2024-06-18
CUST01123,Chasmum Savant,modyyadavi@example.net,08995047020,Surat,44,2024-04-20
CUST01124,Yashica Palla,munshiranveer@example.net,07492663295,Chennai,28,2023-09-09
CUST01125,Qasim Sethi,usom@example.org,+915920616581,Pune,54,2023-04-25
CUST01126,Ayaan Pillay,matthewmangal@example.org,+915630295596,Pune,30,2023-06-09
CUST01127,Ubika Dube,ngera@example.net,02066154980,Bangalore,49,2024-01-04
CUST01128,Gunbir Hayer,hredhaankapoor@example.net,0049832112,Jaipur,47,2024-04-15
CUST01129,Oscar Bose,chaman81@example.net,08268687640,Ahmedabad,37,2023-04-06
CUST01130,Eta Lala,ramachandrandayamai@example.com,+910062987787,Ahmedabad,19,2023-06-16
CUST01131,Falak Rama,zmanda@example.net,01962342192,Delhi,43,2024-02-07
CUST01132,Maanav Gola,hansqadim@example.org,01042948314,Jaipur,47,2024-02-16
CUST01133,Gautam Sinha,wdube@example.com,9994981283,Chennai,31,2023-04-09
CUST01134,Dakshesh Kanda,asami@example.org,2000532853,Surat,40,2023-11-13
CUST01135,Gopal Aggarwal,chakradhar52@example.com,+918380582692,Mumbai,21,2024-01-10
CUST01136,Darpan Seshadri,swalla@example.com,+917633283896,Kolkata,49,2024-01-17
CUST01137,Tanish Sule,gchacko@example.com,1862671368,Surat,59,2023-07-16
CUST01138,Aadi Borde,mohammedtiwari@example.org,+913921883527,Ahmedabad,36,2024-02-18
CUST01139,Vansha Nanda,ravivasatika@example.com,01065920881,Jaipur,18,2024-04-18
CUST01140,Yug Borde,unnisaxena@example.com,+917815969838,Delhi,45,2024-01-27
CUST01141,Widisha Gokhale,doramahika@example.com,06862959125,Bangalore,34,2023-09-26
CUST01142,Yashica Gaba,eshana39@example.com,6074299074,Pune,66,2023-12-25
CUST01143,Nisha Sampath,dev79@example.net,07080897474,Hyderabad,41,2023-11-21
CUST01144,Nidra Majumdar,upadhyayrishi@example.net,4167347853,Mumbai,43,2023-09-01
CUST01145,Lajita Master,lankabimala@example.com,+919286052102,Mumbai,54,2023-09-01
CUST01146,Balveer Ranganathan,jmann@example.net,+910824845813,Jaipur,30,2023-02-13
CUST01147,Benjamin Narayan,qmody@example.net,3997418563,Pune,53,2023-02-20
CUST01148,Kamala Arya,acharyasimon@example.org,5661995305,Kolkata,22,2023-08-26
CUST01149,Advika Handa,bmenon@example.com,0870187260,Hyderabad,50,2023-02-28
CUST01150,Prisha Pradhan,battavihaan@example.com,04429906745,Ahmedabad,66,2024-06-07
CUST01151,Kavya Gala,balvan62@example.org,+915599672562,Jaipur,35,2023-05-16
CUST01152,Jeet Anand,warinder34@example.com,+914747648455,Surat,61,2023-12-10
CUST01153,Eta Garde,kataumang@example.com,+917124553129,Surat,25,2023-03-13
CUST01154,Meera Datta,gavinbir@example.net,03277264883,Bangalore,24,2023-12-20
CUST01155,Ekani Nair,pratyushmody@example.org,5251618575,Hyderabad,41,2023-12-19
CUST01156,Ekalinga Bhakta,charles80@example.com,09147744735,Pune,53,2023-12-31
CUST01157,Lohit Mishra,uwadhwa@example.net,4171594973,Pune,66,2023-06-23
CUST01158,Balhaar Nath,vrindauppal@example.net,+913318361133,Bangalore,30,2024-04-03
CUST01159,Prisha Barad,itoor@example.org,1527873048,Surat,50,2023-09-19
CUST01160,Dev Munshi,jasonsaxena@example.net,06535378018,Hyderabad,50,2023-11-23
CUST01161,Ishani Sandal,sguha@example.com,07177629691,Mumbai,20,2024-06-23
CUST01162,Shaurya Randhawa,aarinipuri@example.net,04509999001,Mumbai,26,2023-03-09
CUST01163,Varsha Kari,walivivaan@example.net,5211896844,Pune,69,2023-05-09
CUST01164,Madhavi Malhotra,tanvi95@example.com,+918575958281,Ahmedabad,51,2024-04-11
CUST01165,Praneel Dhar,sastryturvi@example.net,9124883971,Ahmedabad,27,2023-10-03
CUST01166,Chandani Lala,hardik43@example.com,02868112303,Surat,50,2023-11-05
CUST01167,Radha Yadav,bumbyatan@example.net,08145900992,Bangalore,38,2024-04-07
CUST01168,Upadhriti Batta,diya28@example.com,09335158807,Surat,38,2024-06-10
CUST01169,Eiravati Hayer,meghabahri@example.net,1193910382,Bangalore,43,2024-04-16
CUST01170,Damyanti Desai,ikshita13@example.net,00908581810,Surat,65,2023-07-05
CUST01171,Krishna Mistry,triyajhaveri@example.com,+915873662713,Kolkata,55,2024-01-26
CUST01172,Yatan Kadakia,wyatt90@example.net,+915856154731,Pune,50,2024-01-06
CUST01173,Keya Khatri,wgrewal@example.com,+911643690283,Jaipur,52,2023-10-08
CUST01174,Tanmayi Bala,oviyaradhakrishnan@example.com,+915342816441,Ahmedabad,63,2024-03-29
CUST01175,Faraj Banerjee,shenoyekiya@example.net,+915846405103,Surat,37,2024-01-15
CUST01176,Krishna Swaminathan,abhiramlalla@example.org,06362814447,Ahmedabad,70,2023-04-12
CUST01177,Edhitha Kakar,sabharwalchaitanya@example.com,06490922884,Mumbai,41,2024-05-30
CUST01178,Anamika Nagarajan,isaac35@example.net,7271743068,Pune,61,2024-06-09
CUST01179,Hitesh Rajagopal,bakhshi34@example.org,8818738775,Delhi,44,2024-06-10
CUST01180,Vivaan Kala,wmander@example.com,00413090915,Surat,37,2023-05-21
CUST01181,Arin Grewal,meghanadeol@example.com,02041231905,Mumbai,56,2023-09-27
CUST01182,Abhimanyu Loyal,dominic00@example.net,7941932453,Ahmedabad,34,2024-04-10
CUST01183,Daniel Subramanian,hardik22@example.com,7098726496,Surat,54,2023-05-26
CUST01184,Kashvi Brar,ymisra@example.org,+914043261189,Chennai,64,2023-03-10
CUST01185,Dalaja Raja,schaudhary@example.com,+910702867202,Mumbai,55,2024-03-10
CUST01186,Gautami Khalsa,usachdeva@example.org,+919536890057,Ahmedabad,28,2023-10-10
CUST01187,Ayushman Bhasin,talwaryagnesh@example.org,09007397130,Jaipur,58,2024-01-08
CUST01188,Naveen Chander,jayaramanlajita@example.net,+918716722104,Surat,67,2023-07-22
CUST01189,Nikita Choudhury,kchoudhry@example.org,1707443602,Hyderabad,27,2024-04-03
CUST01190,Chaaya Deep,jalsadhawan@example.org,6025239412,Chennai,20,2024-06-07
CUST01191,Anita Mody,lsom@example.com,0326551327,Surat,62,2023-09-06
CUST01192,Charita Bajwa,anamikapai@example.net,09851602119,Delhi,30,2024-01-14
CUST01193,Gavin Garde,zzachariah@example.net,09864786862,Mumbai,46,2023-05-31
CUST01194,Daniel Andra,devika74@example.org,3781919074,Pune,44,2023-12-21
CUST01195,Frederick Sarkar,caleb06@example.net,8369235348,Bangalore,44,2023-06-28
CUST01196,Anamika Sen,thamannakul@example.org,+919865462202,Chennai,44,2023-03-18
CUST01197,Ryan Swamy,akshayparmer@example.com,+913300008863,Jaipur,67,2024-03-18
CUST01198,Sudiksha Khatri,agrawalaarush@example.net,9911416009,Surat,48,2024-06-07
CUST01199,Leena Doshi,liamtalwar@example.org,09897906085,Mumbai,63,2023-07-14
CUST01200,Pavani Srinivasan,lipika30@example.org,+919984336113,Bangalore,51,2024-06-06
CUST01201,Gopal Virk,nadkarnigeorge@example.net,8545829420,Chennai,53,2023-05-19
CUST01202,Advik Biswas,samar53@example.com,06075699944,Pune,60,2023-12-02
CUST01203,Nidhi Sankaran,tdivan@example.org,+910824028182,Ahmedabad,51,2024-05-21
CUST01204,Yochana Sekhon,aarav26@example.org,+918581745273,Hyderabad,38,2024-03-16
CUST01205,Reyansh Sabharwal,nathaniel35@example.com,+910412918285,Bangalore,47,2023-04-07
CUST01206,Omya Boase,falakpal@example.net,+914610079230,Jaipur,39,2023-06-26
CUST01207,Arjun Bhagat,dattaxavier@example.net,+917101232961,Jaipur,40,2023-08-08
CUST01208,Ayushman Lalla,advay76@example.com,03446042276,Kolkata,57,2024-06-23
CUST01209,Leela Bakshi,chakrabartigaurangi@example.org,+915734724358,Ahmedabad,30,2024-06-10
CUST01210,Vritti Rout,nihalnadkarni@example.org,2726708666,Chennai,35,2024-05-28
CUST01211,Michael De,faraj97@example.com,7849477129,Jaipur,37,2023-03-15
CUST01212,Janaki Aurora,sacharikbal@example.net,08974223543,Chennai,37,2023-07-17
CUST01213,Oni Radhakrishnan,indrajitdora@example.org,06495254920,Kolkata,63,2024-06-14
CUST01214,Barkha Chakrabarti,chaudhuriwaida@example.org,8182730634,Chennai,62,2023-06-06
CUST01215,Xiti Thakkar,dhruvwable@example.net,09680664051,Ahmedabad,38,2024-03-29
CUST01216,Qabil Chand,kamalamukhopadhyay@example.org,4123016049,Ahmedabad,40,2024-02-22
CUST01217,Aayush Khatri,gdhar@example.net,8600320319,Jaipur,68,2023-09-25
CUST01218,Faris Chakraborty,bachittar03@example.com,01317197860,Kolkata,36,2024-03-11
CUST01219,Lipika Dugal,charan84@example.org,4785501137,Delhi,54,2023-08-03
CUST01220,Noah Dar,sodhiojas@example.net,7807279037,Jaipur,42,2023-04-10
CUST01221,Hitesh Sandhu,valaindrajit@example.net,02239964771,Hyderabad,70,2023-11-09
CUST01222,Hamsini Karan,semoni@example.net,+910248085578,Pune,67,2023-02-28
CUST01223,Aarini Memon,krishnakala@example.com,+912169069685,Bangalore,36,2024-04-13
CUST01224,Mitali Sodhi,ramachandransaanvi@example.net,5169139521,Mumbai,36,2023-07-24
CUST01225,Niharika Misra,lipikabora@example.org,00335084243,Delhi,40,2024-02-01
CUST01226,Tristan Devan,brinda81@example.org,+910416910530,Ahmedabad,59,2023-04-28
CUST01227,Ekavir Purohit,wpatla@example.net,6463395348,Kolkata,65,2023-03-30
CUST01228,Eshana Badal,majumdarwishi@example.com,02789615738,Ahmedabad,31,2023-08-01
CUST01229,Laksh Bose,vtailor@example.org,+913959781554,Chennai,70,2023-05-01
CUST01230,Triya Dyal,leelabahl@example.org,04654677205,Jaipur,35,2023-03-17
CUST01231,Avi Sharma,darshtella@example.com,+915647837031,Jaipur,62,2023-10-15
CUST01232,Vedant Wagle,grewalriya@example.com,+914857260292,Kolkata,26,2023-07-30
CUST01233,Neha Divan,jgrewal@example.net,00766420763,Delhi,57,2023-04-26
CUST01234,Samuel Nigam,nandinisoni@example.com,2592386879,Surat,33,2023-03-11
CUST01235,Adya Varughese,lkaur@example.org,5534050892,Chennai,21,2023-10-09
CUST01236,Fiyaz Narang,qsanghvi@example.org,03567078977,Jaipur,32,2024-02-05
CUST01237,Aachal Dutt,lbose@example.net,+913842273627,Chennai,21,2024-02-14
CUST01238,Darpan Goda,manansubramaniam@example.org,+911757691716,Delhi,44,2023-05-06
CUST01239,Nakul Prabhu,maniamrita@example.net,09830521690,Pune,63,2023-05-28
CUST01240,Rachit Balan,odikaatwal@example.org,02647106801,Ahmedabad,24,2023-09-27
CUST01241,Tarak Buch,chari@example.org,00049332672,Bangalore,18,2023-06-20
CUST01242,Krisha Kapur,sastrynathaniel@example.net,07638083906,Jaipur,28,2024-02-28
CUST01243,Abha Bhat,inayanair@example.org,9393272728,Hyderabad,59,2024-04-21
CUST01244,Jacob Ram,ijayabatta@example.com,6026676527,Ahmedabad,48,2024-04-22
CUST01245,Ishani Jha,nlanka@example.net,9507088640,Chennai,66,2023-09-11
CUST01246,Januja Sachar,garachaitanya@example.net,+911929022154,Kolkata,38,2024-05-01
CUST01247,Bachittar Mammen,bakhshi93@example.org,+915333202351,Kolkata,59,2023-03-05
CUST01248,Garima Padmanabhan,comarupkaar@example.com,05036988843,Mumbai,67,2023-12-23
CUST01249,Reyansh Gaba,yatin62@example.net,02080598312,Delhi,59,2024-04-06
CUST01250,Anamika Chana,daksheshsawhney@example.com,6599920123,Surat,32,2024-06-13
CUST01251,Rudra Borra,tsharaf@example.net,04210629419,Jaipur,65,2023-05-26
CUST01252,Hema Chaudhari,pratyushrandhawa@example.com,+913175362647,Mumbai,29,2023-07-23
CUST01253,Zayan Rajagopal,dharatharv@example.net,01730099284,Hyderabad,29,2023-07-21
CUST01254,Anamika Bhat,ojascherian@example.org,03550514321,Mumbai,43,2023-12-02
CUST01255,Chandani Khanna,varugheseriya@example.com,7247925422,Ahmedabad,29,2024-06-15
CUST01256,Aachal Nagy,goleabhimanyu@example.com,7706769333,Kolkata,20,2024-02-29
CUST01257,Irya Chandran,dakshesh25@example.com,8464085858,Mumbai,37,2023-11-06
CUST01258,Ekani Sarkar,zdeshmukh@example.org,+918467292543,Surat,56,2024-04-21
CUST01259,Kashvi Buch,jganguly@example.org,+912501825624,Delhi,39,2023-09-25
CUST01260,Ranbir Krishnamurthy,agastyachana@example.org,+913414992900,Kolkata,47,2023-12-14
CUST01261,Meera Garde,ibaral@example.com,00450956321,Jaipur,51,2023-10-11
CUST01262,Balveer Bahl,falanbedi@example.net,+919335389222,Ahmedabad,26,2023-07-12
CUST01263,Girik Chadha,lavanyaahluwalia@example.net,+916082770564,Jaipur,47,2023-09-02
CUST01264,Christopher Som,zdayal@example.com,+918500953723,Kolkata,30,2023-06-29
CUST01265,Sai Sandal,udantchoudhry@example.org,+916109441642,Delhi,39,2024-05-30
CUST01266,Lopa Palla,bhavna13@example.com,+917768576063,Bangalore,64,2024-03-16
CUST01267,Pranit Bath,priya17@example.com,01887017999,Ahmedabad,59,2023-05-18
CUST01268,Qadim Barman,bhavinikanda@example.com,04417234565,Kolkata,63,2024-03-19
CUST01269,Aadhya Sen,gandhijagrati@example.com,5362689047,Bangalore,18,2023-05-10
CUST01270,Amaira Bhatnagar,aggarwalharinakshi@example.org,5574216435,Pune,68,2024-03-11
CUST01271,Bachittar Kannan,ewalla@example.com,6047614378,Kolkata,54,2024-06-07
CUST01272,Anya Kala,zbehl@example.net,01875646726,Chennai,29,2024-02-27
CUST01273,Ekalinga Pillai,gagan85@example.net,9900277291,Surat,58,2023-02-18
CUST01274,Gaurika Baria,brajan@example.com,+915660503374,Hyderabad,70,2024-05-18
CUST01275,Siddharth Bala,psubramanian@example.com,3067182226,Hyderabad,50,2023-09-07
CUST01276,Avni Bumb,valasiya@example.net,8653859067,Pune,23,2024-02-25
CUST01277,Samarth Modi,yutikathakur@example.com,00550492217,Hyderabad,60,2023-03-14
CUST01278,Faras Ratti,abalan@example.com,+912016290739,Delhi,29,2023-12-02
CUST01279,Nathaniel Swaminathan,dubeomya@example.net,03371708649,Bangalore,48,2023-06-24
CUST01280,Bishakha Dugar,jhaveriwahab@example.org,3549014599,Pune,33,2024-06-19
CUST01281,Avi Rai,devanshoak@example.net,03054982438,Mumbai,34,2024-05-16
CUST01282,Yatan Bhagat,faqidshukla@example.net,1678066431,Hyderabad,33,2023-08-04
CUST01283,Harshil Raghavan,lucky81@example.com,+913701709264,Ahmedabad,66,2023-03-06
CUST01284,Samar Balasubramanian,vasadominic@example.com,+916282968244,Kolkata,39,2024-04-11
CUST01285,Ayushman Bahl,hdin@example.net,9592741168,Kolkata,55,2023-02-14
CUST01286,Lekha Choudhary,urmiravi@example.com,+910808203917,Surat,18,2023-03-13
CUST01287,Oviya Hayer,avni43@example.com,6245870120,Kolkata,59,2024-02-18
CUST01288,Luke Misra,kashvikale@example.com,0912375302,Pune,62,2023-11-17
CUST01289,Siya Ravel,krishkrisha@example.net,00243652405,Chennai,21,2023-08-10
CUST01290,Aadhya Thaker,waliaria@example.com,00364882159,Delhi,47,2023-09-28
CUST01291,Yuvraj Vasa,aradhana66@example.org,+912360667998,Kolkata,28,2023-09-06
CUST01292,Kai Pradhan,vedhika22@example.net,+914298622699,Hyderabad,61,2023-04-18
CUST01293,Omaja Rao,settynikita@example.org,+915699929983,Jaipur,63,2023-06-01
CUST01294,Mugdha Varma,ctandon@example.net,+915604134820,Kolkata,62,2023-11-03
CUST01295,Yatin Chandran,ryan98@example.net,+919122600014,Delhi,58,2023-07-12
CUST01296,Mohini Din,modyutkarsh@example.org,09134103897,Kolkata,41,2023-07-24
CUST01297,Kevin Bali,qnarang@example.com,02240592082,Surat,32,2023-06-10
CUST01298,Azaan Sundaram,msangha@example.org,4896298056,Chennai,26,2023-11-08
CUST01299,Frederick Som,yatan07@example.net,06186957240,Ahmedabad,27,2023-07-18
CUST01300,Vritti Kurian,gadeeesha@example.org,+913795610077,Ahmedabad,65,2023-10-20
CUST01301,Ethan Taneja,david36@example.org,2025999193,Surat,41,2023-10-30
CUST01302,Shivansh Sharaf,guptachanchal@example.net,+914447489047,Hyderabad,62,2023-09-17
CUST01303,Ojasvi Dave,divyabhatti@example.org,7651917085,Jaipur,48,2023-03-30
CUST01304,Ojas Yohannan,farhan45@example.com,+914091858055,Jaipur,69,2023-11-13
CUST01305,Girish Nagi,rlad@example.net,6539160770,Chennai,66,2023-03-10
CUST01306,Yatan Arora,eiravati41@example.net,00398221803,Chennai,61,2023-12-06
CUST01307,Naveen Baral,yoshitaprabhu@example.net,6407880265,Surat,68,2023-05-03
CUST01308,Gautam Raja,rajeshri93@example.org,3562303974,Delhi,51,2023-06-25
CUST01309,Yahvi Tripathi,sankaranvinaya@example.org,9870920199,Ahmedabad,51,2023-03-31
CUST01310,Tristan Brar,iyengarmaanav@example.com,01158485805,Pune,22,2023-05-05
CUST01311,Wridesh Grewal,choudhuryneha@example.org,07220539707,Surat,25,2023-10-11
CUST01312,Januja Mallick,varsha08@example.net,2317146199,Mumbai,53,2023-08-02
CUST01313,Anita Sama,aram@example.org,02359605302,Jaipur,30,2024-02-24
CUST01314,Charvi Babu,kashvisunder@example.net,00368605063,Surat,52,2023-03-05
CUST01315,William Saraf,prabhakarchaitanya@example.org,8164098910,Bangalore,28,2024-04-20
CUST01316,Jagat Gala,khalsaayush@example.org,02094523759,Pune,51,2023-10-06
CUST01317,Vihaan Choudhury,manyabarman@example.org,8602757454,Ahmedabad,25,2024-03-27
CUST01318,Caleb Nagar,baghyawati45@example.org,1180818965,Chennai,63,2023-12-26
CUST01319,Bhanumati Mandal,mitali62@example.org,5217970566,Surat,49,2023-02-19
CUST01320,Harshil Salvi,dayitasampath@example.org,00472660235,Delhi,50,2024-03-21
CUST01321,Jasmit Thaman,avi15@example.org,0173167156,Ahmedabad,69,2023-03-12
CUST01322,David Prakash,praneelkumer@example.com,+913395479406,Mumbai,47,2024-06-14
CUST01323,Tanay Chatterjee,unni90@example.com,7191898664,Bangalore,50,2024-04-14
CUST01324,Tanish Sanghvi,lipika18@example.org,+915974876805,Hyderabad,47,2024-01-24
CUST01325,Quincy Kibe,zsom@example.net,+918430192209,Surat,21,2023-08-13
CUST01326,Wyatt Kalla,maanassrinivas@example.org,2396440282,Jaipur,47,2023-07-25
CUST01327,Megha Sharma,qgrover@example.org,07392385202,Kolkata,64,2023-06-12
CUST01328,Anthony Chandra,aadi16@example.net,+913284423471,Mumbai,43,2023-12-14
CUST01329,Aditya Subramanian,ekani15@example.com,5260756999,Kolkata,70,2023-03-19
CUST01330,Jeet Balan,ramaswamybhavani@example.org,+912262277773,Mumbai,65,2023-05-26
CUST01331,Oeshi Toor,raoneelima@example.com,7070385036,Chennai,55,2024-03-20
CUST01332,Dhriti Gara,krishna41@example.net,+917402740675,Delhi,20,2023-10-25
CUST01333,Sudiksha Salvi,kamyaagate@example.com,+910036385646,Hyderabad,40,2024-02-14
CUST01334,Sara Loke,vedika93@example.org,3997984914,Delhi,52,2023-12-11
CUST01335,Bakhshi Murty,akshay49@example.net,3266432239,Mumbai,22,2023-06-22
CUST01336,Harrison De,dugarfalan@example.net,+915948534001,Ahmedabad,20,2023-05-15
CUST01337,Rajeshri Gade,reyanshwali@example.net,07422567871,Kolkata,44,2024-04-14
CUST01338,Kabir Jayaraman,pvora@example.net,7058416806,Bangalore,67,2024-01-29
CUST01339,Aadhya Pingle,dmohan@example.net,9846058679,Bangalore,67,2023-06-28
CUST01340,Reyansh Khurana,saxenamitesh@example.org,01080926166,Hyderabad,41,2023-04-20
CUST01341,Omya Naidu,eiravati78@example.com,05786555751,Hyderabad,46,2024-06-25
CUST01342,Aachal Singhal,amaharaj@example.org,+916875868240,Hyderabad,42,2023-08-11
CUST01343,Lavanya Pandit,ekta12@example.org,04418997402,Delhi,61,2024-03-22
CUST01344,Saksham Wadhwa,bwarrior@example.org,3570170363,Jaipur,26,2023-03-07
CUST01345,Amrita Dube,yauvanisabharwal@example.org,+910508983094,Pune,25,2024-02-23
CUST01346,Amruta Arora,mbhatti@example.com,7972452841,Bangalore,52,2023-05-29
CUST01347,Anamika Vyas,misraeesha@example.org,03567480957,Hyderabad,51,2024-01-01
CUST01348,Zayan Bahl,chakradev26@example.org,+919442031589,Bangalore,64,2024-06-17
CUST01349,Gaurangi Verma,anay73@example.com,+910319777486,Chennai,18,2023-10-02
CUST01350,Ishaan More,varghesepavani@example.net,08230882958,Mumbai,37,2024-04-27
CUST01351,Hitesh Salvi,yashkannan@example.org,00586942767,Ahmedabad,61,2023-07-10
CUST01352,Hardik Sawhney,aarnavrajagopalan@example.com,+919315181788,Jaipur,45,2023-04-29
CUST01353,Lakshmi Pathak,devika69@example.net,0623272371,Jaipur,42,2023-09-27
CUST01354,Max Garg,urishillabhalla@example.org,6548708477,Chennai,33,2023-12-02
CUST01355,Ekavir Saxena,utaneja@example.com,+919818890737,Ahmedabad,40,2023-10-29
CUST01356,Dhruv Nagi,jbhardwaj@example.net,05896268384,Bangalore,35,2023-11-16
CUST01357,Nirja Jha,dugalanay@example.net,06123961219,Chennai,64,2023-02-27
CUST01358,Gaurang Chaudhry,lilachaudhari@example.net,+910706690107,Delhi,20,2023-12-04
CUST01359,Vasana Din,lilakashyap@example.org,08649703506,Hyderabad,57,2023-10-17
CUST01360,Yasti Sachdev,rayaannigam@example.com,7077312315,Mumbai,33,2023-07-28
CUST01361,Eesha Sarraf,parmarjoshua@example.net,+918799384440,Chennai,22,2023-07-19
CUST01362,Henry Bose,devansh47@example.org,1235036871,Delhi,56,2023-07-26
CUST01363,Falan Barad,nseshadri@example.com,0234456844,Mumbai,46,2023-09-08
CUST01364,Chaaya Bakshi,pallavisane@example.com,+911632957378,Surat,61,2024-01-11
CUST01365,Isha Tara,sneha29@example.net,2731868302,Mumbai,33,2023-11-24
CUST01366,Garima Pillay,nihal33@example.org,01651854839,Mumbai,43,2023-09-18
CUST01367,Arjun Shukla,charitamanne@example.com,04621595841,Ahmedabad,32,2024-05-21
CUST01368,Amrita Contractor,cbhatt@example.org,00221816981,Jaipur,31,2024-01-03
CUST01369,Hardik Kari,anusha76@example.net,+919483774029,Mumbai,26,2024-03-26
CUST01370,Nidhi Mani,sakshambalakrishnan@example.org,05099621836,Jaipur,36,2023-08-21
CUST01371,Jatin Purohit,bsachdev@example.org,+912563420222,Chennai,70,2024-01-21
CUST01372,Amruta Baral,joshiraksha@example.com,3675901779,Surat,38,2023-03-21
CUST01373,Daksha Majumdar,rdara@example.com,+919233517465,Surat,56,2023-09-19
CUST01374,Logan Puri,choudharyleela@example.org,02631995695,Pune,33,2023-08-11
CUST01375,Qadim Sunder,qprashad@example.org,09003850255,Kolkata,27,2023-03-16
CUST01376,Anika Mani,mohini72@example.org,8390473314,Jaipur,32,2024-05-23
CUST01377,Kritika Chacko,vasatika49@example.org,+915114978879,Hyderabad,37,2024-04-02
CUST01378,Devansh Desai,mannakshay@example.net,04377661830,Kolkata,21,2024-01-30
CUST01379,Yadavi Behl,chaudhryvarsha@example.org,+914391511436,Jaipur,55,2023-10-13
CUST01380,Onkar Chawla,sunderfaras@example.net,01096856425,Bangalore,58,2024-03-01
CUST01381,Niharika Agate,priyahora@example.org,1542306002,Hyderabad,53,2023-05-22
CUST01382,Yadavi Sankaran,gautami05@example.org,+914114206670,Ahmedabad,21,2023-04-05
CUST01383,Aahana Nagarajan,anirudhchandran@example.com,03382222400,Pune,59,2024-06-25
CUST01384,Kalpit Gour,champakpradhan@example.com,+910190113484,Hyderabad,68,2023-05-29
CUST01385,Reyansh Kari,janujagolla@example.net,01323945645,Jaipur,38,2023-04-17
CUST01386,Quincy Tella,xmisra@example.com,7602498663,Hyderabad,44,2023-06-27
CUST01387,Ishanvi Kota,osetty@example.net,03498529735,Bangalore,37,2023-09-04
CUST01388,Gaurika Goel,xraval@example.com,1476253809,Hyderabad,29,2024-05-18
CUST01389,Charita Cheema,urvashi53@example.org,09524746653,Jaipur,48,2023-08-02
CUST01390,Joshua Nori,miteshmann@example.org,6792415712,Chennai,32,2024-01-01
CUST01391,Ronith Kapur,anika34@example.com,5863906168,Kolkata,63,2023-04-27
CUST01392,Warjas Brahmbhatt,wchar@example.org,8116837103,Bangalore,69,2023-02-24
CUST01393,Urvi De,ebhargava@example.net,+910148967808,Ahmedabad,21,2024-05-08
CUST01394,Anvi Johal,deepjason@example.com,03947625429,Jaipur,44,2024-06-25
CUST01395,Lipika Minhas,nidra33@example.net,+917299403694,Hyderabad,53,2023-10-25
CUST01396,Imaran Golla,trajagopal@example.com,7196706833,Jaipur,26,2023-07-28
CUST01397,Bachittar Cheema,kchokshi@example.com,0163994901,Hyderabad,33,2023-05-21
CUST01398,Anita Magar,vamakshisaini@example.com,3481409841,Kolkata,31,2024-02-14
CUST01399,Radha Tak,baljiwanborah@example.com,1160499100,Pune,59,2024-04-14
CUST01400,Balvan Dora,hsahni@example.com,0199034213,Delhi,46,2023-06-22
CUST01401,Chasmum Lal,darpankadakia@example.com,+911607917913,Pune,23,2024-05-21
CUST01402,Daniel Buch,vasana11@example.com,+913219402470,Jaipur,64,2023-05-05
CUST01403,Bimala Chanda,deotripti@example.net,05271936785,Chennai,21,2023-10-17
CUST01404,Priya Guha,kharefariq@example.org,7491619423,Kolkata,42,2024-01-01
CUST01405,Ijaya Mander,borrawazir@example.org,03506962616,Surat,56,2023-11-15
CUST01406,Geetika Ganesh,parth74@example.org,+912547179899,Mumbai,22,2023-07-01
CUST01407,Pooja Ramakrishnan,yashawini99@example.org,+910519567563,Chennai,69,2023-08-15
CUST01408,Madhav Gour,dchadha@example.org,06256504607,Surat,64,2023-02-24
CUST01409,Fitan Menon,indrajit30@example.com,6240871006,Jaipur,31,2023-09-06
CUST01410,Anita Chaudhry,ideshmukh@example.org,+917623811522,Ahmedabad,31,2023-06-08
CUST01411,Pratyush Gill,bhanumatiarya@example.net,07528359994,Pune,37,2023-03-01
CUST01412,George Barad,sneha91@example.org,01135053572,Mumbai,31,2023-05-06
CUST01413,Abhimanyu Sarkar,jacob57@example.net,+919783028010,Chennai,65,2024-05-08
CUST01414,Bhavna Narayan,charvibrahmbhatt@example.net,02814478674,Delhi,65,2024-02-16
CUST01415,Balhaar Gill,uppaludant@example.org,03578037891,Ahmedabad,33,2024-01-14
CUST01416,Tristan Saxena,wriddhish69@example.net,+915585575994,Surat,63,2024-01-30
CUST01417,Arunima Grover,sainiqushi@example.net,0452898606,Chennai,43,2023-03-18
CUST01418,Lipika Narula,psharaf@example.org,04570165276,Chennai,53,2023-03-31
CUST01419,Omya Biswas,dalbir25@example.org,0843769929,Pune,67,2024-04-14
CUST01420,Amruta Mitra,ltara@example.com,+918423242348,Kolkata,42,2023-02-15
CUST01421,Anusha Buch,tdate@example.org,5536915855,Ahmedabad,52,2023-10-01
CUST01422,Leena Ghosh,aradhakrishnan@example.org,02570333295,Pune,37,2024-01-18
CUST01423,Jagrati Golla,fitannagy@example.net,2863040296,Kolkata,41,2023-08-29
CUST01424,Saanvi Dugar,sunderchakrika@example.org,2204167821,Jaipur,49,2023-08-12
CUST01425,Patrick Ravi,ekadakia@example.org,03250313928,Ahmedabad,24,2023-03-07
CUST01426,Abhimanyu Goyal,chakradevsahota@example.org,9019333593,Ahmedabad,66,2023-10-17
CUST01427,Frado Bhatia,bhardwajanthony@example.org,9561622564,Pune,31,2024-01-31
CUST01428,Yoshita Pillay,dayamai07@example.net,2304532316,Pune,38,2024-01-06
CUST01429,Udyati Warrior,manegarima@example.com,07437019453,Hyderabad,20,2024-01-19
CUST01430,Faris Seth,asangha@example.net,05052761209,Surat,32,2023-05-04
CUST01431,Ekani Sood,rayethan@example.net,0223116787,Bangalore,19,2023-02-25
CUST01432,Prisha Jayaraman,yatan22@example.org,7185921268,Kolkata,53,2024-02-10
CUST01433,Oeshi Kannan,fchacko@example.com,+919430003753,Surat,55,2023-11-26
CUST01434,Yagnesh Bora,lukelad@example.com,09866932784,Hyderabad,36,2023-04-05
CUST01435,Watika Sachar,ekbal53@example.net,+910114065266,Bangalore,30,2023-07-10
CUST01436,Sai Kannan,devansh27@example.org,05533756569,Pune,32,2023-10-07
CUST01437,Abha Wadhwa,svaidya@example.net,02249451046,Hyderabad,54,2023-12-24
CUST01438,Abdul Sachdev,omyanarain@example.com,5120627672,Chennai,49,2023-12-10
CUST01439,Ekaja Bains,qkale@example.net,02129146502,Jaipur,59,2023-04-28
CUST01440,Brinda Tak,sahuja@example.com,09725184070,Pune,34,2023-05-26
CUST01441,Girik Master,xdhawan@example.org,+917209451676,Ahmedabad,64,2024-03-04
CUST01442,Advik Rana,niharikakanda@example.net,+918630112200,Ahmedabad,47,2024-05-06
CUST01443,Yahvi Loyal,lipikakulkarni@example.net,+913367960828,Bangalore,64,2023-12-14
CUST01444,Frederick Jhaveri,vanand@example.net,4946920856,Pune,28,2023-07-03
CUST01445,Ishaan Guha,advikapingle@example.org,3500115461,Bangalore,64,2023-10-10
CUST01446,Chanakya Kalita,mangalaadhya@example.net,+910404315668,Jaipur,49,2023-08-02
CUST01447,Ganga Halder,maharajyutika@example.net,+917475580309,Bangalore,52,2023-12-31
CUST01448,Neha Varty,lakshmi47@example.org,07840190271,Mumbai,51,2023-09-04
CUST01449,Veda Chauhan,gchander@example.com,6686119976,Mumbai,22,2023-09-21
CUST01450,Rushil Dutta,ebhatti@example.org,5058353458,Mumbai,66,2023-03-18
CUST01451,Pahal Narang,idoctor@example.com,+915339982426,Mumbai,44,2023-09-02
CUST01452,Girindra Sidhu,jnayak@example.org,+915846687930,Bangalore,58,2024-03-28
CUST01453,Abeer Doshi,samarth27@example.org,06698345150,Chennai,22,2023-05-06
CUST01454,Zarna Prabhakar,pooja13@example.org,7308972073,Bangalore,18,2023-11-19
CUST01455,Veda Soman,vshah@example.org,+918425278630,Chennai,50,2024-03-11
CUST01456,Abhiram Savant,dhingraelijah@example.org,+914234473057,Ahmedabad,41,2024-04-14
CUST01457,Upasna Chandra,rdara@example.net,7165965667,Mumbai,57,2023-09-05
CUST01458,Krishna Viswanathan,robertmani@example.com,+910952242653,Surat,48,2024-03-11
CUST01459,Qabil Datta,borraaarna@example.org,0705473601,Ahmedabad,19,2023-07-31
CUST01460,Fitan Narasimhan,charcaleb@example.org,02600802658,Mumbai,52,2023-11-27
CUST01461,Advika Sidhu,tamanna83@example.org,04883571921,Jaipur,44,2023-07-05
CUST01462,Urmi Chand,leena38@example.com,6432031726,Mumbai,19,2023-09-13
CUST01463,Zarna Dhar,maya85@example.com,2724000208,Jaipur,64,2023-08-28
CUST01464,Gabriel Modi,ubadal@example.org,0854327163,Kolkata,52,2024-02-15
CUST01465,Wahab Nagarajan,ykalla@example.net,3010009089,Kolkata,19,2023-12-06
CUST01466,Sachi Verma,aggarwaldayita@example.net,+912835415892,Jaipur,70,2023-12-24
CUST01467,Victor Bawa,thomas76@example.com,+913662808122,Hyderabad,69,2024-01-18
CUST01468,Zinal Bhavsar,chavvi74@example.com,+915311058330,Bangalore,24,2024-04-21
CUST01469,Widisha Jain,sthakur@example.org,+918914269376,Delhi,51,2024-02-16
CUST01470,Ayush Chawla,bsunder@example.com,1877628836,Bangalore,33,2024-05-24
CUST01471,Ishita Bakshi,ranganathanneel@example.com,02922666788,Chennai,57,2023-02-18
CUST01472,Sara Ranganathan,ranaekta@example.org,+918989074993,Jaipur,34,2024-03-25
CUST01473,Krishna Naik,vansha77@example.org,05976408385,Pune,35,2024-06-09
CUST01474,Edhitha Balan,mannanjeet@example.com,+916578939129,Hyderabad,23,2024-06-08
CUST01475,Meghana Panchal,warriorridhi@example.org,1486005009,Pune,43,2023-05-16
CUST01476,Pratyush Virk,wswamy@example.net,00302930112,Ahmedabad,54,2023-08-02
CUST01477,Devansh Tripathi,fbanik@example.com,+919069522233,Chennai,62,2023-09-06
CUST01478,Jagat Babu,cganguly@example.org,03024266249,Chennai,37,2023-09-27
CUST01479,Upasna Mani,narainwarda@example.net,+914469567406,Delhi,59,2023-11-13
CUST01480,Sathvik Pathak,zehaan53@example.com,01466886583,Mumbai,23,2024-01-14
CUST01481,Yashawini Issac,veer58@example.com,2673664853,Hyderabad,42,2023-05-01
CUST01482,Urvashi Patla,gagrawal@example.net,03269834436,Hyderabad,53,2024-06-28
CUST01483,Azad Parekh,modyeiravati@example.org,00928467200,Ahmedabad,21,2023-10-01
CUST01484,Orinder Hayre,sibalsanya@example.org,7295450380,Mumbai,62,2023-03-16
CUST01485,Gautami Panchal,pandyabalvan@example.net,+910450281435,Bangalore,23,2023-06-07
CUST01486,Liam Shetty,viraj37@example.net,03111235904,Ahmedabad,45,2024-06-26
CUST01487,Nandini Parmar,trivenilalla@example.org,6625108573,Pune,54,2023-11-05
CUST01488,Ijaya Master,faris46@example.org,1935117455,Delhi,51,2023-07-20
CUST01489,Sudiksha Balay,edeshmukh@example.org,1673374612,Mumbai,32,2024-04-13
CUST01490,Vamakshi Prasad,wganesan@example.com,01260848187,Chennai,62,2023-08-29
CUST01491,Daniel Samra,fiyazsankar@example.org,+913995167045,Surat,48,2023-03-01
CUST01492,Luke Dass,osastry@example.net,+912343888048,Kolkata,20,2023-08-05
CUST01493,Bishakha Doshi,dhillonkala@example.net,+916450282313,Delhi,61,2023-06-21
CUST01494,Janaki Prabhakar,dradhakrishnan@example.org,9115490443,Kolkata,52,2024-05-08
CUST01495,Chandani Kothari,opradhan@example.org,+912977115062,Surat,60,2024-01-22
CUST01496,Unni Date,znori@example.org,03281629108,Mumbai,29,2023-10-17
CUST01497,Naksh Chaudhari,mekhalaborra@example.com,03767105298,Pune,19,2024-01-22
CUST01498,Aarav Sathe,hiral99@example.net,+915304450020,Chennai,55,2023-04-19
CUST01499,Yagnesh Talwar,kaladayita@example.net,00295867603,Bangalore,66,2024-01-05
CUST01500,Anita Anand,anjalireddy@example.net,7541823688,Hyderabad,22,2023-04-02
CUST01501,Yagnesh Deo,egera@example.org,01334601842,Kolkata,28,2023-04-28
CUST01502,Wahab Wason,janakikeer@example.org,+918316816360,Surat,33,2023-06-12
CUST01503,Varenya Korpal,darora@example.net,9476720005,Surat,42,2023-04-19
CUST01504,Harish Bedi,dandra@example.org,03485089512,Jaipur,39,2023-06-01
CUST01505,Kamya Buch,buchalka@example.net,05456972965,Hyderabad,66,2023-08-02
CUST01506,Quincy Setty,ftara@example.org,07188626395,Bangalore,68,2023-09-02
CUST01507,Neelima Raj,bkanda@example.com,07371388740,Delhi,50,2023-05-07
CUST01508,Teerth Mani,tbiswas@example.com,06276330411,Pune,21,2024-03-24
CUST01509,Gunbir Misra,harshprasad@example.org,08319686364,Delhi,45,2023-10-12
CUST01510,Lipika Munshi,kyohannan@example.com,8703688300,Chennai,22,2023-07-02
CUST01511,Vidhi Kari,skaran@example.org,09229127065,Pune,56,2023-12-10
CUST01512,Devansh Bassi,chandresh62@example.net,+911872282471,Surat,56,2023-10-31
CUST01513,Gagan Yadav,sekhonnandini@example.net,+917578984974,Hyderabad,67,2023-12-02
CUST01514,Dakshesh Mutti,krishnachhabra@example.com,+911486565818,Pune,19,2023-12-21
CUST01515,Aditya Sant,tailorsiddharth@example.net,5631631297,Kolkata,68,2024-06-20
CUST01516,Indira Sen,oeshichauhan@example.com,4963788119,Ahmedabad,49,2024-04-10
CUST01517,Chatresh Ramanathan,champakcomar@example.org,0716753216,Chennai,40,2023-06-04
CUST01518,Oviya Dara,farajsinghal@example.net,5490049037,Jaipur,42,2024-01-17
CUST01519,Chakrika Prabhu,yahvi35@example.net,03998127439,Hyderabad,29,2023-12-27
CUST01520,Ekanta Oommen,sarmaanita@example.org,2581476212,Surat,60,2024-02-03
CUST01521,Baljiwan Dara,kkaul@example.net,05413845315,Hyderabad,23,2023-08-27
CUST01522,Xavier Anand,hratta@example.net,5909645987,Surat,36,2023-04-22
CUST01523,Azad Goda,sharmaveda@example.net,+915166811339,Chennai,63,2023-10-07
CUST01524,Sneha Balakrishnan,hdeshpande@example.com,3402422241,Delhi,23,2024-01-25
CUST01525,Darsh Sabharwal,qasimkeer@example.com,04018144424,Kolkata,27,2024-03-01
CUST01526,Nachiket Balasubramanian,atikonda@example.com,+919476511861,Hyderabad,63,2024-06-19
CUST01527,Anusha Anand,harshil47@example.com,+919891370542,Bangalore,65,2023-07-13
CUST01528,Girik Bhalla,lekhaborra@example.net,+910356594299,Hyderabad,38,2024-06-25
CUST01529,Owen Khurana,traja@example.com,09692295338,Pune,24,2023-08-25
CUST01530,Girik Bhattacharyya,amolkashyap@example.com,+914240662834,Delhi,18,2023-09-07
CUST01531,Charita Varughese,wazirkurian@example.org,05186694086,Kolkata,46,2024-03-09
CUST01532,Bhavna Gill,zaid82@example.com,2855074350,Pune,66,2023-11-30
CUST01533,Nihal Virk,anita70@example.org,6964535917,Kolkata,24,2023-09-04
CUST01534,Aarna Shankar,virksaksham@example.org,+919954288734,Bangalore,23,2024-06-22
CUST01535,Krishna Varty,csani@example.net,9947061706,Bangalore,45,2023-12-03
CUST01536,Advika Sarraf,buchatharv@example.org,4715675665,Ahmedabad,53,2023-02-13
CUST01537,Faraj Tiwari,rbahri@example.org,07449234359,Jaipur,50,2024-05-04
CUST01538,Zansi Narang,mallekiya@example.org,5669375402,Hyderabad,24,2024-04-02
CUST01539,Pranav Saran,sinhaoliver@example.com,01402503857,Mumbai,23,2023-09-16
CUST01540,Krisha Mitra,sabharwalzaid@example.net,4936806358,Pune,53,2023-08-08
CUST01541,Frado Bains,dhaliwalreva@example.net,6951930485,Delhi,56,2023-04-28
CUST01542,Tripti Palla,dsoman@example.org,05620363444,Surat,68,2023-05-30
CUST01543,Neha Trivedi,okonda@example.org,1233576170,Pune,42,2023-09-26
CUST01544,Jeet Sekhon,ati57@example.com,02626367850,Mumbai,36,2023-10-27
CUST01545,Warhi Lanka,nprasad@example.com,4348529537,Hyderabad,42,2024-02-25
CUST01546,Ayaan Khatri,dramachandran@example.com,7404207675,Delhi,64,2023-03-25
CUST01547,Indali Iyengar,gaurang15@example.com,+913099000940,Jaipur,33,2024-03-19
CUST01548,Mitali Parikh,wyattmannan@example.net,05385653523,Surat,51,2024-04-23
CUST01549,Nisha Sani,aryabalhaar@example.com,00911034956,Bangalore,61,2023-03-24
CUST01550,Dipta Buch,chaudryeesha@example.net,+917466144776,Hyderabad,28,2024-05-22
CUST01551,Yasti Sur,mandtriya@example.net,6668290525,Bangalore,35,2023-09-04
CUST01552,Anay Vyas,majumdarnitesh@example.net,+913029276405,Kolkata,35,2023-07-02
CUST01553,Wyatt Warrior,jghosh@example.org,00513186604,Ahmedabad,27,2023-10-14
CUST01554,Yagnesh Kala,kulkarnisudiksha@example.net,8524744203,Delhi,28,2023-07-27
CUST01555,Baghyawati Chauhan,ganesanupkaar@example.net,03518664774,Hyderabad,35,2023-04-02
CUST01556,Samar Peri,tiwariraghav@example.org,+915853465815,Hyderabad,37,2023-05-29
CUST01557,Oliver Dani,vnarang@example.net,0984128655,Ahmedabad,68,2024-03-25
CUST01558,Krisha Sharma,pranav38@example.org,+919348918003,Delhi,41,2024-06-10
CUST01559,Aarna Rajan,aashidatta@example.net,2421959730,Kolkata,33,2024-04-10
CUST01560,Oscar Bhatnagar,mohammed73@example.com,+911461331555,Ahmedabad,56,2023-05-22
CUST01561,Dev Nagi,balvangupta@example.org,04077811096,Surat,30,2023-08-13
CUST01562,Dhriti Nagarajan,vray@example.net,03454182991,Ahmedabad,24,2023-04-25
CUST01563,Harita Dua,sahadamyanti@example.net,+919106166910,Bangalore,37,2023-03-14
CUST01564,Nathaniel Krishna,jatinravel@example.net,+916822175626,Mumbai,43,2024-04-08
CUST01565,Madhav Balasubramanian,anikataneja@example.net,1005932572,Pune,57,2024-03-01
CUST01566,Chandran Jaggi,madhavbalasubramanian@example.org,7485972438,Hyderabad,69,2023-10-03
CUST01567,Maanav Palla,merchantgaurika@example.org,0580286060,Pune,46,2023-07-07
CUST01568,Oscar Gopal,agastya65@example.com,04769509041,Pune,45,2023-12-29
CUST01569,Rajata Ramanathan,samarth01@example.com,05623887888,Surat,26,2023-09-23
CUST01570,Idika Sandal,ethanjha@example.com,0622901138,Kolkata,38,2023-08-24
CUST01571,Vasatika Malhotra,wbuch@example.net,0380351489,Surat,62,2024-03-20
CUST01572,Yatan Ganguly,darika19@example.net,+914790534728,Chennai,48,2023-06-13
CUST01573,Girik Rege,okale@example.org,5326708488,Pune,29,2023-09-04
CUST01574,Garima Rai,ojaspillai@example.net,8228280183,Hyderabad,38,2023-05-01
CUST01575,Shaurya Barman,guppal@example.com,08467678096,Kolkata,65,2023-07-03
CUST01576,Varsha Luthra,eshana97@example.com,+911353175559,Ahmedabad,54,2023-12-26
CUST01577,Anvi Yogi,fmalhotra@example.net,+914862675119,Chennai,38,2023-12-21
CUST01578,Aarini Natt,amritaray@example.com,01564196789,Hyderabad,35,2023-09-15
CUST01579,Chandresh Jhaveri,yamini20@example.org,03015972242,Hyderabad,41,2023-04-17
CUST01580,Tanveer Mody,varsharaj@example.com,0984601804,Delhi,54,2023-02-17
CUST01581,Ronith Mital,boragauri@example.org,03586671554,Chennai,55,2023-06-30
CUST01582,Hemani Konda,mayabaria@example.net,07462720536,Jaipur,29,2024-05-23
CUST01583,Dev Chhabra,ikshitarege@example.com,2850215538,Jaipur,19,2023-06-16
CUST01584,Widisha Setty,ekaja82@example.org,+916264395678,Ahmedabad,63,2023-06-27
CUST01585,Aarnav Sehgal,srivastavahemal@example.org,9919817755,Chennai,46,2023-03-19
CUST01586,Chandani Char,noah53@example.net,+916498283859,Kolkata,62,2023-10-10
CUST01587,Sai Saraf,ladli59@example.org,00554943436,Delhi,70,2023-11-10
CUST01588,Harsh Nayar,jghosh@example.net,+919490763415,Hyderabad,61,2023-05-29
CUST01589,Unnati Dash,battaimaran@example.org,04773494314,Ahmedabad,26,2024-01-28
CUST01590,Kiaan Ghose,jasmit78@example.com,04135474168,Kolkata,33,2023-07-28
CUST01591,Unni Kala,max32@example.net,05580957947,Kolkata,60,2023-08-14
CUST01592,Nilima Rau,dugaladweta@example.net,1362334704,Bangalore,63,2023-02-22
CUST01593,Zayan Rattan,qchar@example.net,09734185595,Hyderabad,68,2024-06-27
CUST01594,Xalak Mander,neha01@example.com,+913961017590,Hyderabad,22,2024-01-10
CUST01595,Henry Sarma,rajagopaltriveni@example.net,4907869285,Ahmedabad,56,2023-07-20
CUST01596,Mitali Dugal,patlawarjas@example.net,9676353673,Ahmedabad,55,2023-08-17
CUST01597,Nikita Bath,dbhardwaj@example.org,+918834133513,Hyderabad,52,2023-12-17
CUST01598,Anita Gupta,sidhudayita@example.org,04936635796,Jaipur,62,2023-09-23
CUST01599,Amrita Venkatesh,hayreadvay@example.net,+917356582608,Hyderabad,52,2023-05-11
CUST01600,Pratyush Sagar,urishillalalla@example.net,+912886691122,Mumbai,68,2024-06-08
CUST01601,Faqid Lalla,ekantikadutt@example.com,+911978925946,Pune,62,2024-06-18
CUST01602,Siya Lalla,krishna53@example.org,05441181851,Jaipur,56,2023-05-31
CUST01603,Raghav Vaidya,nigammaanas@example.org,+918819376841,Delhi,24,2023-11-10
CUST01604,Watika Buch,lavanya22@example.org,+914833354011,Chennai,60,2023-05-16
CUST01605,Sarthak Ramachandran,hayreaarav@example.net,06477090676,Pune,28,2023-04-08
CUST01606,Udyati Purohit,kashviagate@example.com,07162172048,Surat,20,2023-11-03
CUST01607,Chandran Mistry,thakermadhavi@example.net,+910326456496,Surat,59,2023-10-06
CUST01608,Fiyaz Rattan,naiduvihaan@example.net,0649097034,Hyderabad,66,2023-04-19
CUST01609,Shravya Bera,biswaskashvi@example.net,1368296707,Pune,68,2023-07-02
CUST01610,Gaurangi Koshy,kotharimitali@example.net,+915260221690,Hyderabad,24,2023-11-16
CUST01611,Jeevika Majumdar,dhaliwalvincent@example.org,08384391065,Mumbai,24,2023-09-26
CUST01612,Frado Srinivasan,hamsini46@example.net,+915102140128,Kolkata,32,2023-06-16
CUST01613,Ganga Pillai,oarora@example.com,7177170305,Jaipur,65,2023-09-07
CUST01614,Dakshesh Mitter,dayalzehaan@example.net,00516483895,Jaipur,53,2023-05-29
CUST01615,Lekha Lad,settynetra@example.com,06006434597,Surat,62,2024-01-19
CUST01616,Fariq Sodhi,chaitanyakari@example.org,+914967574510,Surat,32,2023-07-15
CUST01617,Caleb Mitter,hkalla@example.net,+915605427079,Ahmedabad,41,2024-03-11
CUST01618,Chandani Sood,gdalal@example.org,+917976475456,Hyderabad,47,2023-08-03
CUST01619,Yauvani Shah,ojasram@example.net,3485403909,Surat,62,2023-10-26
CUST01620,Ikshita Saha,sarafladli@example.net,9261382687,Jaipur,27,2023-03-01
CUST01621,Ridhi Shan,dprasad@example.org,3996263779,Pune,19,2023-05-16
CUST01622,Ekaraj Chada,sarmawilliam@example.com,+912896220682,Ahmedabad,24,2023-07-07
CUST01623,Vincent Hans,charlesdhar@example.org,9344606069,Kolkata,44,2024-06-22
CUST01624,Utkarsh Agate,ppadmanabhan@example.org,+915786529412,Delhi,25,2023-10-25
CUST01625,Vasatika Bava,rajaalka@example.com,8548753119,Bangalore,40,2023-12-27
CUST01626,Aahana Ganesan,inaya42@example.net,+915376425507,Kolkata,39,2023-11-20
CUST01627,Sanya Ranganathan,golebrijesh@example.org,9221317019,Ahmedabad,68,2024-06-14
CUST01628,Nandini Sachdeva,karanzacharia@example.com,8728731424,Chennai,51,2023-11-25
CUST01629,Oscar Chowdhury,tramanathan@example.com,+916033288807,Ahmedabad,40,2023-02-15
CUST01630,Farhan Barman,vinayamuni@example.com,1202201754,Ahmedabad,24,2023-08-16
CUST01631,Ekalinga Rao,wishi92@example.net,1046627501,Ahmedabad,64,2023-08-10
CUST01632,Sara Krishnan,onkar03@example.net,00785483309,Ahmedabad,38,2024-06-13
CUST01633,Lucky Khanna,mitaliwarrior@example.net,0601457923,Delhi,37,2023-04-21
CUST01634,Faqid Loyal,xiti19@example.net,00150196797,Mumbai,69,2024-01-15
CUST01635,Kai Palla,dechakradhar@example.org,2852332970,Delhi,19,2024-04-06
CUST01636,Vansha Oak,harshiloza@example.net,5511639714,Pune,59,2023-12-12
CUST01637,Unnati Natt,smittal@example.org,02487396262,Delhi,61,2023-08-05
CUST01638,Zansi Khanna,gokhalecharita@example.net,7736772443,Bangalore,65,2023-12-29
CUST01639,Hema Modi,fvenkataraman@example.org,6571564380,Chennai,51,2024-04-07
CUST01640,Upkaar Madan,minhasjeremiah@example.com,09600094091,Bangalore,53,2023-09-11
CUST01641,Vasudha Kari,isagar@example.com,+916622549203,Bangalore,39,2023-09-08
CUST01642,Chatresh Chad,daniel15@example.org,03117226414,Jaipur,45,2023-10-18
CUST01643,Oviya Arya,bhattiamaira@example.org,3359847422,Ahmedabad,32,2023-11-29
CUST01644,Ekantika Sahni,ysrivastava@example.com,+915390226247,Hyderabad,58,2024-02-14
CUST01645,Neha Nair,basaksamaksh@example.org,9090064761,Bangalore,29,2024-04-22
CUST01646,Charvi Dhingra,fthakur@example.org,5540423169,Hyderabad,43,2023-10-18
CUST01647,Darsh Sant,zpatla@example.com,3934396904,Mumbai,65,2023-07-23
CUST01648,Qadim Palan,yochanasingh@example.net,3573381330,Surat,30,2024-05-27
CUST01649,Aradhana Oak,sathvikbedi@example.org,+916412247409,Ahmedabad,55,2023-11-10
CUST01650,Tara Dugar,khuranavictor@example.com,+915160232510,Hyderabad,42,2023-10-16
CUST01651,Jasmit Parikh,wishi09@example.com,0422456411,Mumbai,63,2023-12-08
CUST01652,Kamya Pradhan,deepekani@example.org,0781913505,Chennai,31,2024-02-07
CUST01653,Dayita Kumar,singhalimaran@example.com,7557166328,Kolkata,66,2023-12-27
CUST01654,Arunima Rout,anaysani@example.org,6218563520,Delhi,54,2024-04-27
CUST01655,Tara Sarin,munshibenjamin@example.com,+910598685697,Delhi,69,2023-10-02
CUST01656,Damini Gupta,pahalbajwa@example.net,+919010146103,Jaipur,29,2023-12-11
CUST01657,Yochana Vohra,yogisarthak@example.org,06163881687,Pune,38,2024-02-03
CUST01658,Gaurang Wable,osha90@example.com,0965688267,Chennai,47,2023-05-12
CUST01659,Advik Srinivas,vinayadugar@example.org,8147237356,Delhi,34,2023-07-05
CUST01660,Zaitra Kapoor,wallatristan@example.org,09789995145,Ahmedabad,51,2024-06-18
CUST01661,Nisha Shenoy,ladlila@example.com,09066886751,Pune,56,2024-04-24
CUST01662,Vyanjana Chaudhuri,sandaldaksha@example.com,00595634318,Hyderabad,57,2023-03-09
CUST01663,Shaurya Din,balikrish@example.com,5653377730,Hyderabad,55,2024-01-19
CUST01664,Kritika Tandon,lchokshi@example.org,01548720124,Delhi,40,2024-01-13
CUST01665,Kavya Mannan,ekani00@example.com,09080998397,Pune,47,2023-09-02
CUST01666,Warjas Venkatesh,tdeshmukh@example.com,+916303438300,Surat,29,2023-02-28
CUST01667,Bishakha Kapoor,nakul94@example.net,+910741799654,Kolkata,57,2023-09-08
CUST01668,Michael Vala,whayer@example.org,9622527560,Surat,23,2023-02-15
CUST01669,Zaid Barad,udarshmangat@example.org,06771251589,Bangalore,38,2024-02-18
CUST01670,Harsh Varty,yashicaarora@example.com,+916660812392,Delhi,33,2023-10-16
CUST01671,Anya Sunder,rajrishi@example.com,+915276958444,Kolkata,25,2023-05-02
CUST01672,Nathaniel Lad,zayanyadav@example.net,03137371450,Bangalore,41,2023-06-06
CUST01673,Imaran Walia,dualajita@example.net,09141939606,Bangalore,50,2023-03-27
CUST01674,Suhani Chanda,chaudryjeremiah@example.net,06924768834,Hyderabad,44,2023-03-16
CUST01675,Thomas Lala,mandgirik@example.org,+918118140513,Surat,26,2023-05-02
CUST01676,Sai Agate,devika70@example.net,06094067148,Surat,42,2023-10-01
CUST01677,Ekapad Bains,henrylala@example.com,04572275794,Hyderabad,29,2024-03-16
CUST01678,Amrita Bala,tanishsengupta@example.com,09998709339,Ahmedabad,58,2023-04-07
CUST01679,Maya Mani,grewalnidhi@example.com,+910603267531,Jaipur,62,2024-02-01
CUST01680,Ijaya Suresh,fkhurana@example.net,+911089654612,Bangalore,53,2023-07-25
CUST01681,Baljiwan Rama,ansh04@example.com,08679486989,Bangalore,49,2023-06-29
CUST01682,Zansi Boase,parora@example.org,01007701773,Kolkata,26,2024-01-07
CUST01683,Dayita Hora,balhaarsawhney@example.net,+911171960049,Bangalore,38,2023-02-24
CUST01684,Amrita Mangat,gabriel55@example.net,07433384965,Ahmedabad,57,2023-08-20
CUST01685,Veer Chopra,nbala@example.net,+915300499926,Mumbai,40,2023-12-25
CUST01686,Tanish Raju,sridhartanmayi@example.org,+917394624872,Mumbai,49,2024-05-25
CUST01687,Ikshita Vora,qnarayan@example.org,2768714134,Bangalore,30,2023-11-29
CUST01688,Vasatika Ramakrishnan,bbandi@example.org,05817357921,Hyderabad,53,2024-05-01
CUST01689,Lipika Deshpande,aryan69@example.net,3546463989,Jaipur,59,2023-09-26
CUST01690,Chaman Narang,vedika03@example.net,3427186692,Ahmedabad,44,2023-08-14
CUST01691,Christopher Narayan,ghoselopa@example.org,+910110156161,Ahmedabad,44,2024-04-13
CUST01692,Reyansh Kuruvilla,yoshita12@example.org,+910088238469,Ahmedabad,49,2023-12-24
CUST01693,Vanya Datta,tejasborah@example.org,04817736556,Bangalore,23,2023-03-20
CUST01694,Jonathan Bora,loganbail@example.com,+911864176130,Surat,19,2023-05-02
CUST01695,Adweta Dada,bkhare@example.net,+915991676403,Chennai,36,2023-04-28
CUST01696,Vedant Gola,logan82@example.net,07126937949,Mumbai,35,2024-04-13
CUST01697,Noah Grewal,qasim96@example.com,04843686811,Chennai,52,2023-03-22
CUST01698,Timothy Batra,bkurian@example.net,8058771555,Kolkata,28,2023-12-08
CUST01699,Lipika Ganesan,ewali@example.net,+912591204637,Ahmedabad,54,2023-05-08
CUST01700,Pranav Ranganathan,nbajaj@example.org,+915841802955,Ahmedabad,53,2024-01-09
CUST01701,Upadhriti Karan,mhayre@example.com,09551924741,Jaipur,25,2023-03-21
CUST01702,Tarak Raman,narora@example.net,6256761125,Surat,25,2024-06-03
CUST01703,Naveen Jha,azaanatwal@example.net,+915630829248,Kolkata,67,2023-04-24
CUST01704,Udant Garg,baralurmi@example.net,8831273654,Jaipur,70,2023-11-14
CUST01705,Qarin Agate,adeol@example.org,7084287416,Pune,52,2024-01-21
CUST01706,Vrishti Sani,meghananarain@example.org,+919555100510,Mumbai,66,2023-10-29
CUST01707,Aahana Dave,pushtighose@example.org,0036072235,Ahmedabad,52,2023-03-04
CUST01708,Aarnav Gupta,lucky43@example.com,03916928091,Chennai,45,2024-04-26
CUST01709,Timothy Dasgupta,nsandhu@example.com,7403304544,Delhi,65,2023-03-17
CUST01710,Lopa Chaudhary,qraman@example.net,00084458015,Chennai,37,2024-02-14
CUST01711,Vrishti Ray,luke96@example.net,+918092411505,Mumbai,46,2024-03-30
CUST01712,Ojasvi Chaudhary,jasonnarayan@example.org,5523228058,Kolkata,40,2024-04-09
CUST01713,Tamanna Saxena,wahab54@example.net,+914762539501,Delhi,46,2023-03-28
CUST01714,Nathan Nair,yashawini62@example.com,08882603174,Delhi,67,2023-11-07
CUST01715,Wazir Bahri,jagrati88@example.org,9718614229,Chennai,31,2024-06-25
CUST01716,Jhalak Narasimhan,janya92@example.org,05967577991,Surat,62,2023-04-07
CUST01717,Saumya Kapoor,modygarima@example.com,02745116089,Pune,63,2024-06-19
CUST01718,Ucchal Barad,palloliver@example.org,+913368960083,Surat,58,2023-06-29
CUST01719,Ekavir De,abhimanyutandon@example.com,01139979927,Hyderabad,28,2023-04-06
CUST01720,Meera Bava,siddharthverma@example.net,08852858986,Surat,26,2023-10-28
CUST01721,Aarna Keer,srandhawa@example.org,+919007379499,Chennai,70,2024-06-20
CUST01722,Aradhana Munshi,zkrishnan@example.com,01076926265,Chennai,69,2023-07-06
CUST01723,Chameli Seth,ikbal60@example.net,03598398590,Mumbai,54,2023-10-03
CUST01724,Januja Toor,shravya83@example.net,05681678434,Pune,52,2024-01-19
CUST01725,Shivansh Bhandari,zchaudhari@example.net,07613500788,Kolkata,56,2023-06-02
CUST01726,Manthan Halder,yachananagy@example.com,+913369995285,Jaipur,28,2024-01-22
CUST01727,Rachit Kapur,devimaya@example.com,+912735514972,Pune,63,2023-06-25
CUST01728,Raghav Dey,yatanloyal@example.com,01469509355,Kolkata,36,2023-08-17
CUST01729,Benjamin Dixit,barianirja@example.org,04136445947,Surat,35,2024-03-20
CUST01730,Nathaniel Chokshi,girikdivan@example.com,0650761222,Jaipur,61,2024-05-13
CUST01731,Avi Patla,sminhas@example.com,5304555595,Delhi,26,2023-03-10
CUST01732,Simon Natarajan,fahuja@example.com,08943327639,Hyderabad,21,2024-02-11
CUST01733,Adya Roy,balakrishnanzinal@example.org,3696269022,Kolkata,59,2023-04-29
CUST01734,Kavya Nazareth,rattanhemang@example.com,0670151200,Bangalore,62,2023-05-28
CUST01735,Zayyan More,shankarrajata@example.net,02162183339,Bangalore,33,2024-02-17
CUST01736,Nakul Purohit,isaiahagate@example.com,+910712260082,Bangalore,63,2024-05-02
CUST01737,Ubika Saxena,qabil70@example.com,09857887282,Pune,33,2023-03-16
CUST01738,Matthew Dutt,bucholiver@example.com,8044665895,Hyderabad,49,2023-04-23
CUST01739,Vritti Rege,sahaanirudh@example.net,04724525737,Bangalore,54,2023-11-16
CUST01740,Upasna Talwar,akshay70@example.net,9465777061,Kolkata,58,2023-04-25
CUST01741,Michael Mohan,mohinivig@example.org,2826164170,Hyderabad,42,2023-02-13
CUST01742,Waida Borde,vbandi@example.com,6880316647,Ahmedabad,22,2024-06-14
CUST01743,Devansh Dhawan,mviswanathan@example.org,+914285354160,Delhi,43,2023-03-27
CUST01744,Advika Bahri,sagate@example.org,00867152077,Jaipur,65,2024-01-05
CUST01745,Urishilla Mangal,maneupkaar@example.org,08957967246,Kolkata,62,2023-03-26
CUST01746,Falak Bhavsar,banerjeeaadi@example.org,7017850205,Pune,47,2023-03-09
CUST01747,Bhavya Solanki,victorgill@example.org,+910297599747,Ahmedabad,38,2024-01-18
CUST01748,Victor Sami,siya44@example.org,02694204164,Surat,18,2023-04-10
CUST01749,Ridhi Manne,perigirik@example.org,+917937669976,Delhi,64,2023-11-08
CUST01750,Aayush Wagle,hemal71@example.com,09058496881,Ahmedabad,58,2023-07-01
CUST01751,Yutika Bhardwaj,geetikathakur@example.com,+914057445099,Pune,22,2023-11-30
CUST01752,Shaurya Goswami,kashvi35@example.org,09111108518,Jaipur,43,2023-06-18
CUST01753,Yasti Nagy,noahbose@example.org,09618307348,Chennai,45,2023-02-17
CUST01754,Nachiket Divan,jlanka@example.com,7205548298,Chennai,49,2024-04-25
CUST01755,Harsh Dhaliwal,mandaupma@example.net,09847460429,Kolkata,38,2023-06-17
CUST01756,Hemang Subramaniam,urvi21@example.com,01727580452,Kolkata,39,2023-12-22
CUST01757,Pallavi Sehgal,hthakur@example.net,7988775445,Jaipur,54,2023-10-28
CUST01758,Chaitaly Biswas,arunimaagrawal@example.org,2936059627,Bangalore,54,2023-07-30
CUST01759,Sathvik Krishnamurthy,hkrish@example.net,+911248447936,Ahmedabad,68,2024-02-09
CUST01760,Niharika Dani,parsanimrat@example.net,02230706594,Pune,61,2023-10-31
CUST01761,Vincent Chaudry,ibanerjee@example.net,+917433037271,Mumbai,20,2023-11-10
CUST01762,Bhavani Misra,apandey@example.org,+911213807828,Delhi,58,2024-05-12
CUST01763,Megha Saha,nagarchanchal@example.com,8586635654,Ahmedabad,19,2023-03-25
CUST01764,Noah Vig,hamsinidewan@example.org,+918866905946,Delhi,28,2023-12-06
CUST01765,Parth Yadav,bhavinisen@example.org,02031329887,Ahmedabad,47,2023-03-30
CUST01766,Shaurya Dutta,johalrachana@example.com,6427786268,Mumbai,45,2024-02-01
CUST01767,Quincy Sinha,turviradhakrishnan@example.org,3208778347,Chennai,62,2024-06-14
CUST01768,Niharika Gopal,tristanlata@example.net,5573562327,Bangalore,59,2023-10-22
CUST01769,Daksh Kumar,tanay58@example.com,9730273228,Kolkata,28,2023-08-05
CUST01770,Arin Muni,aachalbarman@example.net,+915554689397,Kolkata,23,2024-05-06
CUST01771,Balvan Memon,chawlaojasvi@example.com,8159646738,Pune,34,2023-08-28
CUST01772,Lajita Anne,arya84@example.net,6733229124,Delhi,41,2023-11-13
CUST01773,Indira Warrior,bsarma@example.org,6239459942,Bangalore,21,2023-09-13
CUST01774,Vinaya Sachar,naidusamuel@example.org,+912033980138,Hyderabad,58,2023-10-21
CUST01775,Maanas Kapur,ishanisamra@example.net,0581080153,Kolkata,64,2023-05-27
CUST01776,Rudra Nanda,bshanker@example.org,7728715659,Chennai,45,2023-09-18
CUST01777,Turvi Merchant,warda59@example.com,9550553629,Delhi,63,2024-02-05
CUST01778,Saanvi Contractor,yoshita54@example.org,3952525207,Delhi,18,2024-05-07
CUST01779,Falan Ramesh,gopal19@example.net,2145744520,Chennai,48,2024-03-23
CUST01780,Krishna Solanki,dlala@example.org,+918824035321,Delhi,26,2024-03-14
CUST01781,Bhavika Andra,saisarin@example.org,00941218052,Surat,32,2023-08-09
CUST01782,Darsh Bala,vanya94@example.org,+913254601891,Jaipur,61,2024-06-07
CUST01783,Samar Mittal,adwetathakkar@example.net,07133996276,Ahmedabad,18,2023-11-15
CUST01784,Quincy Tak,binadave@example.org,+912029138130,Mumbai,62,2023-03-31
CUST01785,Bakhshi Gaba,wableekaraj@example.net,06452319199,Pune,70,2023-03-03
CUST01786,Ekaraj Kalla,ekaniramanathan@example.net,3172366704,Delhi,45,2024-06-16
CUST01787,Veda Chada,kallageorge@example.net,+918740501332,Bangalore,48,2023-02-24
CUST01788,Anita Lall,qushi07@example.org,08765077525,Delhi,32,2024-02-03
CUST01789,Max Kara,purohitsathvik@example.org,00378110570,Hyderabad,23,2024-06-06
CUST01790,Samesh Bhasin,drastogi@example.org,+915994696693,Delhi,24,2024-04-21
CUST01791,Yug Kamdar,bbhargava@example.com,+915800971408,Pune,41,2023-09-12
CUST01792,Qabil Kalita,tanveer06@example.com,7448883923,Kolkata,26,2023-10-06
CUST01793,Waida Grewal,ektadhaliwal@example.net,08545513919,Hyderabad,67,2024-06-07
CUST01794,Tanish Mukhopadhyay,wahabsangha@example.com,8387369323,Bangalore,59,2023-11-07
CUST01795,Aarna Keer,ckumer@example.com,4664867416,Bangalore,22,2023-06-09
CUST01796,Kalpit Barad,gkari@example.com,05297760145,Jaipur,54,2023-10-29
CUST01797,Yochana Chauhan,luthrazehaan@example.org,07281436116,Mumbai,57,2023-11-11
CUST01798,Harsh Mohanty,mbalasubramanian@example.com,+911892605554,Bangalore,46,2023-08-22
CUST01799,Aarna Gill,ptella@example.com,4377140344,Pune,64,2023-12-27
CUST01800,Avni Nigam,nirja60@example.org,+910119622723,Chennai,58,2024-06-14
CUST01801,Urishilla Loke,hardiksaxena@example.net,+916838509570,Bangalore,44,2024-06-19
CUST01802,Aarna Balan,rayjalsa@example.org,1136403484,Surat,61,2023-11-22
CUST01803,Urvi Sheth,auroraosha@example.org,09595142954,Ahmedabad,31,2023-07-06
CUST01804,Priya Narayan,lakshit17@example.net,5627528001,Delhi,24,2023-09-09
CUST01805,Sanya Jayaraman,damini79@example.net,05923516383,Bangalore,66,2024-04-02
CUST01806,Arya Varkey,rchand@example.net,+910170781294,Delhi,55,2023-12-30
CUST01807,Saumya Ravel,khatribanjeet@example.com,4841423552,Hyderabad,40,2024-03-14
CUST01808,Tanay Subramanian,urmiparmer@example.com,7981302656,Hyderabad,38,2023-06-30
CUST01809,Urmi Char,omzarna@example.net,+911870894107,Bangalore,33,2024-02-14
CUST01810,Jack Saha,borracharita@example.com,04611983097,Kolkata,59,2023-08-14
CUST01811,Orinder Mittal,ukala@example.net,8523774877,Delhi,33,2023-02-15
CUST01812,Jai Din,xavier25@example.org,+911808226799,Jaipur,56,2023-03-15
CUST01813,Nidra Sabharwal,divanqushi@example.com,3839571646,Surat,64,2024-02-29
CUST01814,Ikbal Agarwal,gulatiurmi@example.org,9070378088,Surat,36,2024-02-26
CUST01815,Radhika Kar,balhaartara@example.net,+919834849267,Mumbai,60,2024-02-11
CUST01816,Nimrat Goda,dpalan@example.com,04565726765,Kolkata,31,2024-01-19
CUST01817,Yashvi Dyal,sekhonanika@example.com,09500345220,Jaipur,56,2023-05-17
CUST01818,Mekhala Kara,kalitajeremiah@example.net,04525733090,Jaipur,30,2024-06-29
CUST01819,Aarna Baral,vkaran@example.org,08522476751,Hyderabad,36,2023-04-16
CUST01820,Vasatika Bakshi,parmarshaurya@example.com,6933276334,Mumbai,68,2023-04-19
CUST01821,Mugdha Dutta,udyatidey@example.org,02259310337,Chennai,49,2024-04-02
CUST01822,Abhimanyu Muni,sarthakkrishnamurthy@example.org,+917043333188,Hyderabad,25,2023-05-29
CUST01823,Jeevika Rastogi,dattajagvi@example.net,08047371985,Chennai,49,2024-02-26
CUST01824,Vansha Sama,bzachariah@example.net,6455442157,Surat,22,2024-01-13
CUST01825,Ubika Dugar,bmann@example.com,+912739688593,Jaipur,18,2023-06-25
CUST01826,Tanay Barad,tanmayisidhu@example.net,8331503219,Pune,38,2023-10-27
CUST01827,Hemani Patil,balanjoshua@example.com,+916668606734,Bangalore,42,2023-10-19
CUST01828,Girik Mishra,jkoshy@example.net,5910385242,Surat,44,2024-04-18
CUST01829,Om Dua,nandaindira@example.net,03743963994,Pune,52,2023-12-19
CUST01830,Abhimanyu Iyer,ekani46@example.com,05317087300,Bangalore,66,2023-04-29
CUST01831,Amol Dhingra,yjani@example.net,03256732234,Ahmedabad,67,2024-05-19
CUST01832,Amrita Kala,sandhumahika@example.org,+919109048866,Delhi,19,2024-02-10
CUST01833,Riya Johal,odikamore@example.com,08937859541,Surat,22,2023-10-14
CUST01834,Dalbir Bajaj,warhichatterjee@example.com,05810457346,Mumbai,34,2023-09-19
CUST01835,Aadhya Tak,vivaanzacharia@example.com,0528905665,Chennai,20,2024-05-19
CUST01836,Rayaan Savant,shivani71@example.net,8837434509,Mumbai,68,2024-03-31
CUST01837,Tanish Thakur,rananakul@example.net,00230899646,Hyderabad,50,2024-03-22
CUST01838,Alka Kapadia,vincent54@example.net,09521215603,Kolkata,58,2023-10-24
CUST01839,Abdul Verma,kadakiaganga@example.com,09466049037,Jaipur,67,2023-09-03
CUST01840,Anya Sharaf,qdas@example.net,+916122150396,Hyderabad,45,2024-01-30
CUST01841,Nilima Thakkar,basubrijesh@example.com,+915893335286,Hyderabad,23,2024-02-07
CUST01842,Aarav Chaudhry,yutikamurthy@example.com,0029573801,Jaipur,52,2024-06-25
CUST01843,Ekapad Gour,irya71@example.net,+915806194999,Surat,27,2023-04-12
CUST01844,Kashvi Bansal,gayathri19@example.org,9396871867,Kolkata,23,2023-03-23
CUST01845,Advay Mukhopadhyay,samargaba@example.net,5071961293,Kolkata,23,2023-05-28
CUST01846,Falan Hayer,ira22@example.org,4003717758,Jaipur,31,2023-11-19
CUST01847,Mohammed Sen,abhimanyu66@example.org,+912620306951,Bangalore,52,2023-09-16
CUST01848,Girik Ganguly,dalalraagini@example.org,1811239933,Pune,43,2023-03-14
CUST01849,Ishanvi Trivedi,ddeshmukh@example.com,+913145968891,Surat,58,2024-04-13
CUST01850,Hritik Ravel,manijagrati@example.org,02112036081,Delhi,37,2023-09-04
CUST01851,Harshil Arya,aadhya60@example.net,1971408346,Hyderabad,64,2023-11-23
CUST01852,Avni Pandey,ravaladvay@example.net,5806274566,Chennai,21,2023-12-08
CUST01853,Ijaya Baria,jkuruvilla@example.net,01429049577,Chennai,23,2024-05-14
CUST01854,Diya Halder,suhani66@example.net,+919530164728,Hyderabad,25,2024-06-20
CUST01855,Jatin Singh,keya85@example.net,+912629761166,Ahmedabad,57,2023-04-22
CUST01856,Radhika Anand,darikavig@example.org,06896701656,Surat,21,2023-05-03
CUST01857,Vritti Merchant,dugardev@example.com,02312524235,Kolkata,60,2023-04-30
CUST01858,Bahadurjit Acharya,dayamai96@example.org,02150520535,Bangalore,25,2023-05-24
CUST01859,Raghav Dani,kamya60@example.com,9342322109,Mumbai,63,2023-03-27
CUST01860,Anika Kuruvilla,ikbalmalhotra@example.net,1408783437,Bangalore,62,2024-04-28
CUST01861,Matthew Modi,dixitgopal@example.org,08231379981,Mumbai,28,2023-10-23
CUST01862,Brijesh Rajagopal,deepagaba@example.com,07896355877,Ahmedabad,40,2024-06-16
CUST01863,Joshua Sahni,charitathakkar@example.net,2372544225,Jaipur,51,2023-05-25
CUST01864,Ekansh Shukla,aryannarula@example.org,+914553882872,Kolkata,28,2023-02-16
CUST01865,Ridhi Ranganathan,ysaran@example.com,0828874587,Pune,26,2023-03-24
CUST01866,Christopher Sodhi,sarthak13@example.net,08593152621,Kolkata,64,2024-01-09
CUST01867,Vasana Merchant,kurianadya@example.org,+911061445299,Delhi,67,2023-08-24
CUST01868,Indira Shenoy,anika33@example.org,9711533349,Mumbai,39,2024-05-27
CUST01869,Rachana Sibal,chandaaryan@example.org,3434499758,Hyderabad,35,2024-01-31
CUST01870,Ekapad Wali,soniyauvani@example.com,+912159927943,Jaipur,22,2023-09-30
CUST01871,Yutika Datta,lmani@example.org,+913122239548,Kolkata,63,2023-03-05
CUST01872,Akshay Mann,rjhaveri@example.org,08368747774,Surat,58,2023-02-16
CUST01873,Timothy Rau,wroy@example.com,00076228212,Delhi,49,2024-03-15
CUST01874,Jai Kala,kyogi@example.com,4726439330,Ahmedabad,50,2024-05-13
CUST01875,Raagini Ganesan,rattinandini@example.net,00485312344,Pune,21,2023-05-27
CUST01876,Aradhana Chand,vermadayamai@example.com,01242106378,Ahmedabad,54,2024-01-22
CUST01877,Anirudh Mohanty,krishakrishnan@example.net,1165955859,Bangalore,41,2024-05-26
CUST01878,Ethan Koshy,ghora@example.org,03659727676,Bangalore,34,2023-11-01
CUST01879,Vinaya Pau,jalsasandal@example.org,+914174919538,Delhi,54,2023-02-24
CUST01880,Praneel Sankaran,mde@example.org,9076150011,Delhi,32,2023-03-26
CUST01881,Gaurika Morar,morarbarkha@example.org,3647921499,Jaipur,18,2023-02-19
CUST01882,Meera Chatterjee,dkrishna@example.net,0499157380,Mumbai,18,2023-08-23
CUST01883,Triya Kashyap,lseth@example.org,6102372643,Chennai,20,2024-01-18
CUST01884,Januja Upadhyay,ksarna@example.com,09715579327,Ahmedabad,41,2023-10-05
CUST01885,Jack Nayak,gopal77@example.org,2609685688,Hyderabad,27,2024-01-24
CUST01886,Dev Banerjee,urvi35@example.net,07943364470,Bangalore,20,2023-05-08
CUST01887,Mason Suri,qtailor@example.com,09645876694,Jaipur,69,2024-03-31
CUST01888,Saanvi Brar,irya34@example.com,05024053772,Hyderabad,32,2023-12-12
CUST01889,Anjali Viswanathan,omurty@example.net,4503754807,Pune,33,2023-11-04
CUST01890,Victor Wali,rushilwalla@example.com,09329136964,Hyderabad,64,2024-06-17
CUST01891,Aradhana Balakrishnan,dkant@example.org,+914150632405,Pune,35,2023-04-05
CUST01892,Nikita Patel,siyasankaran@example.org,+914674646603,Delhi,54,2023-06-02
CUST01893,Vedika Hegde,hlalla@example.com,2094101027,Pune,25,2023-09-20
CUST01894,Imaran Narang,ramanathanchandani@example.net,09779738330,Jaipur,61,2023-09-15
CUST01895,Zayan Kale,sanya54@example.net,08935052602,Mumbai,29,2024-03-01
CUST01896,Netra Wable,bnatt@example.com,+917181292361,Chennai,69,2024-04-21
CUST01897,Joshua Guha,qshenoy@example.com,9841337687,Jaipur,20,2023-02-17
CUST01898,Vrishti Bhatti,raveljanuja@example.org,+916407078384,Hyderabad,22,2023-09-23
CUST01899,Yauvani Hayre,kariaachal@example.net,07365404492,Ahmedabad,36,2023-10-12
CUST01900,Advaith Gulati,sethyashawini@example.org,6431678598,Kolkata,38,2024-04-04
CUST01901,Amara Barman,tanveer03@example.org,0756052699,Delhi,53,2024-03-11
CUST01902,Janaki Dutt,baljiwande@example.net,9663309235,Ahmedabad,18,2024-04-15
CUST01903,Ira Lanka,kondaayushman@example.com,9154027320,Pune,30,2023-04-13
CUST01904,Tanveer Chander,aayush04@example.org,+911820682048,Kolkata,54,2024-04-27
CUST01905,Wazir Bhalla,chameli84@example.net,03857797398,Kolkata,65,2024-05-31
CUST01906,Anika Narayan,warjas81@example.com,+918272382642,Surat,33,2023-12-05
CUST01907,Yamini Oza,jananipatla@example.net,06881559030,Ahmedabad,41,2024-05-29
CUST01908,Pallavi Narasimhan,adweta87@example.com,+915048849150,Surat,49,2023-10-27
CUST01909,Aadhya Mani,cmannan@example.org,00769555935,Chennai,64,2024-04-21
CUST01910,David Tripathi,michaelsekhon@example.com,04777745925,Jaipur,66,2023-07-05
CUST01911,Jonathan Kalla,sdivan@example.net,3797900704,Chennai,27,2024-04-27
CUST01912,Bhavani Mukherjee,qshenoy@example.net,+916623956712,Mumbai,44,2023-07-28
CUST01913,Hemal Balan,shravyasankar@example.com,09064122727,Mumbai,32,2023-08-31
CUST01914,Dev Mandal,isaiah34@example.org,00054558345,Jaipur,40,2023-08-10
CUST01915,Januja Saran,jasonsamra@example.net,3357668089,Mumbai,39,2023-08-11
CUST01916,Charvi Chand,thakkaromisha@example.net,+914317155785,Mumbai,66,2024-03-04
CUST01917,Tanmayi Kata,mahikarajagopal@example.org,3160898885,Hyderabad,65,2024-01-04
CUST01918,Gaurang Bandi,kamya83@example.net,+911153202640,Kolkata,24,2023-03-01
CUST01919,Wazir Kalla,fkibe@example.net,+912038878218,Chennai,51,2023-11-07
CUST01920,Chameli Mander,gvenkatesh@example.com,06634208348,Chennai,44,2024-01-30
CUST01921,Chaitaly Grewal,ssaran@example.com,02644047832,Ahmedabad,21,2024-03-02
CUST01922,Niharika Khatri,hnarang@example.org,8774499246,Bangalore,63,2023-11-04
CUST01923,Damini Kurian,ykalla@example.net,5315566423,Kolkata,23,2023-12-19
CUST01924,Michael Radhakrishnan,prashadamrita@example.net,06681182292,Mumbai,32,2023-06-15
CUST01925,Amaira Rajagopal,ldevan@example.org,+917337840613,Jaipur,44,2023-10-29
CUST01926,Charvi Verma,warhi83@example.org,05596576578,Pune,47,2023-08-25
CUST01927,Chatura Pandit,ekalinga26@example.net,7644943632,Delhi,55,2023-10-05
CUST01928,Nirja Chhabra,radha53@example.com,02004218674,Delhi,50,2023-09-30
CUST01929,Jyoti Devan,krisheshana@example.org,9198505651,Bangalore,58,2023-06-11
CUST01930,Ekaja Bawa,lallraghav@example.org,+919876632790,Hyderabad,22,2024-03-11
CUST01931,Sarthak Jayaraman,agarwalneelima@example.org,8917005229,Surat,54,2023-03-26
CUST01932,Ikshita Sharaf,niharika59@example.net,+915270259961,Mumbai,45,2024-06-08
CUST01933,Tanveer Nadig,chaitanyamuni@example.org,7751306109,Bangalore,33,2024-02-25
CUST01934,Ikbal Ratti,vmani@example.org,01473204319,Kolkata,34,2023-04-17
CUST01935,Yuvraj Chahal,odikasandal@example.com,06023361655,Pune,69,2023-10-27
CUST01936,Madhav Krishna,vnanda@example.com,+916720367027,Hyderabad,62,2024-02-12
CUST01937,Abhimanyu Amble,rajeshri87@example.org,09057112181,Pune,38,2024-04-15
CUST01938,Samaksh Gole,janyaguha@example.net,+913054849516,Ahmedabad,35,2023-07-29
CUST01939,Riya Minhas,maanavchokshi@example.net,3024264685,Chennai,22,2023-12-25
CUST01940,Indrajit Bakshi,bakhshimodi@example.org,1548805109,Chennai,26,2023-06-04
CUST01941,Mahika Patla,udarshsaha@example.org,+910575437009,Surat,24,2024-03-31
CUST01942,Jagdish Ravi,viraj77@example.org,2170470125,Bangalore,24,2024-02-01
CUST01943,Udarsh Kala,cchanda@example.net,5681769750,Bangalore,46,2023-08-10
CUST01944,Wakeeta Khalsa,azaanbiswas@example.org,5591698331,Ahmedabad,38,2023-10-16
CUST01945,Keya Mani,hbala@example.net,4406545259,Hyderabad,25,2023-05-25
CUST01946,Unni Bail,xraja@example.org,4620785622,Jaipur,40,2023-09-27
CUST01947,Nirja Bal,leelabhattacharyya@example.org,6801093609,Chennai,46,2024-01-05
CUST01948,Aarush Bhavsar,dbawa@example.org,+917628058777,Kolkata,47,2024-04-16
CUST01949,Frado Mall,sdesai@example.com,2119569646,Kolkata,25,2023-02-27
CUST01950,Shivani Jain,janaki69@example.net,+919220513563,Delhi,28,2024-04-18
CUST01951,Barkha Wali,indirabasu@example.org,05167486735,Kolkata,70,2023-11-12
CUST01952,Isaiah Suri,glala@example.com,07793599584,Surat,20,2023-06-01
CUST01953,Kashish Raju,ldash@example.com,+910193064691,Chennai,38,2023-04-28
CUST01954,Isaac Chakraborty,ngulati@example.com,+910313878305,Bangalore,23,2024-01-01
CUST01955,Yutika Sood,vincent35@example.com,+916202948747,Chennai,40,2023-10-24
CUST01956,Quincy Dugar,shegde@example.net,01739222931,Hyderabad,50,2023-09-22
CUST01957,Yashvi Sankar,abhiram39@example.net,07505577791,Mumbai,61,2023-10-01
CUST01958,Ethan Dass,siddharth45@example.org,03811575092,Kolkata,34,2024-05-10
CUST01959,Nakul Bedi,yutika03@example.com,5756294339,Bangalore,19,2023-04-04
CUST01960,Triveni Agrawal,ekta06@example.net,03944101042,Hyderabad,46,2024-04-19
CUST01961,Abha Hans,arya92@example.org,+911818896991,Jaipur,65,2023-05-31
CUST01962,Yatan Pingle,nnagi@example.net,08111570347,Jaipur,33,2023-08-17
CUST01963,George Sabharwal,neel62@example.com,05462021354,Delhi,47,2024-03-17
CUST01964,Maanas Krish,aayush71@example.com,+914346609547,Delhi,69,2024-01-23
CUST01965,Omisha Bedi,farajbehl@example.com,5163521412,Bangalore,25,2023-02-13
CUST01966,Noah Manne,surahamsini@example.com,+916809564185,Mumbai,21,2023-06-28
CUST01967,Tejas Hegde,xramanathan@example.net,+912859156581,Chennai,26,2023-09-21
CUST01968,Kashvi Solanki,danielnarayan@example.org,4922191142,Chennai,70,2023-11-26
CUST01969,Yahvi Chowdhury,imaran40@example.org,+918569939142,Hyderabad,41,2023-09-08
CUST01970,Abdul Dara,azaanchokshi@example.com,00209844698,Delhi,55,2023-10-29
CUST01971,Neha Patla,ethan82@example.com,+919136759164,Surat,34,2024-06-08
CUST01972,Dhriti Halder,ishaanbal@example.org,+913085231568,Delhi,19,2024-03-05
CUST01973,Bimala Goswami,advik22@example.net,4626713202,Delhi,30,2023-07-20
CUST01974,Nathan Khurana,zsastry@example.org,07604293987,Ahmedabad,69,2023-12-31
CUST01975,Megha Singhal,charles87@example.com,+911075240033,Bangalore,23,2024-01-30
CUST01976,Elijah Bahl,sdhillon@example.com,+915426541689,Pune,25,2024-01-16
CUST01977,Vedika Saraf,eiravatigoyal@example.org,1828936327,Mumbai,47,2023-11-16
CUST01978,Zaitra Bail,rbaral@example.org,3573189959,Mumbai,28,2023-06-11
CUST01979,Pooja Grover,haldereiravati@example.org,07050707750,Surat,45,2024-02-11
CUST01980,Barkha Ratta,hiralshan@example.com,6621380595,Hyderabad,49,2023-03-21
CUST01981,Ati Parmer,onveer25@example.net,05133059154,Mumbai,42,2023-04-02
CUST01982,Sathvik Pandya,chaudharyatharv@example.net,07451363659,Hyderabad,29,2023-02-17
CUST01983,Azaan Krishnamurthy,swamywazir@example.com,+912342678703,Pune,31,2024-05-02
CUST01984,Tarak Choudhury,zaitrabuch@example.com,+918993547521,Bangalore,35,2023-03-20
CUST01985,Ridhi Nadig,wkonda@example.com,+911149331088,Kolkata,46,2023-09-03
CUST01986,Chatura Sankaran,aashi00@example.org,1803648510,Bangalore,20,2024-05-19
CUST01987,Ekansh Tella,dakshaborra@example.net,00817028461,Surat,57,2023-09-14
CUST01988,Sanaya Handa,devanshmanda@example.net,9703204347,Surat,33,2023-06-21
CUST01989,Damyanti Mody,hemangbassi@example.com,01004601041,Kolkata,49,2023-05-24
CUST01990,Gayathri Peri,tamanna94@example.org,+917223956721,Hyderabad,53,2023-10-17
CUST01991,Watika Setty,esampath@example.net,05138771239,Ahmedabad,21,2023-11-10
CUST01992,Tanmayi Dyal,mallyashawini@example.com,+910451945586,Delhi,35,2024-05-25
CUST01993,Tanmayi Kapoor,ishaan88@example.net,+917964031575,Hyderabad,26,2023-10-27
CUST01994,Hitesh Zacharia,william62@example.org,04493392719,Hyderabad,30,2023-07-22
CUST01995,Nirja Kari,osha70@example.org,+917153784205,Jaipur,33,2023-08-12
CUST01996,Gayathri Kanda,amara40@example.com,9677888922,Jaipur,68,2024-06-17
CUST01997,Azad Barad,rdey@example.net,+914094711246,Mumbai,42,2023-04-07
CUST01998,Jeevika Swamy,mammengirish@example.org,4866718644,Pune,48,2023-04-28
CUST01999,Jonathan Master,widisha04@example.net,6711018770,Jaipur,68,2023-06-09
CUST02000,Eta Sheth,mangalchaaya@example.org,+917324668997,Ahmedabad,40,2024-01-09
CUST02001,Darpan Kala,lalvedant@example.net,+917799899246,Surat,50,2024-04-11
CUST02002,Bhanumati Sibal,mandaljairaj@example.org,3018643231,Pune,42,2024-03-28
CUST02003,Ladli Prabhu,uppaljeet@example.org,05917003437,Kolkata,29,2023-06-29
CUST02004,Irya Raj,bminhas@example.net,03625123115,Mumbai,38,2023-06-22
CUST02005,Ishaan Bala,ayaanraghavan@example.org,01369300522,Surat,32,2023-03-22
CUST02006,Alka Gade,psarma@example.org,5384256116,Mumbai,69,2023-04-08
CUST02007,Deepa Madan,odikachada@example.net,05537582682,Kolkata,21,2024-02-10
CUST02008,Darpan Walla,madandeepa@example.org,+913235859358,Ahmedabad,51,2023-03-13
CUST02009,Gauri Garg,nayarayaan@example.com,00781973544,Pune,67,2024-05-16
CUST02010,Pratyush Mand,ftailor@example.com,04496493046,Surat,32,2023-07-05
CUST02011,Chanakya Saran,rajuyasti@example.org,04862755377,Bangalore,24,2023-12-08
CUST02012,Bina Raghavan,chaudhurilogan@example.org,+914072545396,Chennai,60,2023-03-06
CUST02013,Darpan Kapadia,zayyansidhu@example.org,09262517431,Chennai,35,2024-01-23
CUST02014,Teerth Deep,daniel39@example.com,+919884427895,Jaipur,70,2023-05-02
CUST02015,Prisha Chana,klalla@example.com,4549595781,Mumbai,66,2023-05-11
CUST02016,Ikbal Tailor,maanas71@example.net,+912240239362,Chennai,54,2023-10-10
CUST02017,Triya Rege,azaan40@example.com,6551128638,Hyderabad,40,2023-03-24
CUST02018,Amol Palla,deshpandekaran@example.net,9207459528,Bangalore,29,2024-06-18
CUST02019,Riya Salvi,ysubramaniam@example.com,+913935433732,Chennai,55,2024-02-07
CUST02020,Omya Grover,padmanabhanjagdish@example.org,+912607721434,Pune,69,2024-06-06
CUST02021,Lavanya Oza,watikabir@example.com,07310520898,Pune,55,2023-05-21
CUST02022,Tristan Balasubramanian,charan79@example.org,+917731297341,Mumbai,63,2024-02-21
CUST02023,Charan Dutta,mprakash@example.net,0826800907,Pune,54,2023-04-29
CUST02024,Vanya Chada,jairajvig@example.net,05239596023,Surat,27,2023-05-29
CUST02025,Zaitra Shetty,ishwar75@example.com,0323088806,Surat,30,2024-04-22
CUST02026,Ekalinga Shroff,advik24@example.org,+910078867587,Ahmedabad,52,2023-07-26
CUST02027,Abdul Nigam,mittergautami@example.org,09723669462,Kolkata,29,2023-09-24
CUST02028,Harinakshi Chawla,manikrish@example.org,03845046217,Ahmedabad,20,2024-04-29
CUST02029,Rishi Merchant,bhavinichhabra@example.com,6740788698,Delhi,21,2024-02-18
CUST02030,Divya Sekhon,faqid10@example.com,6726418793,Chennai,56,2024-01-07
CUST02031,Edhitha Kalita,dsolanki@example.org,+914931645982,Chennai,19,2024-05-23
CUST02032,Yatin Sarna,madanria@example.org,00793651875,Jaipur,48,2023-08-30
CUST02033,Rachana Dewan,kannannathan@example.com,+915712567212,Mumbai,39,2024-04-16
CUST02034,Avi Om,ktoor@example.com,1532425660,Surat,30,2023-02-16
CUST02035,Gauri Swaminathan,nikitabatra@example.net,+910341365329,Bangalore,39,2023-10-30
CUST02036,Amara Sawhney,vbala@example.com,+916007461433,Bangalore,69,2024-04-26
CUST02037,Charan Mall,suradayamai@example.com,+916871638762,Pune,21,2024-04-28
CUST02038,Vanya Suri,abeer54@example.com,6618248741,Mumbai,27,2023-06-30
CUST02039,Yashawini Pathak,devanshkrishna@example.org,9887263492,Surat,63,2023-03-26
CUST02040,Laban Jayaraman,nathanieldas@example.com,0071320448,Bangalore,67,2023-06-23
CUST02041,Oni Setty,xbobal@example.net,01766045689,Delhi,51,2024-04-09
CUST02042,Hardik Ratti,kamala76@example.com,7657666476,Pune,22,2023-03-08
CUST02043,Jeremiah Anand,logan96@example.com,05217504998,Pune,63,2023-11-01
CUST02044,Yachana Sura,upadhritipatel@example.com,4220618506,Hyderabad,55,2024-05-05
CUST02045,Unni Kata,cmajumdar@example.org,07246639032,Delhi,39,2024-03-21
CUST02046,Aarini Kota,harigaurav@example.net,3933011184,Kolkata,38,2024-01-15
CUST02047,Irya Krishnamurthy,hemal87@example.com,02452961514,Bangalore,28,2023-05-21
CUST02048,Zehaan Pal,nvirk@example.com,+917983871355,Hyderabad,68,2024-06-14
CUST02049,Rachana Kota,ishayogi@example.com,4178256019,Ahmedabad,59,2023-12-19
CUST02050,Rachana Dayal,panini94@example.net,06293684268,Pune,29,2024-04-20
CUST02051,Vedhika Shankar,radhasrivastava@example.net,9010271909,Jaipur,62,2023-07-20
CUST02052,Aditya Guha,gdutt@example.org,+915190456244,Surat,68,2023-09-10
CUST02053,Matthew Banik,ramangayathri@example.com,03393508243,Pune,32,2024-02-16
CUST02054,Kabir Naidu,gavinmalhotra@example.org,+910755984142,Surat,70,2023-03-15
CUST02055,Chameli Gupta,chandran74@example.com,+919332809997,Bangalore,42,2023-02-25
CUST02056,Anamika Agrawal,samaksh10@example.net,+917718235327,Kolkata,64,2023-10-09
CUST02057,Vrishti Sarin,hemal47@example.com,+917275735548,Kolkata,26,2024-05-24
CUST02058,Upadhriti Chatterjee,loparay@example.com,+915393929427,Bangalore,64,2024-02-04
CUST02059,Ekapad Pal,chaudharisarthak@example.com,+913906279895,Mumbai,62,2023-10-24
CUST02060,Sanya Solanki,tanveerboase@example.org,9037191275,Surat,43,2023-12-11
CUST02061,Divya Shere,manipratyush@example.org,1622065910,Surat,20,2023-02-14
CUST02062,Zayan Gupta,nkrishnamurthy@example.com,04432969142,Bangalore,56,2023-05-02
CUST02063,Daksh Sheth,noahsathe@example.com,8352780878,Pune,69,2023-07-23
CUST02064,Hitesh Bhalla,raghavzachariah@example.com,+910009006325,Surat,32,2023-10-29
CUST02065,Vamakshi Sehgal,bhanumati65@example.net,01728470344,Surat,24,2024-03-23
CUST02066,Thomas Gour,kritika56@example.net,01546351757,Ahmedabad,27,2023-05-26
CUST02067,Yutika Peri,tatameghana@example.net,6595965600,Pune,65,2024-03-14
CUST02068,Theodore Sem,mitesh29@example.com,4842109222,Delhi,33,2023-07-27
CUST02069,Hamsini Pandit,upillay@example.org,02376604142,Pune,38,2024-05-28
CUST02070,Tanish Bhandari,urmibatra@example.net,+913722982109,Bangalore,58,2024-03-10
CUST02071,Manthan Mukhopadhyay,michaelganesan@example.net,5014962840,Delhi,70,2023-10-02
CUST02072,Falguni Hora,sidhusimon@example.net,4767900782,Pune,46,2023-07-19
CUST02073,Raagini Ramanathan,smore@example.net,+916094386825,Mumbai,34,2024-05-13
CUST02074,Eta Nayak,gaurikasane@example.org,7266923257,Chennai,33,2024-02-17
CUST02075,Vinaya Konda,nitara89@example.net,+917047233446,Delhi,40,2023-09-10
CUST02076,Chakradhar Pandit,misralibni@example.org,0686288688,Kolkata,68,2024-06-07
CUST02077,Anita Krishna,anirudh39@example.com,+918695613440,Delhi,64,2024-04-15
CUST02078,Wahab Chaudhuri,ayaandara@example.com,3476912377,Mumbai,21,2023-12-13
CUST02079,Aarnav Chand,nathanielbala@example.org,03185200239,Hyderabad,46,2023-04-04
CUST02080,Tarak Bora,xavierrana@example.net,3140982127,Hyderabad,28,2023-03-07
CUST02081,Jason Sandhu,cgrover@example.org,+919590317756,Hyderabad,49,2024-05-12
CUST02082,Abhimanyu Ahluwalia,buchubika@example.com,03244834387,Hyderabad,40,2023-04-11
CUST02083,Dhriti Mane,bmodi@example.net,+911708702728,Jaipur,42,2024-06-13
CUST02084,Aachal Bera,khannazinal@example.org,3491232160,Delhi,48,2023-02-25
CUST02085,Pranav Lanka,kaurliam@example.net,5276252021,Surat,59,2023-06-03
CUST02086,Rajeshri Sibal,bina28@example.net,+912670116781,Chennai,28,2023-04-10
CUST02087,Upadhriti Yadav,mdeshmukh@example.org,+915153864267,Ahmedabad,22,2023-06-10
CUST02088,Onkar Garg,mistryfiyaz@example.com,5304053198,Mumbai,36,2023-07-04
CUST02089,Darsh Oommen,semekantika@example.com,+918485284677,Mumbai,38,2023-03-16
CUST02090,Yamini Krishna,nseth@example.com,+910830764405,Kolkata,24,2024-05-27
CUST02091,Ekanta Narang,chadwidisha@example.org,02797328290,Delhi,39,2023-04-13
CUST02092,Kalpit Apte,hritik12@example.org,+914063680199,Bangalore,42,2023-03-04
CUST02093,Praneel Mitter,rattandivya@example.org,+917471170648,Bangalore,64,2023-08-08
CUST02094,Rajata Uppal,ohayer@example.net,+912407904481,Delhi,53,2024-05-30
CUST02095,David Dash,mahalgautami@example.net,07677619524,Delhi,39,2023-11-23
CUST02096,Gopal Sule,duagirindra@example.com,04517702238,Surat,57,2023-02-15
CUST02097,Victor Mody,kthaman@example.com,02532095928,Ahmedabad,63,2023-06-27
CUST02098,Warinder Patel,dghosh@example.org,9335702409,Mumbai,45,2023-06-15
CUST02099,Pallavi Hayre,leena48@example.com,02739835652,Bangalore,56,2024-02-05
CUST02100,Omaja Setty,yganesan@example.org,03533406201,Hyderabad,28,2023-09-07
CUST02101,Yatan Madan,dadaadweta@example.net,+911563452636,Mumbai,24,2023-05-10
CUST02102,Qabil Kalla,janyasharaf@example.org,04455143442,Pune,31,2023-03-27
CUST02103,Unni Nori,alka49@example.com,04218842463,Chennai,44,2023-10-25
CUST02104,Falan Edwin,dasnikita@example.com,09246429987,Jaipur,64,2023-05-11
CUST02105,Samarth Naidu,warhiprasad@example.net,1530075145,Jaipur,34,2024-06-20
CUST02106,Thomas Mall,rgoel@example.org,+915782453108,Kolkata,37,2023-03-31
CUST02107,Nidhi Mital,vanyawarrior@example.net,6243014606,Chennai,24,2023-09-12
CUST02108,Ishaan Bala,psachdev@example.net,04912187906,Mumbai,43,2023-08-02
CUST02109,Faras Lata,wchacko@example.net,+911125023160,Surat,53,2023-02-13
CUST02110,Charles Grover,jgandhi@example.net,6832120861,Ahmedabad,27,2023-06-25
CUST02111,Lohit Prabhu,sheremegha@example.com,9784200141,Mumbai,41,2023-07-02
CUST02112,Laban Kurian,patwal@example.com,+917238615952,Mumbai,45,2023-10-31
CUST02113,Anjali Shan,upma63@example.com,9829305577,Delhi,36,2023-11-29
CUST02114,Madhavi Sawhney,ebabu@example.com,1059394815,Surat,48,2023-02-15
CUST02115,Victor Bhalla,haritasaraf@example.net,+912858696609,Chennai,24,2023-09-11
CUST02116,Damyanti Sidhu,fbadal@example.com,+912101842622,Mumbai,31,2023-08-22
CUST02117,Hemang Vyas,dearunima@example.com,4085935653,Bangalore,58,2023-08-01
CUST02118,Yash Singhal,cnarayanan@example.com,6557374852,Kolkata,23,2023-07-29
CUST02119,Onkar Narayanan,oni79@example.net,+911752279294,Ahmedabad,25,2023-11-22
CUST02120,Falak Edwin,mekhalataneja@example.com,9990203854,Kolkata,68,2023-03-04
CUST02121,Daniel Lala,oommenfitan@example.org,02695753851,Hyderabad,48,2024-02-03
CUST02122,Vasatika Prashad,gauridyal@example.net,06142620408,Ahmedabad,60,2023-08-10
CUST02123,Mitali Korpal,adyareddy@example.org,+918978737282,Kolkata,23,2024-01-06
CUST02124,Ranbir Kamdar,mangatharsh@example.net,1716033308,Jaipur,42,2024-03-29
CUST02125,Baghyawati Chadha,zaid66@example.org,2093137880,Bangalore,41,2024-02-15
CUST02126,Azad Khosla,usunder@example.net,07777365764,Hyderabad,41,2023-08-11
CUST02127,Ganga Bhardwaj,zashilthaman@example.org,5435110269,Bangalore,46,2023-05-26
CUST02128,Kamya Jha,chandranyogi@example.net,2333135148,Mumbai,34,2023-07-21
CUST02129,Ucchal Bajaj,krishakrishna@example.org,02606741514,Ahmedabad,47,2023-07-16
CUST02130,Rajeshri Dugar,salvibhavika@example.net,+914279730294,Kolkata,32,2023-03-12
CUST02131,Vanya Ganguly,oliver02@example.org,5893771258,Kolkata,54,2023-05-14
CUST02132,Frado Mital,fitan65@example.net,1945644645,Mumbai,27,2023-04-26
CUST02133,Ayushman Kuruvilla,prabhakaromkaar@example.com,+918678554701,Delhi,23,2023-10-23
CUST02134,Vinaya Pal,dashcharvi@example.com,00936725028,Pune,69,2024-01-29
CUST02135,Dayita Bose,tsule@example.org,7346031613,Jaipur,44,2024-01-12
CUST02136,Vinaya Datta,rajanamrita@example.com,05275428328,Surat,32,2024-02-27
CUST02137,Yadavi Nigam,pantcharles@example.com,08815571556,Jaipur,21,2024-01-19
CUST02138,Oviya Sachdeva,caleb93@example.com,3646059551,Hyderabad,70,2024-01-28
CUST02139,Ekbal Kanda,gaurikasagar@example.org,+912451825696,Jaipur,44,2023-03-18
CUST02140,Finn Dhillon,vseshadri@example.com,6978487989,Jaipur,61,2024-06-25
CUST02141,Frederick Sandal,dalbirpalan@example.org,00436922591,Ahmedabad,54,2023-09-13
CUST02142,Wahab Agrawal,desaivasudha@example.com,09017631919,Chennai,48,2024-04-03
CUST02143,Yagnesh Shukla,viswanathanjanani@example.net,03606223063,Kolkata,23,2023-08-07
CUST02144,Samuel Pandit,xsha@example.com,4298410400,Hyderabad,63,2023-06-02
CUST02145,Upasna Jani,kamdarjoshua@example.com,2746352356,Mumbai,50,2023-03-25
CUST02146,Agastya Kibe,sanghviforum@example.net,6218531112,Surat,51,2023-10-23
CUST02147,Unnati Sundaram,kadakiamahika@example.com,06369472813,Surat,61,2023-05-03
CUST02148,Yutika Mammen,advaith33@example.net,09029403753,Surat,27,2023-08-05
CUST02149,Hritik Iyer,zashiloza@example.org,7567195030,Delhi,66,2023-08-17
CUST02150,David Shan,dassmitali@example.com,+914948918529,Ahmedabad,29,2024-06-07
CUST02151,Yashica Thakkar,aayushborah@example.com,+914977764913,Bangalore,31,2023-09-02
CUST02152,Nilima Pandey,wsachdev@example.org,2261954902,Chennai,26,2023-11-23
CUST02153,Chaman Gupta,ekaja77@example.com,01388655009,Mumbai,45,2024-04-15
CUST02154,Hiral Ratta,mvarma@example.org,+919593601941,Delhi,61,2023-05-01
CUST02155,Azaan Sagar,jcherian@example.com,3608780720,Hyderabad,30,2024-01-15
CUST02156,Udant Kala,bhavsarnakul@example.org,9667637203,Bangalore,56,2024-01-04
CUST02157,Chakrika Krishna,keyapathak@example.com,00719056574,Kolkata,38,2024-04-10
CUST02158,Nikita Suresh,ubandi@example.com,07393164909,Delhi,23,2024-06-02
CUST02159,Anika Sandal,tkhosla@example.net,+915886810253,Hyderabad,53,2024-06-20
CUST02160,Patrick Sami,udatta@example.com,08009580401,Hyderabad,53,2024-03-11
CUST02161,Jason Mutti,carya@example.org,+919007388546,Pune,35,2023-09-22
CUST02162,Dayamai Taneja,yagnesh69@example.org,0894131985,Jaipur,47,2024-06-02
CUST02163,Widisha Bir,lukechopra@example.org,+915428425111,Mumbai,68,2024-06-13
CUST02164,Ronith Pandit,akshay94@example.org,9412597999,Surat,55,2023-03-03
CUST02165,Liam Koshy,dsahota@example.com,00628951340,Jaipur,68,2024-01-04
CUST02166,Tejas Walla,smangat@example.net,3081836329,Hyderabad,25,2024-01-13
CUST02167,Abhiram Gole,praja@example.net,+910715481851,Hyderabad,27,2023-06-04
CUST02168,Faras Singhal,vbhalla@example.com,06771928892,Bangalore,54,2024-03-02
CUST02169,Daniel Dugal,znagarajan@example.com,00589230360,Surat,55,2023-08-22
CUST02170,Vasatika Choudhry,amairasodhi@example.net,+916557136496,Delhi,24,2023-10-10
CUST02171,Januja Chandran,diya37@example.com,+915744882526,Surat,67,2024-01-08
CUST02172,Isaiah Verma,hemang11@example.com,6733851576,Delhi,68,2023-07-07
CUST02173,Warda Bansal,darpan68@example.org,8383193465,Kolkata,52,2024-02-01
CUST02174,Vedhika Nagarajan,pbehl@example.net,05633389234,Pune,44,2023-12-23
CUST02175,Lakshit Mallick,siya05@example.org,05782638803,Kolkata,42,2024-03-23
CUST02176,Maanav Shetty,purohitimaran@example.net,6286974762,Ahmedabad,54,2024-06-06
CUST02177,Upasna Bakshi,hemanginimallick@example.com,7268193192,Surat,48,2023-05-13
CUST02178,Gautam Gill,liamuppal@example.net,+916253941854,Mumbai,29,2023-08-03
CUST02179,Devansh Zacharia,eeshayohannan@example.net,+911400356303,Kolkata,43,2024-05-13
CUST02180,Yashasvi Dora,msoman@example.com,4904798657,Bangalore,57,2023-04-04
CUST02181,Liam Chanda,manbirperi@example.org,6286856434,Surat,61,2023-09-21
CUST02182,Parth Kade,gardejanaki@example.net,02894673631,Hyderabad,20,2023-08-31
CUST02183,Amol Memon,gbarman@example.com,+916280336490,Hyderabad,39,2023-10-30
CUST02184,Xalak Manda,chanarachita@example.org,03031016636,Chennai,21,2023-09-18
CUST02185,Anusha Patil,damini14@example.org,5796229511,Ahmedabad,35,2023-12-28
CUST02186,Prisha Buch,rajaoeshi@example.net,+910260469017,Pune,19,2023-06-24
CUST02187,Ryan Vaidya,raghavankrish@example.com,01066788457,Pune,70,2024-04-27
CUST02188,Manbir Borra,dpalla@example.org,4238935440,Kolkata,37,2023-10-02
CUST02189,Alexander Shetty,zaitraprasad@example.org,+913050667148,Kolkata,49,2023-08-02
CUST02190,Rushil Dara,qbuch@example.com,5541298249,Delhi,32,2023-05-13
CUST02191,Pranit Tripathi,parikhpratyush@example.org,9521768012,Bangalore,37,2023-09-10
CUST02192,Ojas Natt,narangdakshesh@example.com,3249139430,Ahmedabad,67,2023-06-17
CUST02193,Jasmit Bath,vidhikrishna@example.net,02383844037,Pune,35,2024-01-02
CUST02194,Aarini Kade,mohammed85@example.net,0330864148,Hyderabad,56,2023-09-07
CUST02195,Kabir Batra,anmol50@example.com,8715905182,Delhi,30,2024-05-16
CUST02196,Vinaya Garde,bhargavacharles@example.com,04479391171,Ahmedabad,31,2023-10-14
CUST02197,Advaith Balan,aahanaparikh@example.com,8486573744,Hyderabad,65,2023-12-11
CUST02198,Krishna Ahluwalia,odeshmukh@example.com,00474120818,Ahmedabad,66,2023-02-13
CUST02199,Zansi Kade,ishanideo@example.net,9404393516,Jaipur,41,2023-02-22
CUST02200,Falguni Subramanian,iprakash@example.net,06848031636,Mumbai,50,2023-10-07
CUST02201,Tripti Murty,advikabhavsar@example.org,03764298393,Bangalore,22,2023-02-18
CUST02202,Wridesh Peri,mekhalabarman@example.net,8532987340,Kolkata,63,2023-03-31
CUST02203,Vrinda Modi,rnarasimhan@example.net,03770499096,Jaipur,43,2023-10-01
CUST02204,Dayita Patla,knayar@example.com,03961034057,Bangalore,67,2023-05-27
CUST02205,Gopal Behl,memonimaran@example.net,7569430721,Jaipur,54,2024-05-09
CUST02206,Sudiksha Bir,ychaudhuri@example.com,7236341104,Mumbai,29,2023-11-10
CUST02207,Ria Saini,jchoudhry@example.com,07281829127,Chennai,30,2024-02-29
CUST02208,Nitesh Kuruvilla,ravelatharv@example.net,4158553730,Mumbai,33,2024-02-03
CUST02209,Tanish Shah,hjani@example.net,05967071694,Mumbai,47,2023-06-21
CUST02210,Anika Mody,agrawaldaniel@example.net,4075602310,Mumbai,41,2024-02-13
CUST02211,Banjeet Saxena,ldutt@example.com,2288542734,Chennai,35,2023-06-23
CUST02212,Manthan Prasad,srinivasanrobert@example.com,05475878371,Pune,70,2024-05-15
CUST02213,Raghav Dhar,christopher67@example.com,+918536017430,Ahmedabad,50,2023-06-22
CUST02214,Inaya Purohit,batrachaaya@example.org,+911667752707,Hyderabad,58,2023-04-09
CUST02215,Sara Sidhu,sarnaqushi@example.org,5064272990,Delhi,61,2024-01-24
CUST02216,Yauvani Chaudhuri,dray@example.com,+912702543163,Mumbai,33,2023-11-29
CUST02217,Yashvi More,emahajan@example.org,06046782036,Pune,49,2023-12-22
CUST02218,Hritik Nagarajan,bachittar26@example.org,+914097312206,Surat,46,2023-08-25
CUST02219,Nidra Naidu,aayush53@example.net,2421694353,Bangalore,48,2024-01-31
CUST02220,Ethan Shukla,pauekansh@example.org,0573213678,Surat,53,2024-02-28
CUST02221,Chaman Parikh,kashish26@example.org,01070557052,Pune,40,2023-12-23
CUST02222,Balendra Rastogi,sloke@example.org,+913599896258,Bangalore,34,2023-08-31
CUST02223,Mohini Koshy,raagini00@example.com,2551517975,Delhi,36,2023-03-23
CUST02224,Vaishnavi Verma,gaurika31@example.org,03445801976,Mumbai,42,2024-01-24
CUST02225,Rudra Luthra,zchakraborty@example.com,6152653222,Mumbai,28,2024-04-13
CUST02226,Shivani Baral,agatehredhaan@example.com,1297198840,Surat,67,2024-03-08
CUST02227,Yatin Sem,jagdish26@example.net,+917930080588,Chennai,32,2024-03-24
CUST02228,Forum Trivedi,daraamrita@example.org,+913405081056,Chennai,61,2024-06-20
CUST02229,Harita Vasa,obarad@example.org,+913116694602,Chennai,35,2024-06-10
CUST02230,Naveen Mannan,bsem@example.com,+918125983620,Hyderabad,50,2023-09-30
CUST02231,Yashodhara Lall,falan26@example.org,2033146565,Mumbai,67,2023-10-20
CUST02232,Oni Raman,vritti81@example.org,+914995043896,Mumbai,48,2023-07-09
CUST02233,Mitali Madan,balveer86@example.org,9532230724,Bangalore,59,2024-05-07
CUST02234,Lekha Kumar,grewalodika@example.org,+919557458618,Bangalore,56,2024-02-23
CUST02235,Yamini Iyengar,devikabansal@example.net,+915442788598,Mumbai,32,2024-05-24
CUST02236,Orinder Aurora,xrajagopal@example.com,3259627622,Kolkata,56,2023-06-13
CUST02237,Fitan Ghosh,ooak@example.com,+918399557802,Kolkata,63,2024-05-13
CUST02238,Yoshita Badami,shawidisha@example.org,0629450269,Kolkata,45,2023-07-06
CUST02239,Udant Patla,arunimachandran@example.net,03910323186,Hyderabad,40,2024-04-09
CUST02240,Upadhriti Bedi,osami@example.com,4772011040,Ahmedabad,34,2023-11-17
CUST02241,Yatin Sidhu,meerabadami@example.org,8777953342,Chennai,47,2023-04-21
CUST02242,Upkaar Dayal,aishanidave@example.com,07727745750,Kolkata,61,2023-05-06
CUST02243,Hemangini Grover,chaudhrybaghyawati@example.net,06036383968,Jaipur,70,2023-10-17
CUST02244,Patrick Babu,turvi59@example.net,+915894770693,Surat,43,2024-01-22
CUST02245,Harini Khurana,chaturadoctor@example.com,06167946778,Surat,24,2024-01-13
CUST02246,Zinal Varughese,tkale@example.com,1395945921,Mumbai,50,2023-04-11
CUST02247,Raksha Ghose,gaurangibehl@example.org,4737796263,Pune,53,2023-10-25
CUST02248,Ira Master,kshetty@example.org,7822008100,Surat,56,2023-04-03
CUST02249,Pranav Thaman,msaha@example.org,02515759514,Kolkata,37,2024-04-24
CUST02250,Mitali Saxena,atwalyasti@example.org,+914587242274,Delhi,48,2024-04-28
CUST02251,Pallavi Palla,chamelivarty@example.org,+915171972512,Delhi,39,2024-01-07
CUST02252,Samesh Keer,vincent67@example.com,7777342658,Kolkata,58,2024-04-17
CUST02253,Chanakya Jhaveri,andrachandani@example.net,9791407712,Pune,35,2024-04-24
CUST02254,Nitara Chada,srivastavaaishani@example.com,06974721712,Kolkata,59,2023-07-08
CUST02255,Jyoti Ramakrishnan,qtella@example.org,0325369525,Kolkata,30,2023-07-26
CUST02256,Ladli Suri,ekajaanne@example.com,1072839476,Bangalore,51,2023-06-27
CUST02257,Ekbal Goswami,qchakrabarti@example.net,9363196275,Chennai,21,2023-08-30
CUST02258,Aadhya Kapoor,nagardevansh@example.net,5663006362,Surat,43,2024-02-05
CUST02259,Chatura Parmer,ramachandranaashi@example.org,08704811353,Pune,61,2024-04-27
CUST02260,Yatin Sagar,nathaniel72@example.net,09867770554,Bangalore,64,2023-10-30
CUST02261,Urvi Chakraborty,leenachar@example.com,08270029331,Mumbai,59,2023-05-30
CUST02262,Mahika Upadhyay,urishillalala@example.com,+912136884157,Ahmedabad,36,2023-10-13
CUST02263,Ekansh Vora,orinder51@example.net,5617655892,Kolkata,44,2023-05-02
CUST02264,Janaki Dayal,vritti06@example.org,+912282933528,Hyderabad,42,2024-04-17
CUST02265,Hemang Prasad,indalirout@example.com,02684746455,Mumbai,55,2023-03-02
CUST02266,Zinal Korpal,annejason@example.net,00880875645,Surat,70,2024-02-25
CUST02267,Indrajit Arora,advaith10@example.net,8679744761,Chennai,39,2023-12-05
CUST02268,Prisha Puri,leenamerchant@example.com,03334774963,Chennai,61,2023-05-23
CUST02269,Manbir Dugal,ggarde@example.org,1502374387,Jaipur,58,2023-06-16
CUST02270,Chandresh Naidu,jackmann@example.org,00472609796,Ahmedabad,60,2023-05-06
CUST02271,Anamika Pant,pseshadri@example.com,00985919817,Pune,50,2024-02-25
CUST02272,Vincent Ramachandran,npatla@example.net,08858748955,Kolkata,28,2023-09-28
CUST02273,Isaiah Wason,adweta49@example.com,+916395257477,Jaipur,29,2023-10-14
CUST02274,Reva Dugar,dhartristan@example.net,08775619189,Kolkata,24,2024-04-06
CUST02275,Gaurangi Prakash,oyogi@example.org,2900059054,Ahmedabad,26,2023-08-08
CUST02276,Raksha Karpe,jnagy@example.com,00591934424,Kolkata,64,2023-09-06
CUST02277,Harshil Desai,vivaankoshy@example.org,05335359759,Jaipur,66,2024-01-16
CUST02278,Meghana Dugar,jagdishraval@example.org,7875788273,Bangalore,61,2023-10-04
CUST02279,Yug Batta,oshah@example.net,8366609797,Pune,59,2023-10-24
CUST02280,Gautami Apte,masterarunima@example.com,0729629010,Delhi,32,2024-05-25
CUST02281,Qabil Divan,jparekh@example.com,2546305941,Pune,32,2024-02-19
CUST02282,Xalak Dara,shankerriya@example.com,+919872458198,Kolkata,44,2023-10-02
CUST02283,Yashawini Tella,abhimanyu75@example.net,03805365972,Pune,41,2023-09-21
CUST02284,Kamala Bandi,wbajwa@example.org,+910696721281,Kolkata,55,2023-07-22
CUST02285,Shivani Bala,vedaverma@example.com,+917982149241,Kolkata,47,2023-06-05
CUST02286,Varenya Khurana,sandhurehaan@example.net,+918583068483,Delhi,48,2024-06-18
CUST02287,Zaitra Dasgupta,ksavant@example.org,6656067755,Mumbai,58,2023-11-23
CUST02288,Yagnesh Narain,harish05@example.net,7725040258,Surat,55,2024-01-06
CUST02289,Atharv Zachariah,eshana87@example.org,+915784572080,Surat,22,2023-04-30
CUST02290,Amol Mangat,pingledaniel@example.com,4931660816,Ahmedabad,30,2024-03-04
CUST02291,Gabriel Oza,lavanya61@example.org,4047500045,Jaipur,25,2023-11-17
CUST02292,Lakshit De,zbajaj@example.net,0649493565,Hyderabad,51,2024-02-19
CUST02293,Umang Ramesh,teerthraval@example.com,02245581708,Kolkata,44,2024-02-14
CUST02294,Ikshita Bhattacharyya,qarin44@example.net,9663900045,Mumbai,27,2023-05-30
CUST02295,Anjali Sahni,ugandhi@example.org,00961709987,Bangalore,30,2023-05-30
CUST02296,Akshay Thaker,raoniharika@example.net,1303846912,Pune,44,2023-11-16
CUST02297,Chatura Chaudhuri,ukrishnan@example.com,06257312536,Surat,47,2023-04-08
CUST02298,Neha Tella,lrana@example.org,5794745080,Bangalore,38,2023-12-27
CUST02299,Jagdish Shukla,thomaschakraborty@example.com,01604261447,Bangalore,67,2023-03-29
CUST02300,Gaurangi Bansal,adweta15@example.org,04458296945,Delhi,49,2023-06-22
CUST02301,Theodore Sheth,kumaryashawini@example.com,02093837396,Pune,58,2024-05-26
CUST02302,Devika Ghose,asaha@example.net,04146440261,Bangalore,38,2023-05-19
CUST02303,Barkha Dubey,ira56@example.org,3262138415,Mumbai,18,2023-08-05
CUST02304,Indira Mahajan,janakidhaliwal@example.com,00568808482,Ahmedabad,35,2024-01-29
CUST02305,Naksh Sinha,doramahika@example.org,+914029378132,Chennai,66,2023-09-05
CUST02306,Siya Kota,mohammedrout@example.org,07674695881,Bangalore,54,2023-12-02
CUST02307,Lekha Yogi,wshankar@example.com,2944993136,Bangalore,49,2023-10-16
CUST02308,Naksh Rau,qthaman@example.net,0536678320,Delhi,26,2023-05-20
CUST02309,Jatin Jhaveri,suleshivani@example.net,+915340388333,Surat,45,2023-04-05
CUST02310,Gopal Vala,cheemamitali@example.com,08023628019,Hyderabad,43,2023-06-04
CUST02311,Rishi Bora,pandyaanya@example.net,+919781573415,Hyderabad,48,2023-12-01
CUST02312,Anthony Purohit,garora@example.com,+913650460262,Hyderabad,18,2024-03-26
CUST02313,Warda Deep,gayathricheema@example.net,2613506210,Mumbai,52,2023-11-06
CUST02314,Faras Naidu,ptaneja@example.org,02981099752,Chennai,64,2024-04-24
CUST02315,Meghana Sahota,chandran83@example.com,1682140737,Pune,18,2024-06-22
CUST02316,Sudiksha Butala,rudra90@example.org,0920056260,Pune,66,2023-10-13
CUST02317,Bhavani Tailor,yochana57@example.net,8892132738,Jaipur,30,2023-04-12
CUST02318,Owen Dua,oscardeshmukh@example.net,02540149384,Mumbai,61,2023-10-17
CUST02319,Bishakha Keer,toorneelima@example.com,09478007924,Mumbai,58,2024-02-27
CUST02320,Mugdha Roy,vanyapalla@example.com,5045838750,Chennai,32,2023-02-19
CUST02321,Ucchal Balay,guhajack@example.com,+911135980433,Pune,37,2023-06-11
CUST02322,Osha Salvi,andrew10@example.org,06019335206,Bangalore,24,2023-05-07
CUST02323,Leela Bhagat,farasrama@example.net,02663316140,Hyderabad,50,2024-05-12
CUST02324,Ranveer Cheema,bhattvaishnavi@example.org,7199457405,Surat,37,2024-03-02
CUST02325,Ayush Borah,ahluwaliagaurangi@example.com,03526359517,Bangalore,22,2024-03-21
CUST02326,Janaki Gopal,imaran30@example.org,2867106656,Mumbai,37,2023-02-23
CUST02327,Oliver Hans,sanaya77@example.com,+914905717532,Kolkata,47,2023-04-18
CUST02328,Wakeeta Pall,meeradara@example.com,7898916831,Jaipur,56,2023-10-11
CUST02329,Edhitha Comar,bhavsaraarna@example.org,4124845467,Jaipur,39,2023-06-02
CUST02330,Sachi Borde,flalla@example.net,+916695450857,Hyderabad,61,2024-02-20
CUST02331,Rehaan Kumar,dasgautam@example.com,01706130112,Bangalore,39,2023-09-28
CUST02332,Gautam Vig,shanicholas@example.org,+915796564001,Ahmedabad,40,2023-11-26
CUST02333,Bina Dayal,tbhandari@example.com,2411643424,Chennai,28,2024-06-10
CUST02334,Jason Kulkarni,snadig@example.net,06248223064,Hyderabad,19,2023-04-17
CUST02335,Fariq Sami,mugdha03@example.net,5159234665,Chennai,32,2023-04-27
CUST02336,Bhavini Samra,ekta33@example.org,04950605411,Bangalore,31,2024-01-26
CUST02337,Vamakshi Chawla,binasandal@example.net,+911078907869,Mumbai,55,2024-04-08
CUST02338,Sneha Prashad,choudhuryutkarsh@example.org,01544747334,Jaipur,28,2024-02-01
CUST02339,Upasna Kothari,csridhar@example.org,6852531750,Delhi,41,2023-06-20
CUST02340,Tanish Som,butalajack@example.net,09689740952,Mumbai,42,2023-11-24
CUST02341,Irya Bali,vasudha92@example.net,+918472668063,Kolkata,67,2024-02-20
CUST02342,Bhavna Bose,fchandran@example.net,04062789088,Jaipur,57,2024-06-28
CUST02343,Meera Thakkar,gauravdas@example.org,1795928223,Mumbai,56,2023-06-14
CUST02344,Qasim Narayan,fsunder@example.org,00385616271,Mumbai,60,2024-06-08
CUST02345,George Gupta,owen77@example.org,+913573742142,Delhi,59,2023-02-18
CUST02346,Qasim Banerjee,ekhare@example.com,+915871994250,Mumbai,21,2024-06-18
CUST02347,Laban Narayan,aarnavpatla@example.com,8779936427,Delhi,44,2023-05-30
CUST02348,Sudiksha Dixit,hardiksami@example.net,+912921351113,Ahmedabad,42,2024-01-08
CUST02349,Hredhaan Balan,mnarasimhan@example.com,0246948412,Delhi,53,2023-05-30
CUST02350,Pratyush Kari,bahadurjitsule@example.org,5709439137,Kolkata,48,2023-02-19
CUST02351,Ria Venkataraman,varshagara@example.org,+911682260809,Bangalore,31,2024-06-27
CUST02352,Sanya Bir,hredhaan93@example.org,08449883803,Mumbai,37,2023-09-24
CUST02353,Raksha Kashyap,charudant@example.org,00494624554,Hyderabad,60,2023-02-28
CUST02354,Alexander Aurora,viraj55@example.net,8234811808,Delhi,60,2024-03-26
CUST02355,Zansi Nagy,deshpandeavni@example.com,09825875371,Jaipur,35,2024-06-26
CUST02356,Chaitaly Chaudhry,wahab30@example.com,+916667063311,Surat,56,2023-11-28
CUST02357,Raagini Chander,natarajangeetika@example.net,+910937313403,Bangalore,44,2023-10-16
CUST02358,Unnati Anand,vedikakakar@example.org,01892004582,Delhi,50,2023-03-07
CUST02359,Gopal Raman,anamikasen@example.net,02468473255,Surat,25,2023-03-15
CUST02360,Falguni Desai,nayaktheodore@example.com,09120720957,Kolkata,25,2023-11-16
CUST02361,Vivaan Murthy,advay81@example.net,6844565781,Delhi,49,2024-04-02
CUST02362,Adya Menon,bahadurjitmurty@example.com,+915155674092,Chennai,56,2023-03-09
CUST02363,Wishi Mutti,balendrabajwa@example.org,+914140580670,Chennai,67,2023-11-27
CUST02364,Anita Sant,dayamai84@example.org,+910040046454,Kolkata,51,2023-12-23
CUST02365,Siddharth Merchant,kpanchal@example.com,00489924662,Chennai,40,2023-07-22
CUST02366,Darpan Chacko,balveersinghal@example.net,01181216525,Hyderabad,36,2023-03-15
CUST02367,Jhalak Narayan,morarwridesh@example.org,00717416477,Bangalore,20,2024-04-18
CUST02368,Ranbir Chaudhuri,karniknaksh@example.net,+911976702546,Jaipur,49,2023-04-04
CUST02369,Brinda Mall,ssaini@example.com,8924418328,Chennai,62,2024-05-08
CUST02370,Gaurang Khurana,rdatta@example.net,4792975914,Ahmedabad,39,2024-05-18
CUST02371,Damini Bahri,moreleena@example.com,4639248878,Chennai,18,2023-02-22
CUST02372,Yagnesh Sridhar,asood@example.com,7378053425,Mumbai,60,2023-04-10
CUST02373,Suhani Das,idate@example.net,04767666091,Delhi,25,2023-12-05
CUST02374,Janya Gade,ikulkarni@example.com,9317697085,Surat,60,2023-09-12
CUST02375,Eiravati Dada,prasadrajata@example.net,+919670447771,Ahmedabad,27,2023-06-29
CUST02376,Shravya Sidhu,deshmukhjanya@example.net,+911554494099,Delhi,67,2024-04-29
CUST02377,Tara Naik,kamalaramachandran@example.net,+917448455576,Jaipur,22,2024-05-31
CUST02378,Shivansh Khurana,anita20@example.net,00953072772,Delhi,34,2023-11-05
CUST02379,Vaishnavi Ramachandran,yashica87@example.org,8942660366,Chennai,47,2024-03-26
CUST02380,Rachit Shetty,qmohan@example.net,+919435007961,Kolkata,34,2023-09-18
CUST02381,Vanya Tandon,qvora@example.org,07164919163,Ahmedabad,21,2024-06-02
CUST02382,Gauri Bains,vghose@example.net,+915016915697,Delhi,70,2023-11-06
CUST02383,Yashodhara Dhar,chatreshsridhar@example.net,+910813349023,Bangalore,20,2024-06-03
CUST02384,Chandani Kata,rachanagill@example.com,4180169599,Kolkata,41,2023-04-13
CUST02385,Charita Salvi,balveer31@example.org,2879146595,Pune,45,2023-04-02
CUST02386,Maanav Bala,vihaanbhargava@example.com,6669423943,Delhi,24,2023-11-20
CUST02387,Vasatika Parikh,nathan88@example.com,03773485030,Mumbai,18,2024-03-29
CUST02388,Saumya Soman,fariqsetty@example.net,+911625055326,Bangalore,60,2023-09-24
CUST02389,Arunima Mody,unnatidhawan@example.com,7793889491,Bangalore,39,2024-03-22
CUST02390,Saanvi Gandhi,qsrinivasan@example.com,6910407629,Pune,46,2023-08-21
CUST02391,Dipta Goswami,harish57@example.org,+918020404107,Surat,35,2024-03-24
CUST02392,Krish Mammen,yuvrajshan@example.org,+916578149635,Delhi,41,2023-07-22
CUST02393,Shaurya Pingle,devbuch@example.org,+915845673137,Pune,29,2023-03-13
CUST02394,Dominic Shenoy,rayaan17@example.com,00730217373,Delhi,43,2023-06-11
CUST02395,Chaitanya Chacko,chaudharibimala@example.net,+916218922400,Hyderabad,47,2023-09-10
CUST02396,Lakshmi Natt,pooja60@example.org,5143580471,Kolkata,42,2023-03-17
CUST02397,Bachittar Mitter,charles15@example.net,+911195960276,Ahmedabad,69,2023-12-12
CUST02398,Anusha Talwar,asarkar@example.org,04856257504,Hyderabad,59,2023-05-09
CUST02399,Nandini Lal,ramadya@example.net,8617541827,Bangalore,25,2024-03-09
CUST02400,Jack Mital,rajachristopher@example.com,0197557082,Bangalore,62,2023-09-02
CUST02401,Eshana Batra,anika41@example.com,02942670880,Mumbai,28,2024-01-31
CUST02402,Dhruv Narasimhan,karanraksha@example.net,6268497042,Delhi,44,2023-06-21
CUST02403,Yashasvi Dada,mason07@example.com,8170068143,Surat,48,2023-09-15
CUST02404,Mitesh Kara,araman@example.net,+910541715007,Surat,61,2023-09-18
CUST02405,Tanvi Pall,yadavabeer@example.org,07842845576,Ahmedabad,29,2023-04-05
CUST02406,Vasudha Subramaniam,santpriya@example.com,+911922834914,Surat,42,2023-05-27
CUST02407,Indrajit Patil,snehagoda@example.net,09783367408,Pune,57,2024-01-19
CUST02408,Onkar Bath,amrita47@example.net,09880122562,Mumbai,61,2023-03-15
CUST02409,Oeshi Char,zachariabalvan@example.org,07016206370,Bangalore,48,2023-06-06
CUST02410,Geetika Pandey,nadkarnijatin@example.com,06166296586,Ahmedabad,25,2024-05-22
CUST02411,Libni Bhagat,jagvikohli@example.com,7320922545,Hyderabad,46,2023-03-08
CUST02412,Lila Loyal,sarnaubika@example.org,8718341000,Mumbai,22,2023-09-20
CUST02413,Brinda Varma,wridesh93@example.org,+914603560897,Kolkata,59,2024-05-04
CUST02414,Anya Konda,npradhan@example.org,04790583047,Pune,18,2023-02-20
CUST02415,Arjun Dutta,qsandal@example.com,+913005019857,Jaipur,67,2023-07-28
CUST02416,Shaurya Trivedi,mandalpranit@example.com,00628285072,Surat,64,2023-08-05
CUST02417,Qarin Arya,logan85@example.org,05013524711,Surat,32,2024-03-21
CUST02418,Hemani Arya,jason39@example.net,1841805141,Pune,51,2023-04-17
CUST02419,Waida Kuruvilla,maharajkashvi@example.org,06993327692,Jaipur,62,2024-03-13
CUST02420,Alka Sem,yastishroff@example.net,+910925239060,Surat,24,2023-08-16
CUST02421,Nisha Bath,jbuch@example.com,+913739491258,Hyderabad,60,2024-06-24
CUST02422,Tristan Sani,mmani@example.com,03653145945,Chennai,48,2024-06-06
CUST02423,Jhalak Balay,ikbal46@example.net,+911879897633,Pune,60,2024-06-17
CUST02424,Kabir Issac,mandnachiket@example.org,+913883196025,Hyderabad,27,2023-02-26
CUST02425,Warhi Babu,abdul04@example.org,6668470726,Jaipur,57,2023-03-06
CUST02426,Ucchal Murty,mtoor@example.com,03680537380,Mumbai,18,2024-04-12
CUST02427,Saksham Gupta,sharmaayushman@example.org,9824770751,Bangalore,50,2023-11-03
CUST02428,Lakshit Chawla,tripathiodika@example.org,07828168960,Ahmedabad,49,2023-02-19
CUST02429,Yamini Viswanathan,duttavidhi@example.net,+914252846580,Bangalore,22,2023-09-13
CUST02430,Shivani Desai,bhavikachaudhuri@example.net,9797031080,Ahmedabad,38,2023-11-07
CUST02431,Aayush Pal,aarini87@example.net,0483346586,Chennai,39,2024-05-19
CUST02432,Krishna Ram,goswamiharish@example.org,+918066640599,Kolkata,21,2023-10-10
CUST02433,Tristan Bajwa,sanand@example.org,08253712688,Jaipur,32,2023-10-20
CUST02434,Faris Nath,vidhi81@example.org,7314217562,Jaipur,59,2023-06-28
CUST02435,Zayyan Koshy,indrajittaneja@example.net,+917305976620,Hyderabad,43,2023-11-05
CUST02436,Ridhi Verma,nandini40@example.org,07746621997,Chennai,23,2023-10-28
CUST02437,Prisha Oza,diyaoza@example.net,02458667292,Ahmedabad,46,2023-11-27
CUST02438,Ubika Edwin,oshasodhi@example.net,00601541382,Surat,46,2023-09-21
CUST02439,Niharika Yogi,warjasdeshmukh@example.org,9862254686,Delhi,49,2023-05-17
CUST02440,Raagini Chadha,karanjalsa@example.com,07480843714,Ahmedabad,38,2024-04-06
CUST02441,Nirja Dhingra,okata@example.com,+916001266460,Delhi,49,2023-12-04
CUST02442,Faqid Mane,chackoabeer@example.org,1665954543,Mumbai,24,2023-03-04
CUST02443,Urvi Venkataraman,mugdha27@example.net,02052258987,Hyderabad,44,2024-01-24
CUST02444,Daksh Tata,nakulchopra@example.com,05691070861,Mumbai,53,2024-04-22
CUST02445,Girik Kala,aadi25@example.org,+916422764349,Jaipur,18,2024-01-04
CUST02446,Hamsini Dey,dparekh@example.com,+914774116028,Delhi,68,2023-08-20
CUST02447,Rehaan Yogi,woza@example.net,8759204155,Surat,57,2023-05-06
CUST02448,Vedant Bawa,rastogianusha@example.net,+910329774443,Kolkata,50,2023-06-07
CUST02449,Dayamai Pai,bvohra@example.com,4047724649,Jaipur,31,2023-10-12
CUST02450,Chakrika Chauhan,routshravya@example.net,1009978442,Ahmedabad,39,2023-12-18
CUST02451,Yug Bhatti,ilad@example.org,+918265859702,Pune,70,2023-07-05
CUST02452,Aarav Oommen,upasna99@example.net,+915843456512,Mumbai,70,2024-06-26
CUST02453,Bhavini Jayaraman,anvi07@example.net,+918063139594,Chennai,47,2023-06-13
CUST02454,Amruta Nanda,sodhishaurya@example.net,1282111264,Pune,53,2023-12-30
CUST02455,Yasti Brar,aahana47@example.net,9377070507,Surat,56,2023-02-25
CUST02456,Anmol Ratti,lekhakalla@example.org,06243265720,Ahmedabad,63,2024-06-08
CUST02457,Charles Kumer,ebaria@example.net,3798775239,Pune,63,2023-12-06
CUST02458,Robert Ramachandran,venkataramancharita@example.com,04198385792,Ahmedabad,25,2023-11-05
CUST02459,Manan Badami,sainiindira@example.org,09952747871,Delhi,66,2023-08-13
CUST02460,Udarsh Hans,ekavirsehgal@example.net,+911347561961,Chennai,18,2024-04-20
CUST02461,Jalsa Bedi,isaiahbahri@example.org,+912786499587,Pune,40,2023-03-13
CUST02462,Indali Dara,eshanakaran@example.net,0631905376,Kolkata,53,2024-06-23
CUST02463,Onkar Sibal,widishamangat@example.net,02268975311,Jaipur,41,2024-02-23
CUST02464,Nihal Lad,vyanjanadesai@example.net,+917579314449,Delhi,20,2023-06-27
CUST02465,Keya Madan,leena24@example.net,+918409277157,Bangalore,49,2024-04-17
CUST02466,Odika Wable,abdul70@example.com,1825110318,Bangalore,70,2023-09-19
CUST02467,Anirudh Sood,henry44@example.net,06619667601,Hyderabad,24,2024-02-10
CUST02468,Anamika Keer,aarav10@example.org,05576475665,Kolkata,57,2024-02-23
CUST02469,Liam Sood,fmitra@example.org,00685902330,Chennai,30,2023-12-17
CUST02470,Pooja Grewal,mukhopadhyayvedhika@example.net,+916165373053,Delhi,43,2024-03-09
CUST02471,Nitesh Acharya,ewable@example.net,02930961507,Chennai,47,2023-04-10
CUST02472,Rachana Rao,ranganathanchatura@example.org,07059041179,Chennai,63,2023-12-31
CUST02473,Saanvi Sankar,hemangmane@example.com,00996087496,Pune,24,2024-04-04
CUST02474,Mason Vaidya,andrewvarghese@example.net,08847798882,Hyderabad,20,2023-06-21
CUST02475,Tamanna Pall,vwali@example.com,6274823009,Surat,25,2024-02-06
CUST02476,Ekta Kurian,lnatarajan@example.com,+911336721156,Ahmedabad,47,2023-09-25
CUST02477,Aradhana Badami,qabilmemon@example.com,09137165094,Surat,50,2024-01-16
CUST02478,Tarak Cherian,nilima37@example.net,+913191518136,Bangalore,49,2024-03-24
CUST02479,Atharv Majumdar,tbava@example.com,4494058151,Mumbai,51,2023-12-14
CUST02480,Aadhya Dugal,tchander@example.net,+919268900986,Mumbai,53,2024-06-08
CUST02481,Pahal Virk,mannedarika@example.org,06611772942,Hyderabad,55,2024-06-15
CUST02482,Upasna Bedi,oommenzilmil@example.net,08240497795,Ahmedabad,50,2024-01-31
CUST02483,Bhavani Ahuja,kashyapdaniel@example.org,+915186175989,Bangalore,62,2023-09-19
CUST02484,Dayita Modi,qsaini@example.net,+919495832519,Surat,29,2023-11-28
CUST02485,Advaith Deshpande,nkata@example.com,2277708594,Bangalore,24,2024-04-15
CUST02486,Pahal Toor,wahabpatel@example.net,04344821380,Hyderabad,60,2023-04-12
CUST02487,Harinakshi Sood,xmalhotra@example.org,5139855323,Surat,56,2023-10-07
CUST02488,Yamini Kale,hkibe@example.com,02523243421,Pune,50,2024-02-19
CUST02489,Vasudha Sankaran,rajeshri28@example.org,03350064558,Hyderabad,44,2023-03-07
CUST02490,Zarna Garde,benjamin78@example.org,6255872937,Surat,62,2023-02-24
CUST02491,Nakul Patel,ykalla@example.org,0558226231,Chennai,35,2024-06-15
CUST02492,Kashvi Bahri,chadkala@example.org,+917034147756,Hyderabad,39,2024-04-16
CUST02493,Siddharth Sura,khalsaria@example.net,8708053828,Kolkata,46,2024-05-28
CUST02494,Patrick Doctor,madhavinarayanan@example.com,5376445125,Bangalore,26,2024-05-24
CUST02495,Omkaar Dua,jhaavni@example.com,04299613807,Hyderabad,56,2023-03-22
CUST02496,Chaitanya Sankaran,adyaoak@example.org,+916838292162,Jaipur,37,2024-06-17
CUST02497,Alexander Mohan,vedhikatripathi@example.com,7103630569,Jaipur,38,2023-07-30
CUST02498,Patrick Mutti,rajagopalcharita@example.org,+913528889908,Jaipur,58,2024-05-05
CUST02499,Azaan Vohra,chandaarush@example.com,+914923603680,Chennai,30,2023-10-26
CUST02500,Yashasvi Mangat,anita37@example.org,+913267763831,Chennai,57,2024-02-07
CUST02501,Yamini Bhakta,viraj84@example.net,+910979756842,Kolkata,61,2023-04-12
CUST02502,Bachittar Bhatti,dmallick@example.org,1311265974,Pune,61,2023-08-26
CUST02503,Dakshesh Deep,hredhaandeol@example.org,08170423275,Bangalore,63,2023-11-04
CUST02504,Fariq Walia,ojas06@example.org,+914165272618,Bangalore,50,2024-05-04
CUST02505,Aditya Padmanabhan,gunbirbasak@example.org,+917925136223,Jaipur,62,2023-11-13
CUST02506,Falan Kale,lbalay@example.org,8194014696,Pune,63,2023-03-26
CUST02507,Neha Banik,jtandon@example.com,+910450980635,Delhi,66,2023-06-08
CUST02508,Janani Bala,rattirachit@example.com,+915104946173,Pune,53,2023-03-02
CUST02509,Falan Nigam,jhaveritimothy@example.net,+910967309240,Ahmedabad,55,2023-10-11
CUST02510,Saksham Nigam,vsachdeva@example.org,+919036385743,Surat,60,2023-06-04
CUST02511,Ekaja Thaman,apteayaan@example.net,01626750146,Hyderabad,61,2023-11-01
CUST02512,Amrita Raman,abdul03@example.net,05584642018,Jaipur,36,2023-04-07
CUST02513,Logan Kala,aarnavchandran@example.com,01988906091,Hyderabad,69,2024-04-16
CUST02514,Bachittar Shan,jagdish92@example.com,07504616228,Mumbai,51,2023-12-25
CUST02515,Rohan Sankar,pavani88@example.net,02020487103,Delhi,19,2023-08-24
CUST02516,Utkarsh Mane,wpuri@example.com,+914427197453,Hyderabad,27,2023-03-17
CUST02517,Januja Pillay,alexander80@example.org,+919069547356,Mumbai,60,2024-05-16
CUST02518,Krishna Sen,aachaljani@example.com,1090982450,Mumbai,30,2024-01-03
CUST02519,Aishani Sani,riya02@example.org,00741706022,Kolkata,66,2023-08-14
CUST02520,Ekantika Jain,guhaaachal@example.net,+917622809541,Bangalore,36,2023-10-18
CUST02521,Azad Char,ckota@example.net,+915848281739,Kolkata,27,2023-05-26
CUST02522,Harshil Bal,pallavipandya@example.com,+912064646764,Mumbai,62,2023-10-04
CUST02523,Lavanya Gara,champak84@example.com,+911439992570,Kolkata,31,2024-04-30
CUST02524,Yoshita Sankaran,anandmaanas@example.net,05143825520,Jaipur,20,2023-06-16
CUST02525,Geetika Dalal,wadhwabalendra@example.com,+918390530673,Pune,70,2024-05-05
CUST02526,Chatresh Karan,anirudh16@example.net,07692191050,Ahmedabad,24,2024-04-12
CUST02527,Tara Banerjee,vedhika44@example.com,4069143876,Surat,61,2023-10-07
CUST02528,Yatan Dada,kashish67@example.com,5979296263,Jaipur,32,2023-05-06
CUST02529,Tejas Ganesh,vedant70@example.org,9190566514,Jaipur,42,2023-03-16
CUST02530,Darika Halder,senmekhala@example.net,3298768160,Chennai,50,2024-05-27
CUST02531,Harshil Sinha,duttaamrita@example.org,+916374373801,Kolkata,62,2023-06-02
CUST02532,Adya Hans,falan35@example.net,01682611147,Mumbai,42,2023-08-24
CUST02533,Aryan Saxena,aadhyashenoy@example.net,03541455647,Hyderabad,44,2024-05-12
CUST02534,Devansh Chaudhari,ivala@example.com,2663700889,Pune,53,2023-06-28
CUST02535,Chakradev Dash,jasmit78@example.net,+916560880418,Mumbai,18,2024-01-22
CUST02536,Kai Manda,neelima28@example.net,+916173460873,Kolkata,30,2024-03-03
CUST02537,Saksham Brar,robert18@example.org,+917229380450,Surat,67,2024-01-05
CUST02538,Victor Malhotra,buchneelima@example.com,06492738681,Ahmedabad,32,2023-05-26
CUST02539,Vaishnavi Deep,vinayachauhan@example.net,+915539258830,Pune,66,2024-05-27
CUST02540,Ryan Rao,abhatnagar@example.org,3384178760,Surat,52,2023-05-01
CUST02541,Dayita Atwal,adutta@example.net,4881050391,Surat,30,2023-09-10
CUST02542,Oscar Wali,sachikant@example.net,8593082278,Chennai,36,2023-04-02
CUST02543,Ijaya Krish,yash69@example.net,2320724861,Ahmedabad,29,2024-04-20
CUST02544,Harini Sankaran,vihaanben@example.net,07801946701,Delhi,29,2023-07-02
CUST02545,Matthew Acharya,chaitaly71@example.org,+918362487485,Bangalore,65,2023-09-03
CUST02546,Saumya Sandal,srinivasantimothy@example.org,07606395136,Jaipur,25,2023-11-20
CUST02547,Pooja Parsa,emanne@example.net,09843663375,Hyderabad,20,2023-09-10
CUST02548,Yashica Magar,timothy57@example.com,07859294583,Hyderabad,35,2023-09-09
CUST02549,Ria Manne,ojas39@example.com,+914244502567,Jaipur,34,2024-01-01
CUST02550,Jai Srinivas,gaurangibora@example.com,+910376329403,Bangalore,28,2024-04-07
CUST02551,Daksha Kala,fkumer@example.net,+916980865510,Surat,34,2023-11-03
CUST02552,Turvi Aggarwal,nthakkar@example.net,+911329402759,Mumbai,39,2023-07-09
CUST02553,Brijesh Bhatti,cprakash@example.com,05748632810,Ahmedabad,63,2024-01-23
CUST02554,Aarush Om,vbhargava@example.com,03841096006,Bangalore,20,2024-05-24
CUST02555,Nikita Bhavsar,rishi17@example.com,00244569791,Bangalore,38,2023-10-27
CUST02556,Tanay Karpe,vseth@example.com,05460683426,Surat,21,2023-02-23
CUST02557,Warinder Vohra,dayitasaran@example.net,06081875880,Surat,60,2023-07-08
CUST02558,Anmol Hans,tkapoor@example.net,04512619379,Kolkata,49,2023-03-13
CUST02559,Nakul Joshi,mannechaitaly@example.org,+912134557999,Surat,53,2023-02-28
CUST02560,Vaishnavi Goyal,nandini68@example.com,+913063657837,Pune,22,2024-01-29
CUST02561,Ikbal Ben,hardik36@example.com,07679593224,Pune,51,2024-04-25
CUST02562,Varenya Kamdar,lbuch@example.com,05579120945,Chennai,29,2023-06-25
CUST02563,Nihal Yohannan,chanchal38@example.net,2697694136,Jaipur,22,2023-08-26
CUST02564,Pooja Toor,hanand@example.com,6391418359,Jaipur,28,2023-03-04
CUST02565,Chatresh Manda,abha74@example.org,00725445278,Hyderabad,52,2023-09-08
CUST02566,Gaurika Krishnan,jgade@example.com,00751939146,Jaipur,43,2024-03-20
CUST02567,Saumya Ganguly,karidipta@example.com,9910858777,Delhi,40,2023-02-13
CUST02568,Ishita Balan,haldertanveer@example.net,2567974631,Chennai,31,2024-03-02
CUST02569,Vasatika Bhavsar,agolla@example.com,7861633863,Pune,39,2024-03-16
CUST02570,Wyatt Anne,luckyrout@example.org,09864094665,Pune,36,2024-03-26
CUST02571,Vidhi Sethi,munshiumang@example.com,04349541217,Chennai,66,2023-08-23
CUST02572,Azad Bose,zaidkumar@example.net,+918009205365,Surat,51,2023-02-26
CUST02573,Mohini Vohra,msahota@example.org,+911923315240,Ahmedabad,53,2024-06-04
CUST02574,Dhriti Shan,yoshita42@example.com,08612779333,Mumbai,25,2023-06-13
CUST02575,Rajata Mukhopadhyay,anmolchander@example.net,04576616295,Pune,46,2023-03-11
CUST02576,Baghyawati Bhattacharyya,kalafaras@example.net,01732652346,Chennai,59,2023-08-17
CUST02577,Baghyawati Sanghvi,dattadavid@example.org,4672644019,Surat,57,2024-06-01
CUST02578,Yashvi Contractor,shivansh53@example.com,4256286078,Chennai,20,2023-03-27
CUST02579,Yashawini Mander,enath@example.org,4074918505,Pune,42,2024-01-30
CUST02580,Abha Ben,divya46@example.net,01206906119,Delhi,42,2024-06-03
CUST02581,Suhani Kamdar,vdugal@example.org,+913158464394,Kolkata,52,2023-06-29
CUST02582,Amol Nagi,anay09@example.org,3195078730,Kolkata,19,2024-04-30
CUST02583,Ranbir Bala,khatrianita@example.net,3292620555,Jaipur,70,2024-02-03
CUST02584,Manbir Tiwari,widisha56@example.com,7833939943,Pune,50,2023-03-21
CUST02585,Fariq Zacharia,sai87@example.net,+918095728397,Jaipur,46,2023-10-31
CUST02586,Ekavir Sankaran,brinda60@example.com,05625670327,Ahmedabad,20,2023-04-04
CUST02587,Ishanvi Venkatesh,dnarasimhan@example.net,0207520469,Kolkata,59,2024-05-16
CUST02588,Bhavna Joshi,rastogiaashi@example.net,07739202444,Chennai,38,2023-02-19
CUST02589,Warinder Chaudhuri,ibuch@example.net,0112036729,Jaipur,23,2024-01-21
CUST02590,Megha Krishnan,rachitabutala@example.net,06647107935,Delhi,28,2023-05-16
CUST02591,Osha Peri,aryankota@example.org,3001618321,Jaipur,52,2023-07-29
CUST02592,Daniel Tailor,ekaraj66@example.net,4308604283,Mumbai,58,2023-04-02
CUST02593,Logan Kala,charitaraja@example.net,04710606067,Delhi,31,2024-06-09
CUST02594,Vyanjana Setty,elijahkumer@example.org,1007290847,Chennai,61,2023-12-22
CUST02595,Henry Chandran,vbhat@example.com,04765857579,Hyderabad,24,2023-02-23
CUST02596,Umang Rastogi,onagarajan@example.net,4791099993,Chennai,52,2024-02-21
CUST02597,Barkha Zacharia,kmurty@example.org,+918045334304,Hyderabad,59,2023-12-17
CUST02598,Atharv Sheth,agatearjun@example.org,07554753964,Delhi,65,2024-03-16
CUST02599,Panini Kade,haritabuch@example.org,02303582172,Bangalore,19,2024-06-20
CUST02600,Yuvraj Balakrishnan,kuruvillaagastya@example.net,8611258044,Ahmedabad,63,2024-02-01
CUST02601,Darpan Rao,ucchal72@example.org,+912716810981,Pune,20,2024-06-12
CUST02602,Ojasvi Sanghvi,jhalakdave@example.org,02673711070,Delhi,22,2024-05-28
CUST02603,Rachita Mahal,gmohanty@example.com,03594689537,Mumbai,29,2023-07-09
CUST02604,Hemal Gera,tripti76@example.net,9773951660,Kolkata,53,2023-06-05
CUST02605,Zaid Srinivasan,chaudhryalka@example.net,0950715199,Delhi,54,2024-06-02
CUST02606,Lohit Kapoor,mohantyvinaya@example.com,+915961159533,Chennai,34,2024-03-23
CUST02607,Gavin Ramaswamy,anaysaraf@example.org,8156603098,Hyderabad,42,2023-03-14
CUST02608,Tanveer Lall,anushajayaraman@example.com,+915680877934,Ahmedabad,58,2023-10-16
CUST02609,Abha Chandra,ysheth@example.org,+918743096474,Hyderabad,45,2023-04-19
CUST02610,Logan Raman,chasmumvirk@example.com,+919295162890,Pune,19,2023-11-19
CUST02611,Alka Vora,krishnadey@example.com,03312581287,Hyderabad,61,2023-08-29
CUST02612,Udant Lata,kundahemang@example.net,04476522469,Delhi,52,2023-09-02
CUST02613,Ishwar Sachar,ekalingasood@example.com,+917135284547,Mumbai,59,2023-02-27
CUST02614,Abhimanyu Bajaj,ria45@example.net,0766487841,Surat,22,2023-06-06
CUST02615,Jagat Gola,csarin@example.com,3359482245,Surat,20,2023-04-17
CUST02616,Lila Aurora,janyakothari@example.com,+917654614119,Delhi,40,2024-01-08
CUST02617,Harish Master,kkapadia@example.net,1298358448,Jaipur,24,2024-06-21
CUST02618,Hardik Desai,esoman@example.org,07156853909,Kolkata,68,2023-04-02
CUST02619,Baghyawati Madan,akrishnan@example.net,+913089229064,Kolkata,56,2024-04-04
CUST02620,Eshana Merchant,dubeyyash@example.com,04526587280,Delhi,36,2024-05-25
CUST02621,Lekha Nagarajan,agokhale@example.org,+918059801888,Ahmedabad,42,2023-02-19
CUST02622,Aadi Acharya,robert78@example.org,6872203071,Hyderabad,70,2023-03-15
CUST02623,Panini Garde,samarthsibal@example.com,6215415198,Mumbai,48,2023-03-14
CUST02624,Jonathan Sha,ojasmorar@example.org,8635834926,Bangalore,52,2023-05-24
CUST02625,Amruta Naik,gaurang09@example.org,3355885728,Chennai,26,2024-01-05
CUST02626,Mugdha Kale,saranfinn@example.net,0558753029,Hyderabad,68,2023-09-06
CUST02627,Dakshesh Mishra,sanghaupadhriti@example.net,02027989145,Jaipur,36,2024-04-15
CUST02628,Ekavir Dara,gedwin@example.com,08487494009,Bangalore,37,2024-04-24
CUST02629,Qarin Varughese,vpal@example.net,+917200805701,Pune,18,2023-11-26
CUST02630,Bhavika Kade,sanya52@example.net,2555680846,Jaipur,53,2024-03-30
CUST02631,Aarav Chawla,indrajit23@example.com,+914249470025,Bangalore,25,2023-04-12
CUST02632,Maya Sen,darikaluthra@example.com,+919577248774,Mumbai,18,2023-10-01
CUST02633,Chatura Wali,gaurisarraf@example.org,8909100634,Surat,56,2024-01-01
CUST02634,Faris Tiwari,lallakrish@example.org,2230597573,Hyderabad,52,2023-06-01
CUST02635,Rachit Thaker,wradhakrishnan@example.com,05525868568,Jaipur,23,2023-08-13
CUST02636,Leena Loke,kvohra@example.net,04871300025,Kolkata,31,2023-08-09
CUST02637,Alka Oak,williammangal@example.com,8529484470,Pune,31,2023-07-07
CUST02638,Deepa Prabhu,narasimhanlekha@example.org,+917069511819,Hyderabad,59,2023-08-30
CUST02639,Rudra Warrior,ppatla@example.net,05942298133,Jaipur,27,2024-05-02
CUST02640,Bhavya Bose,ushere@example.org,+918016774360,Bangalore,29,2024-04-05
CUST02641,Zinal Narula,revachaudhary@example.com,+916947493476,Chennai,57,2024-01-29
CUST02642,Yashasvi Sahni,ramangautam@example.net,7764580843,Kolkata,30,2023-03-25
CUST02643,Eesha Gaba,sekhonbalhaar@example.net,+915312605574,Delhi,29,2023-03-16
CUST02644,Gayathri Pillai,ksampath@example.com,09126813078,Surat,21,2023-06-14
CUST02645,Ikbal Venkatesh,ijayamohanty@example.org,+913459232580,Jaipur,47,2024-06-12
CUST02646,Bhavya Palan,xalak11@example.com,+917435149286,Jaipur,22,2023-05-25
CUST02647,Christopher Dube,harishshetty@example.com,0281060763,Kolkata,60,2024-04-05
CUST02648,Sarthak Johal,ojasvi02@example.net,6335641629,Delhi,34,2024-03-23
CUST02649,Baljiwan Garg,matthew15@example.net,1435172368,Delhi,30,2023-08-16
CUST02650,Devika Wason,omkaar60@example.net,+913547224055,Surat,49,2024-03-22
CUST02651,Chakradev Ravi,daliaupkaar@example.net,+910458927523,Pune,40,2023-06-27
CUST02652,Balendra Prasad,okar@example.com,05638598182,Bangalore,60,2023-11-19
CUST02653,Reva Mishra,cbasak@example.com,5733807926,Chennai,24,2023-12-26
CUST02654,Bhavya Anne,zayan75@example.org,+917505665589,Kolkata,57,2024-03-03
CUST02655,Mitali Naidu,ytaneja@example.net,2232420430,Delhi,30,2023-03-15
CUST02656,Devansh Cheema,sanghviupasna@example.org,3635911420,Pune,49,2024-06-17
CUST02657,Mitali Chopra,maanaskalita@example.org,6140245422,Ahmedabad,39,2023-06-24
CUST02658,Onkar Mani,anthonydixit@example.org,2000132789,Surat,60,2023-05-10
CUST02659,Alka Keer,darsh97@example.net,+913532956176,Kolkata,62,2023-05-16
CUST02660,Zilmil Maharaj,zsura@example.com,00897795361,Surat,27,2024-05-13
CUST02661,Ranbir Acharya,mbaral@example.org,03360273156,Surat,54,2023-10-07
CUST02662,Oviya Biswas,bhora@example.org,2459897773,Pune,69,2023-11-13
CUST02663,Charita Hari,devanshmammen@example.com,+919222283381,Pune,45,2023-05-23
CUST02664,Patrick Gade,geetikabala@example.com,+917094014412,Bangalore,18,2023-07-19
CUST02665,Qasim Dubey,kala67@example.net,+918939350462,Pune,33,2024-01-28
CUST02666,Ronith Sharaf,isaiah53@example.com,3387895919,Chennai,63,2023-02-23
CUST02667,Bachittar Loyal,vasatika59@example.com,+918257232300,Hyderabad,35,2023-10-13
CUST02668,Ekaraj Sarin,yahvi46@example.net,04752914835,Pune,26,2024-06-06
CUST02669,Janani Barman,qdeshpande@example.org,00252541105,Pune,48,2023-08-10
CUST02670,Pranav Mitter,dharpahal@example.net,07680940596,Ahmedabad,46,2023-07-15
CUST02671,Yuvraj Iyer,kloke@example.com,03206543261,Pune,67,2023-07-11
CUST02672,Chanchal Bhargava,vanyabobal@example.com,+914310915683,Kolkata,49,2024-01-06
CUST02673,Janya Khosla,grewalnihal@example.com,+916497478706,Jaipur,24,2023-09-21
CUST02674,Bina Manda,yashawinisachdev@example.net,+910707810101,Bangalore,59,2023-04-22
CUST02675,Aditya Prabhu,imishra@example.org,+918749004491,Surat,23,2024-04-03
CUST02676,Reva Gara,ekbalmemon@example.net,+910499306404,Kolkata,70,2023-03-28
CUST02677,Daniel Shanker,maharajsamuel@example.org,+915503158878,Bangalore,52,2023-07-22
CUST02678,Ojasvi Aurora,zsaxena@example.com,1414835156,Chennai,34,2023-02-23
CUST02679,Jai Lata,tanvisom@example.org,2153861151,Delhi,64,2023-04-13
CUST02680,Owen Sinha,kundasarthak@example.com,3410616504,Delhi,19,2024-06-06
CUST02681,Rachit Nadkarni,tanveer10@example.com,+917122072508,Jaipur,58,2024-01-04
CUST02682,Ekani Goel,anmol88@example.com,0969253360,Mumbai,70,2023-04-03
CUST02683,Wazir Borde,luthradaniel@example.org,9812971922,Surat,55,2023-10-30
CUST02684,Damini Bose,aarini92@example.com,03450266427,Hyderabad,67,2023-06-15
CUST02685,Meera Sarkar,dev10@example.com,+912927243067,Surat,31,2023-10-07
CUST02686,Lekha Shah,etripathi@example.org,00824089351,Mumbai,53,2024-02-08
CUST02687,Rayaan Chatterjee,suhani92@example.org,2366162017,Kolkata,52,2024-04-03
CUST02688,Eshana Dada,lakshmirattan@example.org,8696110840,Jaipur,48,2024-01-17
CUST02689,Pranit Sood,nsule@example.com,+918633399506,Bangalore,41,2023-08-28
CUST02690,Wakeeta Sangha,oakirya@example.org,0050908306,Hyderabad,32,2023-12-24
CUST02691,Jalsa Bava,panchalkamala@example.com,04199412436,Surat,64,2023-03-18
CUST02692,Kamya Arya,brijeshsarraf@example.com,+919181498367,Kolkata,26,2023-11-02
CUST02693,Warjas Desai,senguptasaanvi@example.com,1176755004,Ahmedabad,50,2023-05-18
CUST02694,Harinakshi Issac,natarajansanaya@example.com,2295083860,Jaipur,23,2024-05-14
CUST02695,Tanay Samra,jmanne@example.com,05675351534,Hyderabad,41,2024-01-11
CUST02696,Bhavani Jaggi,watikaagarwal@example.net,+912078003781,Jaipur,18,2024-04-18
CUST02697,Aarush Krish,abdulthakkar@example.org,+914160990975,Chennai,69,2023-10-16
CUST02698,Ishaan Rattan,kchad@example.org,06444904394,Surat,61,2024-02-22
CUST02699,Falan Saraf,jeremiahganguly@example.com,7261054026,Bangalore,66,2023-02-22
CUST02700,Chasmum Sachar,garima92@example.org,8956886499,Jaipur,26,2024-05-09
CUST02701,Shivani Maharaj,ranveer91@example.net,+912384876144,Ahmedabad,28,2023-06-21
CUST02702,Ridhi Kata,nbansal@example.org,5753794763,Bangalore,54,2023-04-06
CUST02703,Aadhya Gole,aryanathan@example.com,2785234615,Surat,60,2023-03-19
CUST02704,Isaac Sandhu,vrau@example.org,9601066589,Bangalore,65,2023-09-25
CUST02705,Dayita Dayal,oviya58@example.org,3854044503,Ahmedabad,40,2024-05-01
CUST02706,Rishi Vyas,zehaanpurohit@example.com,0814498602,Mumbai,32,2023-12-14
CUST02707,Ganga Kar,udantbose@example.com,3070791904,Ahmedabad,32,2024-02-02
CUST02708,Zaitra Sandal,borrajagrati@example.org,3345129829,Delhi,34,2024-06-25
CUST02709,Idika Mahajan,trivedisathvik@example.org,08814742507,Pune,32,2024-03-22
CUST02710,Tristan Vora,chakradeviyengar@example.net,00078677550,Mumbai,60,2023-03-02
CUST02711,Ranveer Nagar,trajagopal@example.org,3673361424,Chennai,51,2023-10-08
CUST02712,Ishani Chander,jkapur@example.net,06614824364,Pune,42,2023-11-14
CUST02713,Sachi Wable,shivanipathak@example.net,07306146017,Ahmedabad,47,2024-01-15
CUST02714,Krishna Mohan,bhasindarsh@example.net,2568359627,Mumbai,20,2023-11-01
CUST02715,Vanya Srinivas,qnarasimhan@example.org,+913471451374,Pune,24,2024-01-10
CUST02716,Joshua Wali,omyaparekh@example.net,05293675627,Jaipur,58,2023-08-18
CUST02717,Harita Kuruvilla,kaurdalaja@example.net,8939759553,Kolkata,65,2023-09-01
CUST02718,Omkaar Golla,lalaraksha@example.org,04476583901,Kolkata,55,2024-06-02
CUST02719,Lekha Gala,rbhatia@example.org,8528715834,Jaipur,54,2024-01-06
CUST02720,Umang Bakshi,unnatikhatri@example.net,04424029480,Bangalore,42,2023-07-14
CUST02721,Yutika Vohra,ibatra@example.net,06342724771,Hyderabad,41,2023-04-10
CUST02722,Tanmayi Hari,fyadav@example.com,01621736713,Surat,59,2024-02-21
CUST02723,Rudra Bhatnagar,anmol31@example.net,1666162469,Delhi,51,2024-02-12
CUST02724,Varsha Ramaswamy,faqidthakkar@example.org,+914792247686,Kolkata,42,2023-09-22
CUST02725,Harsh Ramanathan,ochanda@example.com,9579257852,Chennai,51,2023-05-20
CUST02726,Matthew Thakkar,balranbir@example.com,+913734542471,Hyderabad,40,2024-06-11
CUST02727,Divya Vasa,pratyushbhatti@example.net,+919517190706,Pune,49,2023-09-30
CUST02728,Rudra Dada,gunbirraman@example.com,03833642550,Ahmedabad,56,2024-04-18
CUST02729,Yash Kibe,gaurangbali@example.org,+915467591499,Mumbai,50,2024-01-15
CUST02730,Saumya Sinha,kaulgirish@example.net,00568258320,Bangalore,46,2023-03-18
CUST02731,Tarak Narayan,kamala63@example.com,09883686364,Bangalore,32,2024-06-21
CUST02732,Dayamai Tripathi,balasubramaniannetra@example.org,+916739206042,Delhi,50,2024-04-24
CUST02733,Manan Dey,chakrabortyparth@example.com,04350697820,Kolkata,31,2023-11-29
CUST02734,Yadavi Srinivasan,jagatchandra@example.org,+913829983990,Bangalore,29,2023-04-06
CUST02735,Jhalak Palla,vrishti61@example.com,0680304005,Bangalore,41,2024-01-22
CUST02736,Osha Verma,buchsai@example.org,03360574321,Surat,63,2024-02-17
CUST02737,Jagdish Padmanabhan,gaurangi99@example.org,1791969091,Delhi,60,2023-06-11
CUST02738,Dominic Suri,snadig@example.net,+910594836090,Chennai,44,2024-05-05
CUST02739,Osha Venkatesh,chhabrafitan@example.com,3609643945,Pune,64,2023-12-27
CUST02740,Amara Tailor,jonathanbhargava@example.org,6015353053,Delhi,48,2023-05-14
CUST02741,Rachana Gera,anay49@example.com,+914648555169,Ahmedabad,48,2024-02-16
CUST02742,Barkha Balay,shravya41@example.org,9353910389,Chennai,55,2023-03-22
CUST02743,Mugdha Tank,nbala@example.net,02185868043,Bangalore,59,2023-12-14
CUST02744,Akshay Bali,etazacharia@example.net,07839803703,Hyderabad,19,2023-09-28
CUST02745,Fitan Dube,pillaynimrat@example.net,4853074878,Chennai,20,2023-03-24
CUST02746,Aahana Bains,jacob40@example.com,+911813617000,Bangalore,54,2024-06-14
CUST02747,Daksha Chopra,rehaankrishna@example.net,+910945255396,Surat,28,2023-04-27
CUST02748,Raagini Brar,amruta12@example.net,9870109321,Bangalore,58,2023-07-30
CUST02749,Hritik Taneja,hchoudhary@example.org,08324096526,Jaipur,20,2024-03-28
CUST02750,Jatin Rama,hmisra@example.org,0011233016,Surat,27,2023-09-29
CUST02751,Geetika Pillay,pshetty@example.org,+918368414344,Mumbai,28,2023-08-29
CUST02752,Parth Tiwari,suraishani@example.net,0538905950,Kolkata,29,2023-12-19
CUST02753,Neel Vohra,sarinvihaan@example.com,+915772108727,Jaipur,43,2023-07-07
CUST02754,Chandresh Pradhan,pallatriveni@example.net,1555184955,Surat,54,2023-05-08
CUST02755,Aahana Koshy,logan21@example.com,+912842487298,Mumbai,64,2023-03-15
CUST02756,Arin Dubey,shankerorinder@example.com,01342045781,Kolkata,23,2024-06-23
CUST02757,Hredhaan Mannan,ladli25@example.org,+913024130011,Chennai,46,2023-05-30
CUST02758,Panini Mittal,qasim14@example.org,07805592277,Surat,48,2023-02-24
CUST02759,Prisha Bera,unnati69@example.net,09987256964,Ahmedabad,28,2023-03-24
CUST02760,Ijaya Aurora,ysaraf@example.com,9672763396,Chennai,44,2023-10-25
CUST02761,Saanvi Chowdhury,mandalxalak@example.com,+915220112704,Surat,27,2023-04-25
CUST02762,Udant Keer,shivanshchada@example.com,+913161669744,Surat,70,2024-05-16
CUST02763,Vidhi Baral,hcontractor@example.net,9511157872,Bangalore,57,2023-06-13
CUST02764,Ronith Talwar,nagyjyoti@example.net,00264236245,Jaipur,34,2024-03-19
CUST02765,Krisha Jhaveri,zbiswas@example.com,08750805711,Bangalore,64,2024-05-05
CUST02766,Aarna Mohanty,chandran02@example.net,04894244379,Pune,47,2024-04-03
CUST02767,Madhavi Sangha,mangatdayamai@example.net,07118816182,Surat,55,2024-02-20
CUST02768,Thomas Merchant,ssheth@example.net,07845273318,Delhi,32,2024-04-05
CUST02769,Eesha Sagar,snarain@example.org,+915455797079,Hyderabad,42,2024-03-13
CUST02770,Vamakshi Sathe,morekashvi@example.com,+910017314127,Bangalore,24,2023-05-10
CUST02771,Parth Chopra,ishanviraja@example.com,2405552517,Mumbai,30,2023-10-06
CUST02772,Raagini Nagi,netramorar@example.org,4374282202,Jaipur,50,2023-04-17
CUST02773,Elijah Aggarwal,kmaster@example.com,+917265201487,Hyderabad,70,2023-09-11
CUST02774,Siya Kata,xgarde@example.org,+919321956932,Bangalore,56,2023-03-14
CUST02775,Pahal Palan,ranganathanlipika@example.net,+915884452364,Delhi,29,2023-12-01
CUST02776,Ekbal Chauhan,bandionkar@example.org,9676040623,Ahmedabad,57,2024-06-02
CUST02777,Janani Dar,hmurty@example.net,07929605865,Surat,20,2023-06-10
CUST02778,Siddharth Madan,praneelbali@example.com,+914310772228,Jaipur,50,2023-10-05
CUST02779,Yashawini Hans,ssur@example.org,6017678738,Delhi,23,2024-03-02
CUST02780,Jacob Chawla,jhaveribachittar@example.net,02923835223,Ahmedabad,60,2023-10-05
CUST02781,Chaitanya Madan,ayushman63@example.net,+914489684604,Bangalore,56,2024-04-12
CUST02782,Omya Cheema,uperi@example.net,02793399702,Jaipur,70,2023-04-14
CUST02783,Lakshmi Brahmbhatt,tbanerjee@example.com,6102965441,Mumbai,67,2023-12-05
CUST02784,Alka Issac,cshroff@example.org,6705035623,Hyderabad,51,2024-06-04
CUST02785,Anusha Ranganathan,eshana60@example.com,5119906563,Hyderabad,41,2023-05-12
CUST02786,Netra Sundaram,daliafaraj@example.com,5125927291,Mumbai,62,2023-09-04
CUST02787,Liam Dhingra,luckypall@example.org,4187576176,Jaipur,45,2023-08-20
CUST02788,Neel Dutta,januja88@example.org,06079833408,Chennai,69,2023-05-25
CUST02789,Urmi Vaidya,manyachowdhury@example.com,9266866808,Ahmedabad,68,2024-06-02
CUST02790,Kala Sahni,william00@example.org,+912750936047,Hyderabad,40,2024-04-27
CUST02791,Balendra Keer,snehachahal@example.com,+911374727939,Surat,69,2023-05-12
CUST02792,Nikita Thakur,falak42@example.com,02933698324,Surat,24,2023-02-27
CUST02793,Owen Varma,paiyadavi@example.org,6180980988,Hyderabad,26,2024-02-12
CUST02794,Anirudh Johal,meeragoel@example.com,+914452275942,Kolkata,48,2023-08-28
CUST02795,Krish Sule,qasimdivan@example.org,05325016993,Chennai,23,2024-03-09
CUST02796,Saanvi Kulkarni,gopal16@example.com,1608624951,Kolkata,56,2023-06-06
CUST02797,Pooja Agrawal,ucchal52@example.net,6647118132,Jaipur,44,2024-01-10
CUST02798,Mohammed Hans,chahaladya@example.com,05063698516,Kolkata,30,2023-10-01
CUST02799,Jalsa Pant,raghavannitara@example.net,06022364499,Mumbai,63,2024-03-17
CUST02800,Hemang Mann,shravyaagrawal@example.net,03424916263,Mumbai,54,2023-04-14
CUST02801,Upasna Magar,manbir22@example.org,+914219738190,Jaipur,25,2024-05-19
CUST02802,Sachi Jani,settyeta@example.org,+912958385083,Jaipur,18,2023-06-11
CUST02803,Harrison Bajwa,dipta35@example.org,+915634317191,Hyderabad,59,2024-05-07
CUST02804,Victor Hayre,advika71@example.net,04338254176,Chennai,62,2023-11-13
CUST02805,Manan Bali,izacharia@example.net,9458028457,Pune,44,2023-04-13
CUST02806,Harish Varkey,sanepatrick@example.com,09931453651,Pune,24,2023-05-24
CUST02807,Indrajit Kapoor,sshukla@example.com,01616054337,Bangalore,45,2024-01-22
CUST02808,Warjas Raja,ibrar@example.com,4706953121,Surat,34,2023-09-29
CUST02809,Aadi Rama,mdey@example.com,02041862931,Kolkata,52,2023-12-19
CUST02810,Krishna Sawhney,vmurthy@example.net,6474019255,Hyderabad,54,2023-06-17
CUST02811,Sneha Natt,aarav46@example.org,01438403972,Pune,57,2024-04-13
CUST02812,Gayathri Manda,ria69@example.net,+919414250956,Kolkata,61,2023-05-22
CUST02813,Tejas Upadhyay,ekanta28@example.net,+913132996783,Hyderabad,66,2024-05-07
CUST02814,Samaksh Parmer,hritik97@example.com,03858692254,Chennai,44,2023-06-06
CUST02815,Rohan Sama,ggoda@example.com,+911716535955,Jaipur,68,2024-06-18
CUST02816,Kala Batta,nverma@example.com,2948630997,Jaipur,48,2024-02-02
CUST02817,Eshana Malhotra,sekhonsamarth@example.net,4314914215,Bangalore,41,2023-06-19
CUST02818,Neelima Shere,tdin@example.org,5740405277,Jaipur,53,2024-06-25
CUST02819,Sai Pillay,triya66@example.org,+917799751090,Ahmedabad,34,2023-08-30
CUST02820,Guneet Mandal,suraomkaar@example.org,06150411708,Kolkata,54,2023-04-30
CUST02821,Liam Ben,eeshachakrabarti@example.net,+919002950114,Pune,67,2023-09-22
CUST02822,Patrick Bhakta,kamala52@example.org,08390497574,Hyderabad,65,2023-07-20
CUST02823,Bhanumati Deshpande,mkata@example.org,+918846519034,Bangalore,60,2023-11-22
CUST02824,Lakshit Menon,joshibenjamin@example.org,00644903593,Delhi,65,2024-04-27
CUST02825,Jagat Sundaram,nhayer@example.com,3071821821,Chennai,46,2024-03-21
CUST02826,Radha Guha,thomasbhavsar@example.net,07811080238,Bangalore,24,2023-11-20
CUST02827,Varsha Ahuja,ishanisengupta@example.net,03564411935,Chennai,50,2023-07-09
CUST02828,Qasim Virk,lkothari@example.net,6240238492,Hyderabad,68,2023-03-13
CUST02829,Vaishnavi Pai,lalekani@example.org,0903957286,Pune,69,2023-12-19
CUST02830,Warinder Chakraborty,rajagopalvasana@example.org,+913827653480,Jaipur,57,2024-04-20
CUST02831,Lopa Raman,warinderpathak@example.net,05201015444,Mumbai,28,2023-11-16
CUST02832,Vyanjana Dhaliwal,sekhonanika@example.org,01870322177,Hyderabad,58,2023-07-28
CUST02833,Krish Padmanabhan,wridesh91@example.org,+912041037281,Mumbai,69,2023-03-12
CUST02834,Sudiksha Gera,sara55@example.org,+916370079633,Delhi,70,2024-02-01
CUST02835,Nathan Palla,siballila@example.com,08992127462,Bangalore,48,2023-04-03
CUST02836,Tanish Mitter,idika82@example.net,5656219295,Surat,45,2024-04-13
CUST02837,Daksha Mishra,misrawishi@example.com,+917637825648,Delhi,22,2023-08-10
CUST02838,Devika Tank,lsahni@example.com,5770518650,Kolkata,32,2023-08-31
CUST02839,Ati Nazareth,chaudharykavya@example.net,0592568704,Pune,23,2024-04-26
CUST02840,Adweta Purohit,cparikh@example.net,0466063828,Surat,20,2023-08-18
CUST02841,Harsh Sahni,ucchalnarayanan@example.org,2092252123,Hyderabad,43,2023-11-22
CUST02842,Baghyawati Lanka,fdesai@example.com,+915148749715,Surat,59,2024-01-16
CUST02843,Falguni Majumdar,wridesh85@example.org,3584999916,Jaipur,36,2023-12-06
CUST02844,Ijaya Nori,kiaansolanki@example.net,5120901817,Surat,21,2024-01-14
CUST02845,Zaid Bhatnagar,buchbhavna@example.net,03360989105,Bangalore,58,2024-01-15
CUST02846,Ekanta Ramachandran,sethiamruta@example.org,+915975834459,Ahmedabad,46,2024-02-17
CUST02847,Gaurav Babu,nicholas08@example.com,+918286549078,Mumbai,30,2023-09-23
CUST02848,Falguni Banerjee,deepa15@example.org,0937577079,Jaipur,36,2024-06-27
CUST02849,Neelima Chanda,hmajumdar@example.org,01284836955,Chennai,20,2023-12-05
CUST02850,Nathaniel Sundaram,sbhatia@example.com,9226915694,Surat,50,2023-12-10
CUST02851,Ansh Viswanathan,widishasamra@example.org,+910235120945,Jaipur,62,2024-06-26
CUST02852,Imaran Natt,tjha@example.com,4385633759,Chennai,57,2024-04-23
CUST02853,Frederick Kibe,fwadhwa@example.org,+918811133795,Bangalore,61,2024-04-29
CUST02854,Sathvik Jaggi,latawahab@example.org,01707127879,Mumbai,41,2023-09-10
CUST02855,Yashvi Sundaram,valaekapad@example.org,2208220448,Chennai,59,2023-07-10
CUST02856,Eesha Choudhury,xvarma@example.net,+916495710425,Mumbai,28,2024-06-25
CUST02857,Alexander Grewal,nitesh24@example.org,00183137743,Delhi,35,2023-06-22
CUST02858,Daniel Om,vgarde@example.net,1733358136,Hyderabad,40,2023-10-22
CUST02859,Champak Bumb,nachiket97@example.net,08546211670,Hyderabad,43,2023-12-28
CUST02860,Nitesh Bassi,hiteshdeo@example.com,+917664536292,Surat,30,2023-04-12
CUST02861,Gaurangi Bassi,cheemawriddhish@example.com,09689509291,Jaipur,18,2024-04-11
CUST02862,Yashoda Kunda,anita94@example.net,7254720474,Delhi,23,2024-03-14
CUST02863,Jeremiah Chokshi,apatel@example.org,4904651444,Jaipur,36,2023-07-16
CUST02864,Vedhika More,mastereesha@example.org,02888646508,Jaipur,55,2023-12-17
CUST02865,Zashil Khanna,sonichaaya@example.org,+913913699754,Pune,40,2023-11-05
CUST02866,Vinaya Sundaram,vdeo@example.com,1542241250,Kolkata,32,2024-02-08
CUST02867,Anvi Chaudhari,bhavnasoman@example.org,+913720741975,Surat,30,2023-06-01
CUST02868,Chandran Ben,kkeer@example.org,9887733521,Ahmedabad,43,2024-06-26
CUST02869,Ranbir Sharma,ishani82@example.com,+912189451088,Surat,18,2023-08-06
CUST02870,Jason Chaudhry,pratyush81@example.com,8342064339,Kolkata,29,2024-02-22
CUST02871,Harinakshi Guha,rohan34@example.net,7197204093,Hyderabad,50,2023-05-17
CUST02872,Aradhana Hayre,bakshifaris@example.net,7316332430,Delhi,53,2024-01-09
CUST02873,Onkar Mohan,varsha83@example.net,0712125798,Delhi,50,2024-06-01
CUST02874,Faras Bedi,chavvichoudhury@example.net,2724495207,Kolkata,39,2023-08-25
CUST02875,Ishani Dhar,frederickchana@example.net,07895166501,Delhi,69,2024-04-30
CUST02876,Charles Pradhan,chaman02@example.com,06012316257,Jaipur,34,2023-08-17
CUST02877,Bahadurjit Bahl,libniroy@example.net,07439738471,Jaipur,70,2024-02-22
CUST02878,Jasmit Thakkar,ramautkarsh@example.org,+911291823637,Surat,34,2024-06-15
CUST02879,Isaiah Chander,azadjha@example.net,+910262370506,Ahmedabad,42,2024-03-12
CUST02880,Owen Palla,michaeldutta@example.com,06547631691,Surat,48,2023-07-12
CUST02881,Chatresh Jhaveri,onigam@example.com,4237246676,Chennai,66,2024-02-22
CUST02882,Oliver Rout,eramakrishnan@example.com,07904552242,Pune,67,2024-01-27
CUST02883,Prisha Lad,jeevikamani@example.net,08064371960,Ahmedabad,61,2024-01-28
CUST02884,Bina Vaidya,ekapadia@example.org,00156539952,Ahmedabad,55,2024-05-24
CUST02885,Eesha Mammen,aadhyaagrawal@example.org,00437908680,Mumbai,48,2023-11-07
CUST02886,Hamsini Vyas,indira83@example.com,05487597997,Delhi,34,2023-06-23
CUST02887,Brinda Edwin,mittertanay@example.com,2756849785,Delhi,42,2023-03-16
CUST02888,Raagini Srivastava,eeshakaul@example.org,1580867894,Chennai,61,2023-08-19
CUST02889,Tristan Dutt,nitara71@example.net,9992752371,Chennai,69,2023-02-23
CUST02890,Manan Pillai,uhalder@example.org,7570532093,Pune,44,2023-08-21
CUST02891,Anmol Bhattacharyya,devika64@example.org,7294103675,Pune,51,2023-11-06
CUST02892,Lila Kapadia,amairabaral@example.org,+917130370971,Jaipur,18,2023-11-06
CUST02893,Tara Bhandari,zsoni@example.net,+917316927592,Kolkata,33,2023-10-17
CUST02894,Champak Chad,babumugdha@example.net,7740097018,Kolkata,23,2023-06-01
CUST02895,Mitali Raj,anandkrishna@example.org,+918537007001,Hyderabad,61,2023-02-16
CUST02896,Logan Deo,garameghana@example.net,+919051011816,Pune,22,2023-11-24
CUST02897,Isaac Ahluwalia,bsheth@example.net,7101494116,Jaipur,29,2023-06-08
CUST02898,Mason Doshi,isaac96@example.com,+919586167211,Ahmedabad,38,2024-05-09
CUST02899,Anmol Dugal,zehaan49@example.com,05024218254,Pune,31,2023-12-30
CUST02900,Garima Shukla,falguni02@example.com,+914263352317,Surat,35,2023-12-26
CUST02901,Yahvi Savant,rdash@example.org,+910206139203,Bangalore,65,2023-04-07
CUST02902,Shivani Sandal,tmammen@example.net,+912878073900,Chennai,49,2024-05-21
CUST02903,Rachana Karpe,rajuomisha@example.com,06296029649,Chennai,33,2023-12-10
CUST02904,Aarini Tailor,sachdevachameli@example.net,04584465771,Chennai,34,2023-06-16
CUST02905,Indrajit Padmanabhan,aachalganesh@example.com,9328732276,Chennai,32,2023-09-15
CUST02906,Aarini Warrior,kabir74@example.net,06454030021,Chennai,33,2024-04-15
CUST02907,Leena Sagar,chaaya53@example.net,2323453356,Surat,40,2023-09-10
CUST02908,Kevin Viswanathan,xpatla@example.com,5492039801,Bangalore,67,2023-05-25
CUST02909,Mekhala Bora,pautanmayi@example.com,+911411158162,Delhi,25,2023-05-30
CUST02910,Yagnesh Mahajan,ethanchowdhury@example.com,7650916397,Delhi,61,2024-04-30
CUST02911,Arin Pillay,hdevan@example.com,+910981009443,Ahmedabad,57,2023-02-20
CUST02912,Tripti Sura,lakshitatwal@example.net,05694276380,Mumbai,66,2024-04-07
CUST02913,Lavanya Hora,meerasaxena@example.com,3114310753,Jaipur,20,2024-04-20
CUST02914,Farhan Majumdar,lataquincy@example.com,4293064614,Ahmedabad,41,2024-05-31
CUST02915,Yashawini Bhatnagar,ttank@example.net,2895405847,Surat,38,2023-06-23
CUST02916,Vrinda Nayar,yashodasule@example.org,4597989822,Ahmedabad,54,2024-05-23
CUST02917,Harini Pai,avi42@example.org,+910149961177,Kolkata,49,2023-11-04
CUST02918,Kamya Joshi,palria@example.net,8662692339,Bangalore,66,2023-08-02
CUST02919,Abhiram Bali,hiralpanchal@example.org,5256377312,Jaipur,35,2024-03-30
CUST02920,Deepa Pathak,hbalay@example.org,+911175173358,Hyderabad,32,2023-05-22
CUST02921,Chaitaly Goda,nayargabriel@example.com,09443878717,Surat,26,2024-05-26
CUST02922,Ekiya Kale,yochana91@example.org,04825627396,Mumbai,51,2024-03-14
CUST02923,Saksham Dash,xbutala@example.org,+919928687842,Hyderabad,48,2024-01-14
CUST02924,Vasana Narayanan,murtytristan@example.com,7209750669,Jaipur,20,2023-12-08
CUST02925,Dipta Randhawa,anvi41@example.com,09331115685,Jaipur,40,2023-07-20
CUST02926,Onkar Ram,hardikvasa@example.org,00363235185,Hyderabad,61,2024-04-24
CUST02927,Gaurav Sane,mohini13@example.net,+917398714845,Bangalore,47,2024-06-06
CUST02928,Rushil Balan,shettybrinda@example.com,7774146518,Delhi,62,2023-05-29
CUST02929,Yash Iyer,jeevikakapadia@example.org,6305757866,Jaipur,47,2024-04-28
CUST02930,Dalbir Grover,arin76@example.com,00695085261,Pune,62,2024-06-04
CUST02931,Yochana Rout,hiral32@example.com,07414124043,Mumbai,18,2023-11-26
CUST02932,Yutika Kade,lipika00@example.org,+918208716388,Chennai,42,2023-04-15
CUST02933,Maanav Sood,chandranyashawini@example.net,3819879216,Surat,24,2023-07-30
CUST02934,Ethan Shroff,tanmayi60@example.org,0867522624,Pune,41,2023-12-10
CUST02935,Gauri Dave,omuppal@example.org,06517731319,Surat,34,2024-03-05
CUST02936,Bimala Korpal,khatrieshana@example.org,7625593765,Bangalore,53,2023-03-16
CUST02937,Ekani Sarkar,hnazareth@example.com,+919172715483,Kolkata,33,2023-09-08
CUST02938,Robert Mani,kaurgauri@example.org,+913460749687,Kolkata,48,2023-07-26
CUST02939,Chakrika Sangha,daksha48@example.org,+918739821255,Surat,39,2023-10-27
CUST02940,Urishilla Mammen,panchaldalbir@example.org,+915134650865,Pune,29,2024-01-27
CUST02941,Theodore Swaminathan,chaaya77@example.org,+914125383410,Ahmedabad,45,2023-09-14
CUST02942,Krishna Sehgal,xraja@example.com,+910670393367,Chennai,44,2024-04-18
CUST02943,Suhani Kunda,girish08@example.com,+919711820034,Pune,41,2023-03-02
CUST02944,Gautami Vaidya,vanshacomar@example.com,+912031066646,Hyderabad,35,2024-02-01
CUST02945,Yachana Loke,ytrivedi@example.net,09788845879,Ahmedabad,29,2024-02-16
CUST02946,Udyati Sood,chaudharybrinda@example.net,+917946190692,Surat,26,2024-03-21
CUST02947,Gopal Bail,kiaantak@example.net,6686899842,Surat,61,2023-02-21
CUST02948,Rachit Rajan,darpan30@example.com,+914114207651,Chennai,70,2024-06-29
CUST02949,Tarak Nazareth,barkhaprakash@example.com,00396108492,Delhi,64,2024-02-27
CUST02950,Chatura Mitra,samesh86@example.net,06129767621,Kolkata,69,2024-06-04
CUST02951,Gautami Mital,netra14@example.net,+911538348995,Chennai,53,2023-06-16
CUST02952,Pranav Bedi,venkateshgarima@example.net,+914002417036,Hyderabad,42,2024-02-08
CUST02953,Yagnesh Swaminathan,teerthbrahmbhatt@example.org,02414718976,Chennai,27,2023-05-05
CUST02954,Varsha Singh,lohit92@example.org,+911727482151,Bangalore,48,2024-05-12
CUST02955,Anmol Swaminathan,fkeer@example.org,+914049619651,Mumbai,29,2023-12-16
CUST02956,Onveer Srivastava,majumdarindali@example.com,+916586862378,Hyderabad,49,2023-08-19
CUST02957,Turvi Char,ldas@example.org,9939176707,Bangalore,58,2023-12-30
CUST02958,Joshua Garg,xsamra@example.org,4452784300,Jaipur,52,2023-06-03
CUST02959,Xiti Baral,bmangat@example.com,4918684987,Pune,68,2024-01-29
CUST02960,Pranav Amble,lohitganesan@example.com,6870375578,Ahmedabad,37,2023-08-17
CUST02961,Falak Sule,nnair@example.org,2464308132,Kolkata,53,2023-04-29
CUST02962,Triveni Prabhakar,kuruvillafaqid@example.org,+916643509455,Surat,21,2024-06-13
CUST02963,Vincent Chaudhari,matthew66@example.org,+914776038280,Hyderabad,24,2023-10-13
CUST02964,Darsh Bawa,aadhyamutti@example.net,8641793996,Bangalore,21,2023-12-18
CUST02965,Udarsh Jain,yashasvihayre@example.net,+918768838689,Chennai,70,2024-03-16
CUST02966,Hemani Varghese,semshivansh@example.net,6816522350,Kolkata,48,2023-10-18
CUST02967,Varsha Swaminathan,jagvideol@example.org,9806849603,Delhi,46,2024-05-25
CUST02968,Patrick Panchal,ranaubika@example.org,2662810767,Pune,34,2023-09-30
CUST02969,Odika Savant,vasatikaborra@example.net,+919059746899,Pune,41,2023-06-07
CUST02970,Janaki Kale,cmand@example.net,02426103324,Jaipur,53,2024-06-21
CUST02971,Wishi Guha,gpalla@example.net,4919866132,Kolkata,40,2023-12-01
CUST02972,Mugdha Khanna,urmi24@example.com,03985726850,Mumbai,44,2023-02-18
CUST02973,Chandani Karan,abhiram09@example.net,8669245051,Delhi,40,2024-04-26
CUST02974,Dayita Thakur,wkapoor@example.net,7543453649,Surat,30,2023-11-24
CUST02975,Darsh Sura,dsaxena@example.org,+912264615330,Surat,54,2023-02-18
CUST02976,Advay Deshpande,vpatla@example.org,06976938051,Jaipur,29,2023-06-19
CUST02977,Krishna Anne,saranzaitra@example.org,+910750006991,Kolkata,40,2024-06-05
CUST02978,Hiral Kanda,maanaskuruvilla@example.com,05652322148,Pune,61,2024-06-22
CUST02979,Ati Chacko,kashvichada@example.com,09933038156,Jaipur,49,2023-12-03
CUST02980,Vasatika Arya,radhika95@example.net,+910636112874,Ahmedabad,23,2023-03-05
CUST02981,Devansh Setty,aryanprashad@example.net,3821452878,Hyderabad,57,2023-12-03
CUST02982,Krishna Tiwari,abhimanyugrover@example.net,00521850560,Kolkata,47,2023-11-21
CUST02983,Hredhaan Char,nilimabera@example.com,8589654981,Bangalore,28,2023-11-15
CUST02984,Anita Aurora,priyapandit@example.com,01927054874,Pune,44,2023-11-06
CUST02985,Gayathri Rastogi,odua@example.org,0560944615,Surat,54,2023-02-18
CUST02986,Lakshit Kant,charles66@example.net,06605059085,Hyderabad,22,2024-01-02
CUST02987,Priya Narayan,kyogi@example.org,09391947437,Delhi,28,2023-04-30
CUST02988,Rayaan Nanda,fitanram@example.org,1027647142,Pune,32,2023-06-19
CUST02989,Om Buch,bordechandran@example.org,06237738133,Pune,38,2023-02-16
CUST02990,Guneet Lall,nicholas37@example.net,+913463328742,Kolkata,63,2024-03-22
CUST02991,Ekaja Raval,wsachdev@example.net,+915800058953,Kolkata,56,2023-11-13
CUST02992,Upasna Pradhan,chandadipta@example.com,+918578180779,Hyderabad,35,2024-06-13
CUST02993,Hredhaan Manda,palanishaan@example.com,06619954171,Ahmedabad,67,2023-03-02
CUST02994,Januja Sachdeva,meghanaraman@example.com,8545536377,Pune,65,2023-09-15
CUST02995,Indira Bath,veermajumdar@example.com,+913816226648,Surat,51,2024-04-13
CUST02996,Manya Chatterjee,lekha28@example.net,+916358053315,Ahmedabad,44,2023-03-26
CUST02997,Faras Hegde,raagini11@example.com,+912784734479,Bangalore,29,2024-03-15
CUST02998,Onkar Gill,imaransubramanian@example.com,+919682258858,Mumbai,26,2024-06-24
CUST02999,Ronith Dara,diptatandon@example.com,+918747407397,Chennai,60,2023-04-30
CUST03000,Hemang Sur,nikita57@example.com,9061834425,Kolkata,65,2023-04-16
CUST03001,Diya Lad,dhriti19@example.net,+914152863484,Delhi,31,2023-02-16
CUST03002,Gagan Seth,raizayan@example.net,+914453375201,Bangalore,43,2024-03-30
CUST03003,Girish Majumdar,ychopra@example.net,01573376840,Delhi,24,2024-02-12
CUST03004,Saksham Loke,swamyyashawini@example.org,+919071957145,Delhi,48,2023-04-05
CUST03005,Hardik Mammen,eta83@example.net,03680729661,Jaipur,21,2024-04-12
CUST03006,Aarini Khurana,rajadeepa@example.net,+917230990704,Mumbai,67,2024-02-11
CUST03007,Anya Krishna,aarush30@example.net,+916045199081,Hyderabad,51,2024-04-09
CUST03008,Vihaan Kakar,balakrishnanpeter@example.com,6327223736,Delhi,24,2023-12-18
CUST03009,Daniel Lala,madhavraju@example.org,09047353522,Kolkata,57,2023-09-11
CUST03010,Abha Jha,padmanabhanshaurya@example.net,03451359964,Bangalore,23,2023-04-26
CUST03011,Ladli Bhatia,shankernaksh@example.com,00514316411,Hyderabad,37,2023-12-15
CUST03012,Ryan Saraf,oni40@example.net,+915426006289,Chennai,33,2024-01-10
CUST03013,Ranbir Verma,samar57@example.net,3895945892,Kolkata,46,2023-05-02
CUST03014,Vasudha Mallick,lnagy@example.net,09775655128,Bangalore,26,2024-04-13
CUST03015,Rajata Jaggi,priyaswaminathan@example.com,05703101221,Jaipur,28,2023-06-16
CUST03016,Ishani Kade,pranav14@example.com,8354574988,Mumbai,20,2024-02-06
CUST03017,Pavani Venkatesh,joshuapathak@example.org,04309353521,Pune,38,2023-08-09
CUST03018,Rohan Mangat,bsalvi@example.com,9924715756,Ahmedabad,47,2024-05-06
CUST03019,Chakradhar Bose,kalaanmol@example.org,+911239551216,Jaipur,35,2023-12-09
CUST03020,Laban Halder,ishalad@example.org,02263262144,Jaipur,46,2023-07-23
CUST03021,Hitesh Nayar,lokeekanta@example.org,6787788011,Bangalore,62,2023-12-31
CUST03022,Sathvik Gokhale,tyadav@example.org,+912635546903,Jaipur,29,2023-05-20
CUST03023,Raghav Chadha,omsai@example.org,7323815455,Surat,56,2023-04-23
CUST03024,Rajeshri Edwin,lahuja@example.org,06409309998,Ahmedabad,58,2023-09-19
CUST03025,Kashvi Arora,fsarkar@example.net,09999381919,Surat,45,2023-07-09
CUST03026,Anjali Ramachandran,ghosewahab@example.net,+919002415517,Jaipur,58,2024-04-14
CUST03027,Zinal Randhawa,snehakade@example.com,+913270289966,Jaipur,37,2024-06-11
CUST03028,Jyoti Zacharia,simon11@example.com,+911065149473,Pune,48,2024-03-14
CUST03029,Januja Mannan,farhanbadami@example.com,07710302759,Jaipur,32,2023-09-09
CUST03030,Leela Seth,garimaverma@example.com,+914231494521,Delhi,46,2023-05-08
CUST03031,Chakradev Samra,abdulvala@example.org,0409991514,Kolkata,41,2024-02-22
CUST03032,Aarnav Parmar,pallaakshay@example.net,+913474296364,Hyderabad,34,2023-03-21
CUST03033,Onveer Sabharwal,sneha25@example.net,03924539604,Bangalore,37,2023-04-17
CUST03034,Fiyaz Setty,aradhana25@example.net,+919685276820,Mumbai,18,2023-11-25
CUST03035,Noah Dua,leena61@example.com,+918097020979,Jaipur,70,2024-02-03
CUST03036,Yatin Parmar,nadkarnifaras@example.org,05331702533,Bangalore,40,2023-10-21
CUST03037,Aarav Wali,tbehl@example.net,+917758725371,Kolkata,48,2023-10-18
CUST03038,Ishwar Naik,wriddhishkaran@example.org,+913256964741,Jaipur,18,2023-05-19
CUST03039,Ekaraj Chaudhry,gavin96@example.net,+919484226631,Ahmedabad,66,2023-08-17
CUST03040,Andrew Balan,deepadalal@example.org,+915653667136,Ahmedabad,37,2023-07-16
CUST03041,Falguni Chacko,ekta22@example.net,2325348529,Mumbai,67,2023-09-25
CUST03042,Aadhya Ray,raksha75@example.net,+913521970640,Hyderabad,69,2024-06-07
CUST03043,Gaurang Dhawan,farajnaik@example.com,+912447830750,Kolkata,56,2023-04-07
CUST03044,Lucky Tank,guptaamruta@example.net,+914105269636,Chennai,68,2024-05-27
CUST03045,Ucchal Dua,grovernidra@example.com,5436768796,Mumbai,53,2023-10-11
CUST03046,Madhavi Srinivas,libnivarkey@example.com,3013332798,Pune,30,2024-02-18
CUST03047,Girindra Sethi,gargomisha@example.net,01996149491,Hyderabad,53,2024-04-19
CUST03048,Jagdish Morar,bpant@example.org,00384952606,Hyderabad,43,2023-10-30
CUST03049,Nakul Thaker,tmunshi@example.com,+914109661592,Chennai,28,2023-12-22
CUST03050,Nakul Nazareth,mwable@example.org,8506903034,Hyderabad,42,2024-02-18
CUST03051,Ekavir Brar,chandrandevan@example.com,+910238595129,Chennai,34,2023-12-24
CUST03052,Ucchal Dua,ronithbath@example.org,+915823398951,Delhi,45,2023-04-07
CUST03053,Wridesh Tank,ikohli@example.net,09278767823,Chennai,51,2023-08-28
CUST03054,Qabil De,vreddy@example.org,04486574306,Surat,69,2023-05-02
CUST03055,Lavanya Wable,morechanchal@example.net,1987202981,Kolkata,36,2023-03-16
CUST03056,Aayush Vasa,wazir39@example.org,01981179633,Jaipur,69,2023-02-23
CUST03057,Aarav Sha,harinakshi04@example.com,+912719298028,Kolkata,44,2023-07-04
CUST03058,Isaac Rout,purohittanay@example.net,02408851632,Chennai,22,2023-06-13
CUST03059,Rohan Suri,nagarajanvasudha@example.net,4103762265,Bangalore,26,2023-12-12
CUST03060,Eta Dave,shivansh85@example.org,03578116446,Kolkata,25,2023-09-07
CUST03061,Varenya Cherian,onkarbhargava@example.org,+912915851185,Ahmedabad,57,2023-11-04
CUST03062,Chatresh Chandra,leena02@example.org,5359682890,Ahmedabad,35,2023-04-02
CUST03063,Chanakya Yogi,deyxavier@example.com,03167660271,Surat,49,2023-08-31
CUST03064,Ubika Wadhwa,upadhriti87@example.org,1938347705,Chennai,38,2024-06-17
CUST03065,Aadhya Som,aaravbalasubramanian@example.org,2131148241,Mumbai,27,2024-04-05
CUST03066,Vivaan Bail,chakrika46@example.net,08942596349,Mumbai,52,2024-05-26
CUST03067,Ansh Chand,hsaini@example.net,9334500419,Mumbai,29,2023-08-15
CUST03068,Rudra Bassi,atharvsavant@example.com,01706166846,Delhi,36,2023-07-19
CUST03069,Azaan Vig,hdate@example.com,1818696923,Kolkata,26,2024-03-11
CUST03070,Aahana Bhalla,kala72@example.com,07213963620,Ahmedabad,64,2024-02-03
CUST03071,Nikita Amble,chaitaly17@example.net,2319017066,Mumbai,32,2024-06-24
CUST03072,Xavier Sarma,harishpatil@example.net,3584047057,Delhi,27,2023-03-29
CUST03073,Omaja Nadkarni,ypal@example.net,01656667157,Mumbai,49,2024-03-07
CUST03074,Fiyaz Dani,balvantalwar@example.org,+918058935967,Chennai,39,2023-12-27
CUST03075,Nimrat Gopal,harinakshi25@example.com,01503359848,Hyderabad,37,2023-03-08
CUST03076,Dominic Thaman,vvarty@example.org,+914342299785,Ahmedabad,41,2023-06-02
CUST03077,Aarush Bhattacharyya,theodorekalla@example.org,0400376584,Ahmedabad,62,2024-04-07
CUST03078,Hitesh Modi,norirachita@example.com,0257870909,Mumbai,39,2023-07-26
CUST03079,Luke Shenoy,madanmahika@example.org,09199183864,Delhi,66,2023-11-06
CUST03080,Lajita Deol,fsachdeva@example.com,3677177529,Bangalore,21,2023-09-07
CUST03081,Pranit Rajagopalan,parmaranita@example.net,9788141245,Kolkata,67,2024-04-06
CUST03082,Urmi Banik,balvan87@example.com,00562448188,Hyderabad,22,2023-11-08
CUST03083,Riya Varty,aryan13@example.net,+919387074142,Jaipur,48,2023-02-24
CUST03084,Aradhana Yogi,siddharth82@example.net,1404624786,Bangalore,30,2024-01-24
CUST03085,Ishita Sarraf,tanveerroy@example.net,+917330890345,Kolkata,70,2024-03-09
CUST03086,Mekhala Tella,yuvraj21@example.net,+919549686177,Hyderabad,18,2024-03-22
CUST03087,Dakshesh Sodhi,borraxiti@example.com,07617099511,Delhi,67,2024-02-26
CUST03088,Indali Raval,eiravatisubramanian@example.net,02109028057,Chennai,42,2024-02-29
CUST03089,Kashvi Bajaj,bhaktaaahana@example.com,01566305727,Ahmedabad,33,2023-08-19
CUST03090,Rachit Bains,ishaanseshadri@example.com,9283905370,Mumbai,30,2023-04-13
CUST03091,Vanya Ramanathan,shanqasim@example.org,3248932377,Ahmedabad,65,2024-05-19
CUST03092,Vyanjana Soni,keya68@example.com,+912414842689,Delhi,51,2023-10-26
CUST03093,Vidhi Sastry,vamakshi46@example.com,5785645192,Chennai,48,2023-07-02
CUST03094,Wyatt Lanka,ryohannan@example.org,9851652287,Hyderabad,61,2024-06-17
CUST03095,Eta Chokshi,sibalvasana@example.net,03414487774,Kolkata,38,2023-09-24
CUST03096,Ronith Sehgal,badamireyansh@example.org,8727796068,Bangalore,58,2023-10-25
CUST03097,Raksha Mandal,adityanarayanan@example.net,0578462216,Mumbai,65,2023-05-29
CUST03098,Ganga Chanda,xnadkarni@example.org,03121413829,Jaipur,51,2023-10-23
CUST03099,Champak Wali,bupadhyay@example.com,+914660170593,Delhi,34,2023-12-18
CUST03100,Balhaar Chhabra,kala22@example.com,01246552957,Ahmedabad,58,2023-11-22
CUST03101,Edhitha Contractor,ikhare@example.org,+912711318002,Kolkata,30,2023-03-26
CUST03102,Zilmil Behl,wallaaachal@example.com,5557734328,Pune,21,2023-05-14
CUST03103,Raghav Datta,khoslaojasvi@example.com,4983598084,Chennai,25,2023-08-28
CUST03104,Samuel Devi,gmutti@example.com,06271370244,Chennai,58,2023-08-29
CUST03105,Ijaya Balakrishnan,raghavanmohini@example.org,4783062646,Hyderabad,38,2024-02-10
CUST03106,Yadavi Wali,rgoel@example.com,06312842092,Mumbai,28,2023-10-01
CUST03107,Chaitanya Varty,buchluke@example.org,+912151285136,Kolkata,55,2023-10-27
CUST03108,Ekta Mannan,ramagarima@example.org,+917008777519,Delhi,43,2023-03-12
CUST03109,Samesh Goda,raaginibala@example.com,+914784326748,Chennai,18,2023-07-18
CUST03110,Theodore Brahmbhatt,joshilogan@example.org,+918543767305,Mumbai,55,2023-11-15
CUST03111,Faras Sami,harita99@example.com,2243121255,Ahmedabad,62,2024-05-31
CUST03112,Om Jha,soodjagdish@example.com,+912570670779,Surat,27,2024-02-01
CUST03113,Charita Kulkarni,charita75@example.net,7113156873,Pune,67,2023-04-12
CUST03114,Kalpit Misra,lilamerchant@example.com,6394684583,Delhi,33,2024-02-04
CUST03115,Akshay Handa,hemani87@example.org,03275027192,Bangalore,49,2023-08-27
CUST03116,Indrajit Ahuja,wahabsarna@example.org,8073664970,Delhi,61,2023-08-22
CUST03117,Aarnav Dada,oloke@example.net,3562395021,Surat,39,2024-05-05
CUST03118,Yashoda Sinha,basuaayush@example.org,2220532208,Mumbai,21,2023-12-04
CUST03119,Leela Bawa,mannepanini@example.com,+917101478247,Pune,59,2024-04-02
CUST03120,Jairaj Sur,chaitanyaramanathan@example.com,00688857602,Bangalore,62,2023-10-04
CUST03121,Jairaj Samra,khareijaya@example.org,+914506327052,Jaipur,68,2024-04-12
CUST03122,Gaurang Sane,dipta64@example.com,6676469142,Delhi,26,2024-02-07
CUST03123,Abhiram Badal,aryaimaran@example.org,04378471073,Ahmedabad,32,2023-10-26
CUST03124,Rayaan Gole,ektakapoor@example.org,06223345015,Pune,53,2023-07-01
CUST03125,Wakeeta Ravel,triya86@example.com,+910000591186,Pune,69,2023-05-05
CUST03126,Xalak Khare,samuelmitra@example.net,9140269631,Ahmedabad,64,2024-06-09
CUST03127,Indali Vora,bahlyahvi@example.com,07575131838,Chennai,19,2023-04-22
CUST03128,Vritti Bhagat,anvi46@example.net,5013813854,Hyderabad,40,2024-04-16
CUST03129,Peter Kara,nehamammen@example.com,00177337010,Bangalore,34,2023-09-13
CUST03130,Neelima Basu,chaitaly97@example.org,+917931082627,Mumbai,49,2023-10-06
CUST03131,Aadi Saraf,mitaljack@example.net,09609566118,Ahmedabad,53,2023-05-17
CUST03132,Gagan Badal,gmunshi@example.com,03583097533,Kolkata,52,2024-01-26
CUST03133,Isaiah Lala,yachanareddy@example.net,+918617568634,Ahmedabad,30,2024-05-11
CUST03134,Lavanya Mammen,orinderbalakrishnan@example.com,9255830035,Surat,29,2023-11-08
CUST03135,Jyoti Ravi,aachalmann@example.net,+910885348831,Jaipur,40,2024-05-07
CUST03136,Ridhi Gade,gsavant@example.org,00793281816,Pune,64,2024-01-12
CUST03137,Vritti Seth,darabeer@example.org,00207361745,Ahmedabad,35,2023-09-29
CUST03138,Hitesh Som,thakkaranita@example.net,0000013302,Surat,53,2024-02-10
CUST03139,Andrew Kumer,buchgirik@example.net,+919215819277,Bangalore,22,2024-05-30
CUST03140,Bhavya Krish,ssalvi@example.com,01846891583,Jaipur,27,2023-05-27
CUST03141,Falguni Savant,vinaya09@example.org,08719290833,Ahmedabad,36,2024-06-01
CUST03142,Keya Palan,kdara@example.com,9681266699,Kolkata,52,2023-04-13
CUST03143,Tanvi Sethi,thakkarpanini@example.net,05748659775,Pune,47,2023-12-12
CUST03144,Vritti Saraf,skala@example.net,8007506823,Mumbai,67,2024-01-08
CUST03145,Vaishnavi Keer,williammallick@example.com,01267886570,Jaipur,42,2023-09-25
CUST03146,Advika Rau,parsanachiket@example.org,03213305878,Bangalore,19,2023-12-03
CUST03147,Nitesh Dugar,gauri76@example.net,+910888370799,Surat,41,2024-02-12
CUST03148,Omisha Datta,fiyazpal@example.net,03449197470,Surat,33,2023-12-30
CUST03149,Mekhala Sura,choudhuryria@example.org,09859634365,Pune,64,2024-04-05
CUST03150,Zashil Chawla,odhaliwal@example.net,6724089628,Delhi,60,2024-01-13
CUST03151,Fiyaz Koshy,harrisonpradhan@example.com,07019187171,Jaipur,70,2023-02-16
CUST03152,Nathan Bath,hbrar@example.net,0221318960,Hyderabad,30,2023-07-20
CUST03153,Devika Rajan,chanaurvi@example.org,01741465545,Jaipur,61,2023-03-28
CUST03154,Yug Jhaveri,januja91@example.com,09156630363,Ahmedabad,67,2023-06-10
CUST03155,Darika Upadhyay,bnatarajan@example.org,04435250191,Jaipur,27,2023-09-08
CUST03156,Mitali Lad,zbahri@example.com,6967781341,Surat,36,2023-07-18
CUST03157,Mason Mahal,rachita49@example.org,5350904351,Pune,44,2024-04-07
CUST03158,Balveer Radhakrishnan,miteshkurian@example.net,6513271004,Pune,25,2023-12-20
CUST03159,Oscar Sanghvi,warinder84@example.com,0981920509,Delhi,51,2023-04-01
CUST03160,Siddharth Khare,yagneshraman@example.org,09328657119,Delhi,20,2023-05-08
CUST03161,Hritik Dey,aarnavbala@example.com,+913818392451,Bangalore,29,2023-09-09
CUST03162,Wakeeta Sengupta,rdas@example.net,6079117292,Mumbai,30,2023-06-12
CUST03163,Jason Kothari,janakijhaveri@example.org,03562872450,Delhi,49,2024-03-07
CUST03164,Zehaan Chawla,sanya71@example.com,2898218244,Chennai,24,2023-08-26
CUST03165,Gunbir Ratta,keyade@example.net,00386473223,Mumbai,54,2024-05-13
CUST03166,Zayyan Dutt,ciyengar@example.net,3681254145,Hyderabad,60,2024-06-29
CUST03167,Ati Sood,abhimanyu44@example.com,01764344105,Ahmedabad,51,2023-10-01
CUST03168,Bahadurjit Raju,qabil53@example.org,3244483451,Surat,62,2023-11-30
CUST03169,Eiravati Ahluwalia,usubramanian@example.com,02815706625,Surat,34,2024-03-17
CUST03170,Hemang Sanghvi,rachitbal@example.com,+917714948724,Mumbai,41,2023-10-31
CUST03171,Pushti Dada,orinder83@example.org,06820808207,Chennai,56,2024-01-01
CUST03172,Yachana Varkey,onveerbanik@example.net,+915210942354,Delhi,18,2023-10-18
CUST03173,Siddharth Bawa,vrishtide@example.net,0251002279,Chennai,59,2023-11-22
CUST03174,Jalsa Sheth,gaurangikrishna@example.org,+916032240807,Ahmedabad,23,2023-10-09
CUST03175,Advik Kaul,gwalla@example.com,+915068524608,Ahmedabad,69,2023-10-27
CUST03176,Neel Bedi,jackson51@example.org,+918660099974,Mumbai,41,2023-11-30
CUST03177,Harshil Sathe,prakashdavid@example.org,04873725901,Jaipur,65,2023-04-27
CUST03178,Yashawini Mallick,amrutakarnik@example.net,+919786715429,Hyderabad,70,2024-01-26
CUST03179,Ekiya Sundaram,mittalreva@example.net,7007191035,Pune,68,2023-05-18
CUST03180,Udant Palla,ishwarsinghal@example.org,+914051558866,Mumbai,70,2023-06-17
CUST03181,Anita Kant,ybhalla@example.org,+915421188959,Surat,35,2023-06-22
CUST03182,Manbir Raju,gautami17@example.org,+916664814313,Jaipur,20,2024-03-15
CUST03183,Arin Acharya,bhardwajjackson@example.org,+916382244326,Delhi,37,2023-08-06
CUST03184,Dipta Buch,surxiti@example.net,5517915436,Delhi,31,2023-12-01
CUST03185,Tanay Madan,aahana89@example.org,+914940809100,Jaipur,24,2023-09-10
CUST03186,Nandini Zachariah,wasontarak@example.org,+911679266403,Delhi,64,2024-02-03
CUST03187,Idika Agate,avi64@example.org,1067109179,Chennai,52,2023-08-21
CUST03188,Andrew Nanda,atharvzachariah@example.com,03749455839,Hyderabad,30,2023-05-18
CUST03189,Radhika Rajan,aahana93@example.com,08126888107,Chennai,51,2023-12-25
CUST03190,William Goda,buchucchal@example.org,3078176232,Chennai,54,2023-07-27
CUST03191,Frado Dada,riasheth@example.com,+915180784424,Bangalore,53,2023-08-27
CUST03192,Anirudh Bhat,liam59@example.com,05712544584,Jaipur,44,2024-03-20
CUST03193,Ira Chahal,qbhatt@example.net,0140905444,Delhi,67,2024-04-18
CUST03194,Onkar Prasad,imaransama@example.com,+918973907666,Surat,40,2023-10-15
CUST03195,Aahana Mishra,akshaykhosla@example.org,07997065811,Ahmedabad,62,2024-06-28
CUST03196,Jyoti Bhardwaj,jsarma@example.org,03509680192,Hyderabad,24,2024-06-25
CUST03197,Jagdish Sahota,ngarg@example.net,3526017726,Bangalore,68,2023-08-04
CUST03198,Samar Datta,mchaudhari@example.com,4270182332,Bangalore,53,2024-01-02
CUST03199,Charan Ganesan,udant04@example.net,07407185331,Hyderabad,50,2024-03-01
CUST03200,Netra Merchant,ekiyasachdeva@example.org,8753184833,Pune,60,2023-08-22
CUST03201,Indrajit Padmanabhan,oeshikulkarni@example.com,7166393032,Bangalore,52,2023-05-04
CUST03202,Yochana Batra,gaggarwal@example.net,+911557412512,Surat,46,2023-04-06
CUST03203,Robert Mannan,brahmbhattupasna@example.net,1944557669,Pune,38,2024-02-27
CUST03204,Matthew Padmanabhan,nirjaseth@example.org,+917120345741,Jaipur,38,2023-12-27
CUST03205,Harini Rai,orinder30@example.org,+912422371664,Pune,44,2023-06-07
CUST03206,Reyansh Parekh,sethnathaniel@example.org,+911529270993,Hyderabad,70,2024-02-12
CUST03207,Urishilla Sanghvi,jeremiah01@example.net,+917310109104,Pune,56,2023-08-29
CUST03208,Garima Grewal,mukhopadhyayharini@example.com,08651038953,Chennai,54,2023-10-08
CUST03209,Krishna Sharaf,qadimanand@example.org,03244888076,Jaipur,31,2023-12-11
CUST03210,Ishanvi Shere,urastogi@example.com,+919592891463,Hyderabad,67,2024-03-02
CUST03211,Chakrika Oommen,aashisetty@example.com,1160847818,Jaipur,65,2023-05-03
CUST03212,Tanay Lata,bimala47@example.net,08485694451,Kolkata,41,2024-01-30
CUST03213,Jacob Pillai,ndey@example.net,1426071339,Ahmedabad,46,2023-03-27
CUST03214,Kai Sastry,qmanda@example.com,+912395545259,Hyderabad,18,2024-03-10
CUST03215,Riya Gera,sachdevupadhriti@example.com,3097803993,Mumbai,36,2023-06-21
CUST03216,Naveen Behl,noza@example.net,+919193828918,Surat,19,2024-04-10
CUST03217,Ekani Arya,nkeer@example.net,08550506815,Jaipur,26,2023-04-01
CUST03218,Alka Sachdeva,trivenithakkar@example.com,06217627243,Kolkata,18,2024-03-30
CUST03219,Dalaja Luthra,nimrat51@example.net,09975301446,Kolkata,32,2024-02-25
CUST03220,Advika Nagy,bhanumati50@example.org,+912219884813,Chennai,38,2023-03-24
CUST03221,Ishita Konda,venkateshvivaan@example.org,2220241766,Mumbai,67,2024-05-18
CUST03222,Chakradev Raval,nathangala@example.com,6740009773,Kolkata,53,2023-07-27
CUST03223,Nimrat Goyal,inaya90@example.net,+912135530125,Jaipur,53,2023-06-04
CUST03224,Rachana Kuruvilla,lsanghvi@example.org,00675644031,Surat,54,2023-06-27
CUST03225,Qadim Dar,ladganga@example.net,02055532168,Bangalore,24,2024-04-10
CUST03226,Edhitha Acharya,lilamane@example.com,+915836072288,Mumbai,47,2023-07-04
CUST03227,Mason Wali,grama@example.net,0106528544,Pune,27,2024-02-17
CUST03228,Dipta Ghosh,pavanichauhan@example.com,+916370727420,Bangalore,34,2023-03-07
CUST03229,Chatresh Goswami,aayush79@example.net,+919778810485,Pune,55,2023-12-04
CUST03230,Aryan Parmer,onkar48@example.com,4041471408,Chennai,32,2024-04-20
CUST03231,Vinaya Palla,naiknandini@example.net,2291379016,Kolkata,69,2023-11-19
CUST03232,Akshay Morar,sraval@example.org,+910994791415,Kolkata,23,2024-01-08
CUST03233,Yachana Mittal,unnirai@example.com,04165374667,Surat,43,2023-11-19
CUST03234,Samesh Savant,purohitchaman@example.org,01116859524,Surat,31,2023-03-20
CUST03235,Jacob Sani,fmitra@example.net,+915634325101,Delhi,64,2024-04-16
CUST03236,Noah Virk,jacobloyal@example.net,1410112017,Pune,68,2024-03-27
CUST03237,Aarna Chander,vaishnavi96@example.org,4238021245,Ahmedabad,29,2024-03-23
CUST03238,Adweta Sridhar,upadhyayaryan@example.net,00927857436,Ahmedabad,70,2024-01-28
CUST03239,Forum Maharaj,dayitashenoy@example.org,+916915466692,Surat,70,2024-05-21
CUST03240,Veda Ghosh,idixit@example.org,1870863344,Delhi,56,2023-08-08
CUST03241,Jagvi Batra,anmoliyer@example.net,5698028440,Kolkata,20,2024-05-27
CUST03242,Shravya Varughese,onideo@example.net,08494147904,Surat,42,2023-07-07
CUST03243,Finn Pal,vrittiganesan@example.com,0608238200,Delhi,67,2023-02-19
CUST03244,Urmi Yadav,samavasatika@example.net,2465530922,Mumbai,67,2023-05-15
CUST03245,Jai Datta,rastogiansh@example.org,08322327234,Pune,40,2023-06-23
CUST03246,Ekbal Ramanathan,vartytanish@example.net,1489948223,Hyderabad,44,2024-01-23
CUST03247,Jonathan Goda,pavani61@example.net,9710818632,Delhi,67,2024-05-29
CUST03248,Wriddhish Karan,tnadkarni@example.net,+911455447227,Chennai,65,2023-02-27
CUST03249,Aishani Varty,xlall@example.com,+912597303748,Surat,18,2024-04-20
CUST03250,Charles Vohra,rakshaluthra@example.org,+910060830773,Hyderabad,21,2024-06-07
CUST03251,Vasudha Patla,zilmil77@example.org,5733353837,Kolkata,51,2024-03-04
CUST03252,Qarin Koshy,daksh56@example.net,4761927812,Mumbai,38,2024-02-21
CUST03253,Triya Rattan,atizachariah@example.org,9522427561,Jaipur,54,2024-04-25
CUST03254,Sanya Dora,brarvamakshi@example.net,0117555677,Bangalore,38,2024-04-26
CUST03255,Yug Pillay,bassiomya@example.com,4449989071,Jaipur,62,2024-01-31
CUST03256,Vyanjana Venkataraman,keerandrew@example.org,09230083341,Chennai,27,2024-05-09
CUST03257,Jai Nagarajan,andrew39@example.net,+910380354313,Mumbai,61,2023-09-22
CUST03258,Ikbal Dora,ayush48@example.net,8198759973,Hyderabad,46,2023-04-23
CUST03259,Kiaan Srivastava,dharwahab@example.net,9863910620,Surat,54,2023-07-02
CUST03260,Triveni Sachdeva,banjeetkapadia@example.net,+916919486707,Jaipur,23,2024-01-05
CUST03261,Aahana Mahajan,devansh18@example.com,+910154272557,Chennai,45,2023-06-07
CUST03262,Yamini Batra,vdeshmukh@example.net,02302272752,Kolkata,68,2023-04-11
CUST03263,Om Sur,wyattbiswas@example.org,4341663826,Hyderabad,27,2023-10-03
CUST03264,Reva Deo,dsastry@example.org,9846053465,Bangalore,39,2023-12-31
CUST03265,Bhavini Bhat,oyohannan@example.com,8698716462,Delhi,48,2023-12-18
CUST03266,Widisha Srinivasan,lopabahl@example.com,+919081100077,Surat,65,2023-11-11
CUST03267,Zarna Dugar,ejani@example.net,01987032250,Mumbai,53,2024-02-16
CUST03268,Rushil Kashyap,naveensoman@example.com,4545447278,Hyderabad,34,2024-05-17
CUST03269,Bina Mandal,esharaf@example.com,00668679942,Delhi,43,2024-04-24
CUST03270,Jai Kamdar,msanghvi@example.net,+913761825930,Jaipur,45,2023-11-13
CUST03271,Ayush Boase,xitibose@example.org,+912635815671,Bangalore,66,2023-03-01
CUST03272,Onveer Garde,harsh93@example.org,06284437282,Bangalore,48,2024-05-02
CUST03273,Ayaan Chaudhary,ishadeo@example.org,+914320918281,Jaipur,30,2023-05-01
CUST03274,Mekhala Sahota,gshukla@example.org,+913172940993,Ahmedabad,43,2024-04-28
CUST03275,Inaya Buch,vidhisagar@example.net,4814196799,Surat,30,2024-04-19
CUST03276,Bina Narain,dubeaarnav@example.net,4965385194,Jaipur,57,2023-03-04
CUST03277,Bimala Palan,zayyanbhagat@example.org,+917528799722,Jaipur,33,2024-04-22
CUST03278,Urmi Nagi,daveowen@example.com,3122725449,Chennai,22,2024-03-25
CUST03279,Advik Kota,sethiedhitha@example.net,+915467723967,Kolkata,67,2024-01-14
CUST03280,Advay Sawhney,faris63@example.net,+916626794099,Hyderabad,38,2024-04-08
CUST03281,Tripti Joshi,kdeshpande@example.net,1764803614,Surat,23,2023-12-29
CUST03282,Chavvi Krishna,gopalfariq@example.net,06505848414,Delhi,60,2023-11-27
CUST03283,Udarsh Narang,tbandi@example.org,+919351174863,Hyderabad,45,2023-09-10
CUST03284,Chakradhar Palla,manya07@example.org,4351759317,Pune,40,2023-05-04
CUST03285,Bahadurjit Lall,mekhala31@example.com,09612650889,Chennai,38,2023-12-14
CUST03286,Gautami Tiwari,robert79@example.net,7881668096,Pune,56,2023-07-29
CUST03287,Yashica Sehgal,chavvi73@example.org,+917785457477,Mumbai,67,2023-02-24
CUST03288,Hema Nori,devikazachariah@example.com,04327541156,Kolkata,28,2023-08-15
CUST03289,Sudiksha Behl,padmanabhanleela@example.org,06998180527,Pune,57,2024-06-23
CUST03290,Avi Bath,aachal63@example.org,04606649323,Ahmedabad,57,2023-10-14
CUST03291,Shivansh Varma,umangkaran@example.net,+914932548592,Bangalore,46,2023-10-23
CUST03292,Abhiram Ramesh,usaran@example.org,07971090028,Mumbai,70,2024-05-27
CUST03293,Balveer Bahri,oliversahota@example.com,01780886449,Chennai,30,2024-05-20
CUST03294,Mahika Dhawan,xsunder@example.com,00294250122,Pune,27,2024-03-27
CUST03295,Janaki Jaggi,samaksh75@example.net,+917197661624,Delhi,25,2023-04-22
CUST03296,Simon Wali,choudharychanakya@example.com,0177446083,Mumbai,33,2023-07-11
CUST03297,Alka Dada,anaik@example.com,3123315349,Surat,27,2023-10-21
CUST03298,Harshil Suri,ekbal03@example.com,01416486689,Kolkata,18,2023-11-21
CUST03299,Sudiksha Hans,saiwadhwa@example.com,+912849635550,Pune,62,2023-03-19
CUST03300,Faris Lala,kai53@example.com,5301965497,Delhi,37,2023-03-14
CUST03301,Aahana Patel,laddhriti@example.org,+910203887071,Ahmedabad,48,2023-06-17
CUST03302,Anthony Mani,ekalingadhaliwal@example.org,+910468797521,Mumbai,39,2023-03-05
CUST03303,Bhavani Sankar,chandani25@example.net,06862229054,Chennai,65,2023-07-05
CUST03304,Triveni Chakrabarti,palanlavanya@example.com,+919293690706,Jaipur,31,2023-06-19
CUST03305,Lucky Khosla,raghav89@example.net,5175204770,Chennai,52,2023-03-05
CUST03306,Abhimanyu Sekhon,ddayal@example.org,+915538274383,Jaipur,66,2023-05-02
CUST03307,Neel Datta,dalbir63@example.com,3732301464,Kolkata,53,2023-09-14
CUST03308,Ayushman Kothari,narainchakrika@example.org,5203971010,Ahmedabad,57,2023-07-01
CUST03309,Tarak Kamdar,patlacaleb@example.net,0993409600,Bangalore,62,2024-02-14
CUST03310,Netra Thakur,manya55@example.net,4225277685,Mumbai,42,2023-10-06
CUST03311,Radhika Memon,lohit92@example.com,05019325267,Surat,60,2023-07-20
CUST03312,Laksh Grover,gautamsamra@example.com,+919523814987,Jaipur,20,2023-03-23
CUST03313,Pratyush Bains,eeshashan@example.com,09312404938,Kolkata,28,2023-08-24
CUST03314,Keya Din,ekanshswaminathan@example.com,5337347763,Mumbai,36,2023-03-16
CUST03315,Ekaja Yadav,yashodhara27@example.com,04699158973,Chennai,68,2023-12-29
CUST03316,Vyanjana Uppal,harshil44@example.net,+919836876190,Surat,35,2023-10-02
CUST03317,Edhitha Randhawa,chaudharyidika@example.com,01074981886,Mumbai,47,2024-03-19
CUST03318,Hemang Chadha,ayaan17@example.org,8729701268,Mumbai,22,2023-05-31
CUST03319,Ishani Ravi,advikagrewal@example.org,00511697690,Hyderabad,60,2023-08-04
CUST03320,Gauri Doshi,vdass@example.org,4719023271,Kolkata,60,2023-03-01
CUST03321,Yatin Date,siya59@example.org,+912303489905,Pune,24,2023-09-07
CUST03322,Samarth Bumb,xdevan@example.org,0463118670,Mumbai,36,2024-01-06
CUST03323,Shaurya Palla,nagarajancharvi@example.com,09318131254,Hyderabad,32,2024-05-11
CUST03324,Xalak Hans,harshil35@example.net,+915407647186,Hyderabad,50,2024-01-26
CUST03325,Rehaan Rege,guptagaurang@example.com,03948072078,Delhi,38,2024-04-15
CUST03326,Zarna Malhotra,charvi02@example.org,+917760218066,Ahmedabad,56,2024-04-27
CUST03327,Gautami Goel,whanda@example.net,4445190677,Jaipur,23,2023-07-12
CUST03328,Dhruv Amble,alexandersagar@example.org,4437108425,Bangalore,30,2023-09-24
CUST03329,Anamika Goyal,trivenikhare@example.com,+914972486898,Jaipur,47,2024-04-10
CUST03330,Noah Edwin,timothy50@example.org,+917746903384,Jaipur,63,2023-10-18
CUST03331,Theodore Sood,noriwakeeta@example.net,7522212004,Mumbai,20,2023-02-19
CUST03332,Tanish Mand,champakguha@example.org,8738453500,Chennai,51,2023-04-17
CUST03333,Nisha Khatri,nehapurohit@example.com,4365869491,Kolkata,39,2023-12-14
CUST03334,Ekani Comar,dayitamemon@example.com,5329677375,Ahmedabad,43,2023-12-02
CUST03335,Shaurya Chakrabarti,zchopra@example.com,03342809115,Bangalore,19,2023-06-23
CUST03336,Ladli Uppal,chakrikashetty@example.com,+915491140654,Pune,61,2024-06-23
CUST03337,Ira Chandran,paninisubramanian@example.net,4907535138,Pune,40,2023-06-17
CUST03338,Odika Gala,timothymittal@example.net,5651582230,Kolkata,33,2023-12-08
CUST03339,Vidhi Rattan,oommenprisha@example.com,05612498334,Jaipur,35,2023-06-22
CUST03340,Lavanya Sunder,gjayaraman@example.net,+915291493735,Mumbai,58,2023-12-31
CUST03341,Champak Venkataraman,fradobuch@example.net,08674478687,Kolkata,42,2023-05-24
CUST03342,Tanvi Bhatnagar,chatterjeenetra@example.net,04182697187,Mumbai,53,2024-01-24
CUST03343,Hemal Kari,bloyal@example.com,01919994985,Kolkata,32,2024-01-09
CUST03344,Jason Srivastava,om61@example.com,+912740451228,Bangalore,39,2024-01-20
CUST03345,Triveni Balan,bawawarinder@example.com,04318910049,Hyderabad,60,2024-05-25
CUST03346,Neelima Bansal,dorajagrati@example.com,9972631508,Bangalore,23,2023-03-20
CUST03347,Rajeshri Sathe,loyalkai@example.net,5790354064,Hyderabad,51,2023-04-29
CUST03348,Tristan Parsa,yadavi76@example.net,1864841212,Surat,58,2023-06-12
CUST03349,Bakhshi Palla,xalakbasak@example.net,02723526436,Chennai,44,2023-03-29
CUST03350,Zarna Walla,tbhardwaj@example.com,01629847548,Chennai,54,2023-10-18
CUST03351,Charles Sani,nisha14@example.com,9483856016,Bangalore,45,2024-03-24
CUST03352,Odika Sha,mvyas@example.com,+912497539303,Kolkata,56,2024-01-01
CUST03353,Sathvik Dass,pbains@example.net,6157423683,Pune,46,2023-09-27
CUST03354,Tejas Seth,sibalelijah@example.net,05880746120,Jaipur,26,2023-06-19
CUST03355,Geetika Mittal,krishna56@example.com,+916363813922,Chennai,59,2024-05-02
CUST03356,Dalbir Mander,gunbirbhandari@example.org,09982048793,Bangalore,55,2023-10-21
CUST03357,George Ghosh,sainayak@example.com,9377590129,Jaipur,61,2023-04-19
CUST03358,Mohammed Bajwa,kaurshaurya@example.com,+914574085074,Chennai,26,2023-12-12
CUST03359,Faris Kara,krishhegde@example.com,6493826831,Kolkata,62,2023-06-13
CUST03360,Anirudh Kamdar,rudrakeer@example.com,7361404761,Jaipur,26,2023-12-14
CUST03361,Osha Chahal,hritik81@example.net,+910699429223,Hyderabad,67,2023-03-16
CUST03362,Yamini Oza,mananbarman@example.org,+918981072322,Bangalore,59,2024-01-07
CUST03363,Charita Sarraf,bakhshichana@example.net,04108834442,Surat,28,2023-08-02
CUST03364,Bishakha Devi,charita17@example.net,08477023928,Pune,22,2024-01-16
CUST03365,Finn Bhakta,prasadreva@example.org,1043979234,Jaipur,52,2024-05-10
CUST03366,Michael Mitra,ijayabatra@example.com,6310626844,Delhi,29,2024-05-08
CUST03367,Upadhriti Sankaran,schahal@example.com,08729620429,Pune,27,2023-10-18
CUST03368,Dalbir Chander,dev00@example.net,2592306511,Mumbai,66,2023-10-11
CUST03369,Ekta Dani,max88@example.org,+914960546905,Pune,44,2024-04-12
CUST03370,Gaurika Chahal,qatwal@example.org,+914730878875,Hyderabad,37,2024-05-25
CUST03371,Udarsh Dyal,aachalmerchant@example.org,+913358021037,Ahmedabad,65,2024-02-24
CUST03372,Ayaan Dhar,tanishnadkarni@example.net,+913506274157,Kolkata,27,2024-05-09
CUST03373,Oliver Tripathi,qbanik@example.org,01435434918,Chennai,24,2023-11-27
CUST03374,Hiral Murty,pmangat@example.com,4333040305,Bangalore,29,2023-11-15
CUST03375,Xiti Dani,yochana53@example.com,+916292580994,Mumbai,66,2023-12-17
CUST03376,Wriddhish Savant,wazirkala@example.org,+919386556850,Surat,57,2024-04-18
CUST03377,Aditya Wali,prasadranveer@example.net,4792795132,Kolkata,56,2024-06-07
CUST03378,Meghana Nanda,gulatikala@example.net,+914612014079,Surat,57,2024-05-13
CUST03379,Anvi Badami,senguptasai@example.org,6010831734,Chennai,56,2024-04-06
CUST03380,Samaksh Gill,pillaijagvi@example.org,3975317528,Chennai,32,2023-08-20
CUST03381,Nathan Kumer,battabachittar@example.org,09375818350,Mumbai,40,2023-12-31
CUST03382,Maanav Solanki,agastya89@example.com,07842351802,Delhi,62,2024-03-23
CUST03383,Pratyush Choudhry,liam88@example.com,+916344779279,Ahmedabad,26,2023-09-10
CUST03384,Matthew Ahluwalia,jyoti15@example.net,7045330434,Jaipur,56,2023-12-23
CUST03385,Janaki Vaidya,lopavarty@example.com,04337314029,Ahmedabad,63,2023-02-23
CUST03386,Chandresh Cherian,kapadiagautam@example.org,+914075597862,Pune,29,2023-03-21
CUST03387,Tanveer Krishnan,bhavna30@example.com,+914475508238,Hyderabad,49,2023-04-27
CUST03388,Meera Buch,tanvichada@example.net,08807327146,Ahmedabad,26,2023-06-05
CUST03389,Chaitaly Dhar,radhika86@example.org,8720323832,Bangalore,30,2024-02-26
CUST03390,Darsh Muni,william27@example.net,00265585924,Chennai,20,2023-08-16
CUST03391,Noah Keer,jaibalakrishnan@example.net,+918548051438,Hyderabad,66,2023-11-02
CUST03392,Urvi Kar,llata@example.org,9447181324,Mumbai,35,2024-03-01
CUST03393,Mason Bora,nilima13@example.org,04733702555,Hyderabad,32,2024-02-27
CUST03394,Rayaan Mannan,lankaishwar@example.net,07718074922,Chennai,66,2024-02-26
CUST03395,Pushti Sachdeva,laban85@example.net,+914190827457,Chennai,22,2023-07-01
CUST03396,Ikshita Doctor,andrew76@example.org,+917364353712,Bangalore,46,2023-04-03
CUST03397,Yagnesh Bera,pbhasin@example.org,5830428632,Surat,49,2023-06-13
CUST03398,Peter Raval,ekaja74@example.com,04936673521,Pune,47,2023-09-02
CUST03399,Chanchal Batra,yashicashan@example.com,+919393496479,Chennai,45,2024-05-29
CUST03400,Theodore Nayar,zgade@example.org,5426267188,Hyderabad,67,2023-12-13
CUST03401,Nimrat Sridhar,chakrabortysathvik@example.com,+919166732217,Mumbai,56,2024-01-05
CUST03402,Ikshita Malhotra,misraalka@example.com,02045337697,Hyderabad,64,2023-12-10
CUST03403,Laksh Sharma,ydoctor@example.com,+919606300798,Pune,43,2024-06-03
CUST03404,Sarthak Kalita,somxiti@example.com,+915639211878,Surat,65,2024-05-09
CUST03405,Leena Dhar,evora@example.com,+915105973446,Surat,56,2023-11-03
CUST03406,Balhaar Menon,dlal@example.net,2936166290,Jaipur,51,2023-11-13
CUST03407,Meera Zacharia,pkata@example.com,7763966352,Mumbai,51,2023-10-09
CUST03408,Advay Badami,xpatel@example.org,00841383890,Delhi,46,2023-04-03
CUST03409,Edhitha Dixit,aayushsingh@example.net,+917798861825,Ahmedabad,70,2023-09-09
CUST03410,Oeshi Sandhu,banjeet28@example.net,+912802224466,Mumbai,33,2023-03-26
CUST03411,Eshana Chanda,jparsa@example.com,06265704388,Jaipur,52,2023-05-25
CUST03412,Rudra Vig,aryan99@example.net,+912691764985,Hyderabad,65,2023-09-26
CUST03413,Oliver Sawhney,divyalala@example.org,7054720926,Mumbai,53,2023-06-27
CUST03414,Falak Dhar,tsharaf@example.net,07189166807,Hyderabad,51,2023-06-09
CUST03415,Chakradhar Balakrishnan,semurishilla@example.com,06002200364,Mumbai,30,2024-03-07
CUST03416,Yasti Ganesan,yuvrajoza@example.com,+912094124562,Kolkata,46,2023-12-28
CUST03417,Manbir Bajaj,jalsakuruvilla@example.net,+919411396545,Hyderabad,37,2023-05-04
CUST03418,Gunbir Saxena,anagarajan@example.net,8364950926,Kolkata,47,2023-04-28
CUST03419,Kamala Swaminathan,danielhanda@example.net,+914306143288,Bangalore,45,2024-06-03
CUST03420,Sneha Baral,sachdevaishaan@example.net,2371044907,Kolkata,57,2023-04-02
CUST03421,Udant Sami,panini89@example.org,08878580391,Mumbai,62,2023-04-25
CUST03422,Veda Barad,rayaan87@example.com,+918953429703,Jaipur,27,2023-11-25
CUST03423,Wakeeta Jain,yoshitaaggarwal@example.org,01432694410,Ahmedabad,59,2024-04-01
CUST03424,Samesh Dhaliwal,bandilila@example.com,6233487819,Ahmedabad,23,2023-06-08
CUST03425,Girik Bhatt,raksha46@example.com,07325141561,Jaipur,25,2023-09-30
CUST03426,Gabriel Goel,upkaar21@example.net,7924761740,Bangalore,67,2023-06-07
CUST03427,Baljiwan Baral,leela84@example.org,02734069754,Surat,62,2023-04-12
CUST03428,Leena Hari,chauhanekaja@example.org,9229830922,Jaipur,26,2023-03-22
CUST03429,Samuel Shetty,kulkarniekanta@example.net,+913860729430,Hyderabad,44,2023-09-07
CUST03430,Raghav Mahal,jatin29@example.com,+919728558679,Pune,46,2024-02-10
CUST03431,Ladli Baral,urvashivarghese@example.com,+914876561280,Mumbai,29,2024-06-26
CUST03432,Ijaya Nadkarni,jeetcheema@example.org,9531615667,Ahmedabad,55,2024-02-08
CUST03433,Sachi Cheema,amritabora@example.org,+919288104238,Chennai,47,2023-12-26
CUST03434,Pratyush Kulkarni,uratta@example.net,04508554885,Delhi,34,2023-12-12
CUST03435,Lila Bedi,wridesh98@example.com,8899949844,Pune,62,2024-04-12
CUST03436,Balvan Dhingra,kbanerjee@example.net,09405219899,Bangalore,63,2023-02-22
CUST03437,Watika Shroff,dhari@example.net,1530293336,Delhi,23,2024-03-20
CUST03438,Saumya Bhat,lohit97@example.net,+915384127913,Delhi,63,2023-04-26
CUST03439,Yuvraj Dey,zinal88@example.com,0416274221,Ahmedabad,58,2023-04-18
CUST03440,Gaurang Nanda,anita48@example.com,+912461016810,Pune,23,2023-10-19
CUST03441,Vasatika Sundaram,akata@example.net,5146073720,Jaipur,63,2023-07-17
CUST03442,Pranav Misra,manderchavvi@example.org,+912178563436,Hyderabad,64,2023-03-19
CUST03443,Janya Bali,dugaramol@example.com,+911286866775,Jaipur,57,2023-08-24
CUST03444,Yachana Jaggi,nkhurana@example.org,+919481685319,Bangalore,42,2024-05-10
CUST03445,Urmi Bandi,modilajita@example.org,7027392467,Jaipur,42,2023-11-10
CUST03446,Gaurav Mody,kmammen@example.com,+918823243969,Mumbai,67,2023-09-18
CUST03447,Sara Swaminathan,manthankrish@example.com,+914929213324,Bangalore,39,2024-06-03
CUST03448,Ekbal Varughese,zmani@example.org,06927450569,Surat,60,2023-08-12
CUST03449,Lavanya Chacko,mchandran@example.com,+918125802562,Bangalore,28,2023-03-26
CUST03450,Anamika Soman,tbatta@example.net,00424142656,Bangalore,29,2023-05-01
CUST03451,Megha Bhakta,netra43@example.org,0724766053,Mumbai,44,2023-03-21
CUST03452,Vasana Wadhwa,turvimander@example.com,06937772424,Kolkata,37,2023-05-08
CUST03453,Ekbal Goda,xsachar@example.org,+918261249987,Ahmedabad,36,2023-09-26
CUST03454,Yashasvi Borah,baljiwan68@example.org,+917561040867,Bangalore,25,2024-04-07
CUST03455,Luke Naik,rthakur@example.net,+910624716569,Bangalore,30,2023-05-21
CUST03456,Edhitha Boase,atharvnayar@example.com,+915280786477,Mumbai,57,2023-02-16
CUST03457,Keya Devi,dorawriddhish@example.org,02706538137,Kolkata,18,2023-11-11
CUST03458,Lila Devan,falakmenon@example.org,01290458963,Ahmedabad,49,2024-02-04
CUST03459,Januja Devi,chanakya50@example.org,05106660588,Ahmedabad,52,2023-03-07
CUST03460,Naksh Lal,yahvichada@example.com,8322570211,Mumbai,56,2023-09-08
CUST03461,Neha Bassi,qabilvohra@example.org,09896569178,Ahmedabad,33,2023-04-09
CUST03462,Aarna Guha,vchadha@example.org,03833664493,Chennai,55,2023-07-05
CUST03463,Veer Ben,chaitalydhar@example.com,08456611556,Ahmedabad,47,2023-11-22
CUST03464,Nilima Aggarwal,qmohanty@example.org,07876601782,Hyderabad,46,2024-01-19
CUST03465,Gopal Mane,bkaran@example.com,08027972730,Delhi,56,2023-04-10
CUST03466,Dalaja Rana,michael17@example.com,06589884386,Surat,18,2023-11-22
CUST03467,Upkaar Bajaj,rvirk@example.org,05795573815,Chennai,53,2023-12-28
CUST03468,Upasna Deep,padmanabhanpanini@example.org,+910232763916,Kolkata,57,2024-02-05
CUST03469,Xalak Jhaveri,hramaswamy@example.com,6596471817,Jaipur,70,2023-08-11
CUST03470,Amaira Barad,ochokshi@example.net,9751175634,Chennai,21,2024-03-31
CUST03471,Nitara Bedi,jacobbanerjee@example.net,+916269696727,Bangalore,27,2024-03-15
CUST03472,Tanish Gill,ladlijohal@example.com,+911968243698,Mumbai,59,2024-06-02
CUST03473,Chakradhar Basu,jsolanki@example.net,7267156914,Pune,20,2024-02-12
CUST03474,Alexander Bora,siddharthkumer@example.net,04164607150,Bangalore,20,2023-02-13
CUST03475,Idika Gandhi,sai00@example.com,05786859222,Surat,56,2024-04-21
CUST03476,Andrew Rajan,vanya74@example.net,+914420180342,Kolkata,39,2023-02-13
CUST03477,Unni Ghose,tataayaan@example.com,6687081796,Delhi,21,2023-04-25
CUST03478,Radha Sule,dinwahab@example.org,06583659980,Delhi,44,2024-02-24
CUST03479,Niharika Sagar,harsh36@example.com,2220861021,Bangalore,28,2023-06-12
CUST03480,Januja Bakshi,mkeer@example.net,07834881460,Kolkata,57,2024-02-28
CUST03481,Abha Sawhney,alexander79@example.net,03444175666,Surat,54,2023-03-29
CUST03482,Quincy Chahal,onkarkeer@example.net,+919501976103,Jaipur,29,2023-04-21
CUST03483,Manya Nori,sharafmason@example.com,7051193883,Ahmedabad,65,2024-05-25
CUST03484,Andrew Madan,yashvi16@example.net,02919304201,Surat,41,2024-06-09
CUST03485,Darsh Palla,vanyakaran@example.org,+918765672241,Mumbai,23,2023-05-02
CUST03486,Gautami Bajwa,zaitramuni@example.org,+911959922249,Kolkata,38,2023-05-13
CUST03487,Aachal Lall,rattarachana@example.org,09222097648,Pune,42,2023-08-26
CUST03488,Om Pall,jagat43@example.org,+911724560518,Delhi,66,2023-05-11
CUST03489,Odika Comar,avarghese@example.net,01353847324,Hyderabad,53,2023-05-01
CUST03490,Ishita Shetty,kapoorraagini@example.com,5925707279,Delhi,36,2023-05-03
CUST03491,Adweta Sani,boaseraksha@example.org,+913702616716,Ahmedabad,26,2024-05-16
CUST03492,Pratyush Tank,doramaanav@example.net,01026210830,Delhi,62,2023-11-16
CUST03493,Anirudh Chadha,upkaar19@example.org,4153118923,Kolkata,39,2023-03-12
CUST03494,Fariq Karpe,kdhar@example.net,7287713042,Jaipur,44,2024-04-17
CUST03495,Mohini Thaman,ambleakshay@example.net,07964277097,Jaipur,31,2023-11-06
CUST03496,Manthan Prakash,dominicguha@example.net,04131744851,Chennai,57,2024-03-18
CUST03497,Zayyan Mand,udantjha@example.com,00258855108,Mumbai,24,2023-11-04
CUST03498,Harshil Sawhney,agarwalsneha@example.com,5315996460,Surat,64,2023-11-21
CUST03499,Krish Nigam,xalak77@example.com,+918817683532,Jaipur,23,2023-07-01
CUST03500,Isaac Apte,sanematthew@example.org,8974469316,Ahmedabad,64,2023-11-21
CUST03501,Hemani Borah,nmani@example.org,9070445196,Surat,68,2023-07-08
CUST03502,William Bakshi,esandal@example.net,+911748425246,Kolkata,45,2024-04-12
CUST03503,Jagdish Kamdar,rajachaman@example.com,+919087535898,Surat,38,2023-05-26
CUST03504,Sathvik Narayan,ishaan33@example.org,+916954323246,Kolkata,51,2023-11-25
CUST03505,Ishani Dasgupta,jtaneja@example.net,+917772043971,Surat,57,2023-10-23
CUST03506,Lucky Shroff,prashadpavani@example.com,04553928403,Pune,26,2024-06-02
CUST03507,Rachana Ratti,kamala44@example.org,06899425328,Surat,54,2023-05-18
CUST03508,Abdul Balan,chaudharivrishti@example.org,+913983020056,Ahmedabad,51,2023-12-25
CUST03509,Sara Gala,pushtidasgupta@example.com,0186191364,Ahmedabad,49,2024-06-17
CUST03510,Gaurangi Zachariah,patelfaqid@example.net,00477350318,Bangalore,57,2024-03-13
CUST03511,Triveni Memon,ramaudarsh@example.org,+918556336602,Chennai,63,2023-06-05
CUST03512,George Tank,hiteshdalal@example.net,+918913051027,Kolkata,30,2023-03-28
CUST03513,Indira Verma,lankatripti@example.net,6056233094,Mumbai,25,2023-10-01
CUST03514,Netra Varma,amaira34@example.net,04582954637,Mumbai,47,2023-05-28
CUST03515,Advaith Barman,abhimanyumagar@example.com,+916623425301,Delhi,65,2024-05-15
CUST03516,Bhavya Arora,chopragaurav@example.org,5207818741,Chennai,69,2023-07-15
CUST03517,Omaja Sahni,shravyabasu@example.com,+914373751435,Surat,44,2024-06-10
CUST03518,Indali Lall,igandhi@example.org,8476600974,Hyderabad,20,2024-03-12
CUST03519,Gavin Dube,mchokshi@example.org,08151418594,Pune,40,2023-03-13
CUST03520,Yashodhara Ratti,radhika08@example.com,09544956977,Jaipur,69,2023-08-13
CUST03521,Ekalinga Dyal,bishakhabadal@example.org,+915229040150,Chennai,18,2023-10-13
CUST03522,Anamika Garde,chaudharimanbir@example.net,+917220943422,Chennai,62,2023-02-25
CUST03523,Chameli Chad,ubika78@example.com,+914137230735,Kolkata,34,2023-10-18
CUST03524,Madhavi Biswas,qshukla@example.net,08953525853,Delhi,37,2024-03-25
CUST03525,Harini Dar,anamika14@example.org,00438724308,Kolkata,50,2023-10-28
CUST03526,Bachittar Sandhu,jagat44@example.net,+915096933757,Jaipur,38,2023-11-28
CUST03527,Harrison Narain,anay88@example.org,03958454505,Mumbai,25,2024-05-09
CUST03528,Lopa Padmanabhan,vasudhabatra@example.com,06809856835,Pune,39,2023-03-12
CUST03529,Warjas Malhotra,ayushman27@example.com,04701429503,Hyderabad,64,2023-12-26
CUST03530,Yash Rai,chandanibanik@example.org,+911045498046,Surat,57,2023-02-26
CUST03531,Raghav Mohan,anshsampath@example.com,03491660557,Mumbai,29,2023-09-27
CUST03532,Balveer Lal,gayathri43@example.com,+913319312108,Chennai,39,2023-04-16
CUST03533,Teerth Suresh,uhalder@example.net,+910778981968,Pune,61,2024-03-08
CUST03534,Advay Saha,gsani@example.net,4331650983,Ahmedabad,48,2023-06-06
CUST03535,Pranit Swaminathan,chaayabasu@example.org,00543934698,Mumbai,59,2023-12-12
CUST03536,Vanya Korpal,yuvraj95@example.org,02580153584,Bangalore,48,2023-11-27
CUST03537,Andrew Banik,qabilkar@example.org,+910192686017,Bangalore,58,2023-06-08
CUST03538,Ekiya Patla,irya05@example.org,8176142662,Ahmedabad,52,2023-07-11
CUST03539,Nisha Talwar,qaggarwal@example.net,1108002649,Pune,47,2023-04-05
CUST03540,Vansha Kuruvilla,nidhi42@example.com,+917531779105,Hyderabad,65,2024-03-09
CUST03541,Parth Parmar,ypadmanabhan@example.org,+917343488919,Mumbai,51,2023-03-15
CUST03542,Aryan Ganguly,peter01@example.org,07606625957,Kolkata,54,2023-11-13
CUST03543,Chanchal Choudhry,dayalyahvi@example.com,4217274219,Pune,53,2023-06-21
CUST03544,Urvashi Chadha,rachanasrinivasan@example.org,01684989912,Jaipur,19,2023-08-25
CUST03545,Jonathan Seth,gabriel45@example.net,00973330987,Chennai,54,2023-03-08
CUST03546,Anusha Garde,nachiket70@example.com,7344463464,Pune,69,2023-10-12
CUST03547,Hamsini Dara,guneetchacko@example.org,+915221815958,Pune,22,2023-11-07
CUST03548,Rohan Sandal,crajagopalan@example.net,8232351139,Bangalore,35,2023-07-28
CUST03549,Orinder Naidu,bhavini57@example.org,+911768101324,Mumbai,39,2023-10-07
CUST03550,Raghav Bhandari,masterfarhan@example.com,+913757454517,Hyderabad,58,2024-03-01
CUST03551,Rishi Ahluwalia,rayhamsini@example.net,08765781591,Jaipur,28,2023-09-12
CUST03552,Gautami Chander,ydhillon@example.net,04213601714,Surat,56,2024-05-29
CUST03553,Oscar Dass,ganga31@example.net,05164418054,Hyderabad,29,2024-04-18
CUST03554,Zilmil Nair,zarnaarya@example.net,9420796199,Surat,25,2023-03-03
CUST03555,Pooja Narayan,karaharrison@example.org,7087815749,Kolkata,63,2024-05-26
CUST03556,Pahal Sunder,sampathekani@example.com,00986678851,Pune,63,2024-02-15
CUST03557,Arin Jaggi,madhav85@example.com,4015415068,Mumbai,35,2024-03-13
CUST03558,Gaurav Cherian,buchlajita@example.net,08734808514,Hyderabad,23,2023-12-19
CUST03559,Nisha Sethi,tara16@example.net,04023134268,Ahmedabad,33,2023-05-22
CUST03560,Hemangini Shenoy,kannanira@example.com,+910168451224,Pune,46,2024-05-02
CUST03561,Owen Kant,nwason@example.net,+910381476040,Kolkata,31,2023-11-28
CUST03562,Pahal Dhawan,matthewpalla@example.net,5376210985,Jaipur,37,2023-05-24
CUST03563,Kai Sarna,banjeetsankaran@example.com,05490597303,Bangalore,25,2023-09-30
CUST03564,Urmi Kumer,darsh88@example.org,+916829481704,Pune,68,2024-06-01
CUST03565,Vinaya Dixit,krishna79@example.org,1637980047,Mumbai,67,2023-04-27
CUST03566,Om Kala,asura@example.net,07015242443,Chennai,23,2023-03-28
CUST03567,Teerth Dhar,bainstanish@example.com,04009254270,Ahmedabad,50,2024-03-18
CUST03568,Hritik Varkey,bhatwarjas@example.com,+910714883054,Mumbai,69,2023-08-05
CUST03569,Wakeeta Parmar,xvasa@example.net,+919748846748,Ahmedabad,50,2024-04-30
CUST03570,Ranveer Garg,kkumar@example.com,+914647174265,Bangalore,30,2024-03-28
CUST03571,Chatresh Reddy,jchad@example.com,00116012418,Pune,48,2023-04-06
CUST03572,Chatresh Shan,vgokhale@example.org,+919692621684,Jaipur,37,2023-10-06
CUST03573,Naksh Batta,ehayer@example.com,+910924432954,Pune,27,2023-02-15
CUST03574,Rajata Wali,jmangal@example.net,01724727318,Delhi,70,2024-04-21
CUST03575,Balhaar Saraf,moreamara@example.com,+910374457199,Jaipur,61,2023-03-23
CUST03576,Vansha Iyengar,manbir14@example.org,+911407813664,Bangalore,31,2023-12-10
CUST03577,Warda Bhandari,zarnakapadia@example.net,02713424706,Mumbai,47,2024-01-14
CUST03578,Kiaan Dave,divyasaxena@example.org,04004895241,Hyderabad,63,2023-06-26
CUST03579,Januja Sanghvi,nilima63@example.net,01801206335,Jaipur,25,2024-05-27
CUST03580,Ishanvi Sood,unni56@example.com,06466766749,Mumbai,37,2024-02-07
CUST03581,Chasmum Uppal,ramaswamyarya@example.org,+912422164532,Mumbai,61,2024-04-26
CUST03582,Bhavini Deol,mohanmohini@example.org,+910498359005,Surat,23,2024-04-11
CUST03583,Rehaan Sami,faqid46@example.net,+915918376539,Pune,47,2023-10-01
CUST03584,Balhaar Nagi,nyohannan@example.com,+910807509503,Mumbai,24,2024-06-29
CUST03585,Kashish Choudhury,qushimaharaj@example.org,+919422085950,Jaipur,67,2024-06-01
CUST03586,Maanav Chatterjee,gayathri95@example.net,5924197166,Kolkata,19,2023-08-02
CUST03587,Ladli Batra,chadhaikbal@example.net,00328032538,Surat,66,2023-05-24
CUST03588,Bhavini Loke,singhalnachiket@example.org,6514811146,Kolkata,58,2023-11-18
CUST03589,Ladli D’Alia,takwahab@example.com,+912153845035,Chennai,38,2023-07-26
CUST03590,Triya Kapur,issachredhaan@example.org,+913124346662,Chennai,30,2024-04-04
CUST03591,Saksham Purohit,farhannatt@example.org,4406014612,Kolkata,35,2023-02-17
CUST03592,Baghyawati Kurian,opradhan@example.net,+916007481335,Jaipur,38,2023-06-11
CUST03593,Priya Maharaj,savantinaya@example.org,0075658255,Ahmedabad,60,2023-06-24
CUST03594,Yashawini Sandhu,jchakrabarti@example.org,5879050730,Delhi,35,2024-02-01
CUST03595,Vasana Datta,dipta63@example.com,06731396286,Bangalore,28,2023-06-17
CUST03596,Gaurika Morar,hbajaj@example.net,+912143593939,Kolkata,25,2023-06-23
CUST03597,Onkar Vala,yastidara@example.com,05960402874,Mumbai,57,2023-07-16
CUST03598,Anirudh Rajagopalan,farhan33@example.com,08299244235,Jaipur,50,2024-03-08
CUST03599,Zansi Muni,yugkapoor@example.net,6062638239,Delhi,31,2023-04-09
CUST03600,Chakrika Singhal,wmallick@example.com,06031868659,Jaipur,40,2023-05-16
CUST03601,Zaitra Comar,nitaramenon@example.com,08277195911,Jaipur,38,2023-12-23
CUST03602,Indrajit Karan,tmishra@example.net,07291188440,Kolkata,27,2024-02-17
CUST03603,Aadhya Sekhon,goelrushil@example.org,9617258828,Kolkata,54,2023-06-22
CUST03604,Onkar Sathe,tripathiayush@example.com,05912899512,Chennai,28,2023-04-08
CUST03605,Damini Morar,bprasad@example.net,3651837047,Delhi,37,2023-03-06
CUST03606,Reyansh Setty,gabajanani@example.org,08212035813,Surat,39,2024-06-16
CUST03607,Ganga Butala,sgopal@example.com,02405589723,Jaipur,46,2024-03-31
CUST03608,Dev Varghese,ishita22@example.net,+919770259845,Mumbai,26,2023-11-21
CUST03609,Dipta Mane,nakulbarad@example.com,08729129896,Mumbai,48,2023-09-26
CUST03610,Jasmit Keer,obalakrishnan@example.com,3230017195,Mumbai,24,2024-06-13
CUST03611,Vansha Sani,kevinprasad@example.net,+916621567486,Hyderabad,21,2023-05-27
CUST03612,Vyanjana Behl,amolkala@example.com,03860268717,Delhi,45,2023-07-30
CUST03613,Anmol Nath,ekalingawali@example.net,6585228876,Hyderabad,29,2024-02-17
CUST03614,Naksh Shere,omisha00@example.org,01058828703,Surat,55,2023-08-19
CUST03615,Gabriel Luthra,vkuruvilla@example.org,+919706440712,Ahmedabad,57,2024-01-21
CUST03616,Bhavna Sahota,chatterjeeekta@example.com,5240278201,Pune,37,2023-08-14
CUST03617,Ishwar Karnik,varkeyvedant@example.net,03116951522,Pune,70,2024-05-03
CUST03618,Adya Narang,samiayush@example.net,01376670806,Chennai,63,2024-03-02
CUST03619,Chatresh Oza,sainibimala@example.org,01183284014,Jaipur,23,2024-02-12
CUST03620,Suhani Bahri,saksham89@example.org,03173246155,Ahmedabad,54,2023-05-02
CUST03621,Faris Bhavsar,abhabrar@example.com,1268926583,Bangalore,23,2023-07-27
CUST03622,Urmi Khatri,nimrattella@example.net,06069456847,Ahmedabad,24,2023-03-10
CUST03623,Faris Prasad,vsanghvi@example.net,+912394494930,Ahmedabad,37,2023-10-03
CUST03624,Falguni Sha,zashil90@example.net,+913077146502,Ahmedabad,48,2023-11-19
CUST03625,Falan Bose,sairege@example.net,+910818981378,Chennai,32,2023-03-12
CUST03626,Chaitanya Mane,gaggarwal@example.net,4444532567,Bangalore,57,2023-04-21
CUST03627,Garima Borra,ambleanjali@example.com,2658216551,Kolkata,41,2023-07-13
CUST03628,Orinder Apte,ambleyauvani@example.net,8764143772,Hyderabad,29,2023-05-04
CUST03629,Eshana Sanghvi,farhanmallick@example.net,+915488107327,Pune,68,2023-09-10
CUST03630,Banjeet Khalsa,csinha@example.org,+911025375933,Pune,47,2023-07-29
CUST03631,Ishwar Palan,merchantanusha@example.org,0746723979,Ahmedabad,19,2024-03-27
CUST03632,Hemang Vohra,gopalbatta@example.com,00595587042,Delhi,48,2023-08-17
CUST03633,Upadhriti Ray,tsridhar@example.org,+915496607028,Delhi,40,2023-12-29
CUST03634,Warhi Datta,ayushpatel@example.com,+912166296682,Ahmedabad,47,2023-10-11
CUST03635,Omkaar Viswanathan,lankaonkar@example.com,5446068895,Bangalore,36,2024-05-29
CUST03636,Madhav Bobal,karnikranbir@example.net,+914421795348,Pune,56,2024-03-10
CUST03637,Zayan Palla,manderdevika@example.com,+914044163166,Surat,26,2024-03-05
CUST03638,Girish Sur,beradavid@example.org,+917904742120,Jaipur,24,2023-09-15
CUST03639,Ansh Prasad,wasoneshana@example.com,0289170888,Hyderabad,70,2023-02-18
CUST03640,Anya Doctor,soodforum@example.org,+918772269667,Delhi,38,2023-06-06
CUST03641,Rajata Bhatia,nairbalendra@example.org,5854914651,Jaipur,59,2023-09-20
CUST03642,Om Choudhry,ridhibhattacharyya@example.net,5261718670,Delhi,68,2024-01-13
CUST03643,Yashasvi Khosla,bdey@example.org,04854713325,Kolkata,52,2023-11-18
CUST03644,Sathvik Kulkarni,kariandrew@example.org,03625691539,Ahmedabad,43,2024-04-22
CUST03645,Abhimanyu Oza,yohannanxalak@example.net,02404661010,Surat,44,2023-09-19
CUST03646,Idika Tripathi,prashadgavin@example.net,3298653661,Chennai,57,2023-07-13
CUST03647,Faraj Bora,dpatil@example.org,04361251426,Chennai,53,2024-04-28
CUST03648,Kalpit Muni,narangnathaniel@example.org,+911933873006,Bangalore,48,2023-03-04
CUST03649,Nathaniel Tiwari,dparmer@example.org,07564108945,Hyderabad,22,2023-04-23
CUST03650,Jonathan Nazareth,abeer37@example.com,09413309845,Pune,31,2023-08-13
CUST03651,Kavya Naik,aadhya22@example.net,01413632558,Surat,45,2024-03-08
CUST03652,Wahab Kakar,tanayapte@example.com,01311137236,Hyderabad,54,2023-10-07
CUST03653,Yasti Gole,kakarkamala@example.net,2211118909,Pune,52,2023-11-16
CUST03654,Yashica Subramaniam,theodorejhaveri@example.org,1389198602,Chennai,29,2023-02-21
CUST03655,Niharika Toor,daramaira@example.org,+915862835880,Delhi,65,2023-08-14
CUST03656,Vedika Sarin,shankarnikita@example.net,09024464423,Surat,49,2024-01-09
CUST03657,Anita Varkey,ayaan92@example.net,00290754224,Delhi,55,2023-11-18
CUST03658,Gautam Mitra,iram@example.net,3639159658,Surat,47,2023-08-20
CUST03659,Anjali Bhagat,anikayohannan@example.com,04536793263,Pune,53,2023-06-02
CUST03660,Sai Bhardwaj,boraurvi@example.com,6614466584,Delhi,70,2024-05-27
CUST03661,Inaya Singhal,bawavasudha@example.org,01140223596,Ahmedabad,29,2023-02-18
CUST03662,Gaurika Pandey,pranavpathak@example.org,4436048848,Kolkata,43,2024-01-09
CUST03663,Dominic Walia,tandonbhavani@example.com,05768263690,Delhi,56,2023-12-29
CUST03664,Vivaan Batta,paninipant@example.net,0774674334,Delhi,61,2024-05-27
CUST03665,Chatresh Nagi,geetika01@example.net,3334317274,Surat,67,2023-12-23
CUST03666,Udarsh Char,wahab40@example.org,01015852632,Hyderabad,38,2023-05-28
CUST03667,Chakradhar Saxena,upasna78@example.net,4620542011,Ahmedabad,59,2023-10-31
CUST03668,Yashvi Ghose,zgala@example.org,4018814977,Mumbai,23,2024-02-11
CUST03669,Falan Thakur,ubikabuch@example.net,01319482882,Chennai,70,2023-10-05
CUST03670,Anamika Kadakia,rachana35@example.com,1886835473,Bangalore,55,2024-04-09
CUST03671,Gaurangi Sharma,mukhopadhyaysanya@example.org,04793198071,Mumbai,66,2023-04-18
CUST03672,Panini Savant,dhillonhritik@example.com,04237399770,Bangalore,60,2023-06-29
CUST03673,Zashil Nayar,nchacko@example.com,03235906328,Bangalore,46,2023-10-01
CUST03674,Harinakshi Lad,baljiwan04@example.org,+910997988576,Jaipur,36,2024-02-05
CUST03675,Nidra Sahni,ksathe@example.org,9278360798,Hyderabad,57,2023-12-10
CUST03676,Qadim Babu,pvaidya@example.net,+918101362408,Surat,46,2024-02-21
CUST03677,Gaurika Doctor,xlal@example.com,04456322505,Chennai,31,2023-07-16
CUST03678,Unnati Vig,xiti80@example.com,5474200289,Pune,37,2024-02-18
CUST03679,Daksha Kant,schandra@example.org,4388013724,Surat,68,2023-12-15
CUST03680,Azad Rau,fnadig@example.org,5375122072,Kolkata,45,2023-03-28
CUST03681,Champak Narayan,lahluwalia@example.org,+914703213378,Pune,23,2024-04-28
CUST03682,Daniel Rama,advaith96@example.com,+919385550793,Surat,18,2023-05-12
CUST03683,Baljiwan Wagle,kabirmistry@example.com,9130610855,Surat,50,2024-01-09
CUST03684,Christopher Mammen,guhanikita@example.com,+916415118222,Hyderabad,26,2023-07-07
CUST03685,Noah Pradhan,brahmbhattatharv@example.org,+912321399285,Kolkata,21,2024-05-24
CUST03686,Barkha Grover,ukaur@example.org,+912149161019,Pune,53,2024-04-01
CUST03687,Udarsh Dhar,acharyafalguni@example.net,08428143519,Mumbai,18,2024-01-04
CUST03688,Upadhriti Yogi,sunderniharika@example.org,+911911543167,Jaipur,70,2024-06-29
CUST03689,Brinda Choudhary,mitralaksh@example.org,04562009832,Pune,25,2024-02-02
CUST03690,Rachita Pillai,samarthshah@example.org,02056567916,Kolkata,19,2023-09-24
CUST03691,Lucky Shetty,anika01@example.org,+915972533249,Chennai,45,2023-09-29
CUST03692,Tara Hora,randhawapavani@example.net,7861920228,Surat,43,2024-01-31
CUST03693,Chakradev Loyal,dhaliwalnetra@example.org,06845015622,Pune,63,2023-08-04
CUST03694,Zarna Contractor,reddyagastya@example.com,09827814705,Hyderabad,43,2024-01-12
CUST03695,Charvi Shenoy,sulemadhav@example.net,+912698153345,Hyderabad,45,2023-06-06
CUST03696,Sathvik Bail,omishasetty@example.net,3310208520,Jaipur,31,2024-01-02
CUST03697,Aarna Nigam,gulatiaarna@example.com,+915856595197,Bangalore,48,2024-02-23
CUST03698,Hemani Banerjee,chaman49@example.net,+910954554912,Bangalore,30,2024-02-27
CUST03699,Elijah Chaudhari,lmane@example.com,02283299587,Jaipur,42,2024-06-24
CUST03700,Nachiket Sarma,akanda@example.com,5509478641,Pune,44,2024-05-01
CUST03701,Om Toor,aryagayathri@example.net,2512118946,Bangalore,36,2023-05-04
CUST03702,Fiyaz Saraf,xpingle@example.com,+916300433590,Bangalore,26,2023-03-24
CUST03703,Chakrika Arya,wpatla@example.com,6941467359,Mumbai,22,2024-06-07
CUST03704,Yamini Hayer,xdixit@example.com,04161656657,Mumbai,27,2023-09-03
CUST03705,Mekhala Kala,leelaparmar@example.com,6171106967,Ahmedabad,60,2023-11-27
CUST03706,Qarin Mand,odubey@example.com,03692851562,Hyderabad,26,2024-02-06
CUST03707,Watika Mane,osem@example.com,+917333601078,Delhi,26,2024-06-01
CUST03708,Leela Bath,tanish45@example.org,+915816549806,Hyderabad,47,2023-04-08
CUST03709,Lavanya Mitra,apuri@example.net,5764603632,Surat,45,2024-05-01
CUST03710,Raagini Ravel,maanastata@example.org,2173665667,Surat,29,2023-06-09
CUST03711,Krishna Basu,fdutt@example.net,02365761476,Ahmedabad,50,2023-09-07
CUST03712,Jagat Saha,ayaan22@example.com,+912349457244,Hyderabad,53,2023-12-09
CUST03713,Tamanna Sani,qarin61@example.com,1099578183,Ahmedabad,42,2023-05-26
CUST03714,Vritti Arora,williamdalia@example.com,06705330851,Pune,32,2023-12-11
CUST03715,Lekha Bhandari,srau@example.org,09895691103,Bangalore,45,2023-02-19
CUST03716,Jagrati Wable,jkala@example.net,0404416166,Surat,18,2023-12-29
CUST03717,Saksham Aggarwal,uiyer@example.com,5396104808,Surat,49,2023-11-22
CUST03718,Divya Sridhar,vedhika58@example.net,00249387138,Chennai,63,2023-12-11
CUST03719,Tara Karpe,baghyawati44@example.com,9057301995,Jaipur,35,2023-04-20
CUST03720,Aradhana Pandit,kvasa@example.com,06636305128,Hyderabad,52,2024-05-19
CUST03721,Rohan Sarma,fkarnik@example.com,+913385683695,Surat,41,2023-09-26
CUST03722,Ishwar Narayan,kibeanamika@example.org,+916292356213,Mumbai,20,2023-06-24
CUST03723,Wriddhish Pingle,xchakrabarti@example.org,+915749213860,Surat,48,2023-08-23
CUST03724,Shravya Deol,jbandi@example.com,06453107690,Pune,25,2023-10-11
CUST03725,Lekha Baria,tshroff@example.com,+915934571615,Surat,48,2024-04-29
CUST03726,Samuel Korpal,abahl@example.net,+910132312303,Delhi,27,2024-05-05
CUST03727,Nathaniel Sane,ridhi30@example.net,+916903503420,Jaipur,66,2023-09-02
CUST03728,Aditya Maharaj,bishakhanarayanan@example.org,1688392114,Kolkata,47,2024-03-16
CUST03729,Warhi Pal,mkaur@example.net,4667668293,Jaipur,23,2023-03-12
CUST03730,Vinaya Joshi,patwal@example.net,07464385088,Jaipur,57,2024-04-16
CUST03731,Shravya Balasubramanian,amaira55@example.com,+918358874210,Delhi,33,2023-12-02
CUST03732,Chaitanya Pall,tamanna94@example.net,9830186080,Ahmedabad,58,2024-03-07
CUST03733,Jhalak Kannan,jalsaprashad@example.com,00042709839,Delhi,61,2024-06-20
CUST03734,Bishakha Vora,ronith38@example.net,+915363471678,Jaipur,69,2023-03-05
CUST03735,David Padmanabhan,zashil52@example.net,+915824914808,Surat,37,2023-09-26
CUST03736,Oscar Chatterjee,guneetbaral@example.com,7686946184,Surat,21,2024-04-13
CUST03737,Ekantika Tara,ladhemang@example.net,08741056632,Pune,52,2023-09-08
CUST03738,Aradhana Sampath,azadgole@example.com,7865357866,Mumbai,48,2023-08-28
CUST03739,Pooja Bala,maanavchar@example.org,2458615479,Ahmedabad,50,2023-11-30
CUST03740,Alka Chaudhuri,dominic99@example.com,3276289082,Ahmedabad,54,2024-05-18
CUST03741,Imaran Bala,omya02@example.org,+919804732722,Pune,44,2023-06-30
CUST03742,Diya Zachariah,chauhanpooja@example.org,09697185114,Pune,69,2024-01-15
CUST03743,Riya Shroff,rajagopalansamaksh@example.org,5938096278,Kolkata,36,2024-02-25
CUST03744,Girik Vasa,galavihaan@example.net,4402608358,Bangalore,20,2024-05-09
CUST03745,Baghyawati Kala,dalaja08@example.com,4204954928,Surat,65,2023-10-20
CUST03746,Harinakshi Sant,omutti@example.net,06881453924,Kolkata,64,2024-03-29
CUST03747,Samaksh Suresh,raghavghose@example.com,4081944489,Surat,34,2024-06-10
CUST03748,Arjun Verma,logan73@example.com,9192157864,Mumbai,58,2024-02-02
CUST03749,Rachita Buch,advikmunshi@example.org,8700190624,Ahmedabad,55,2023-09-15
CUST03750,Max Bhatti,maxpandit@example.com,+914437629206,Bangalore,54,2023-09-11
CUST03751,Abha Peri,ysalvi@example.com,+913707010955,Mumbai,60,2023-10-14
CUST03752,Vivaan Tripathi,hemasethi@example.net,03711718569,Kolkata,69,2023-04-07
CUST03753,Urmi Buch,ynarasimhan@example.net,+915891862393,Surat,19,2023-10-05
CUST03754,Dakshesh Thakur,kbir@example.com,01562100047,Kolkata,49,2024-02-03
CUST03755,Bishakha Basu,bnarasimhan@example.net,09003708614,Delhi,26,2023-09-13
CUST03756,Fitan Bhagat,triptimemon@example.org,+917837623147,Jaipur,22,2023-02-15
CUST03757,Madhav Ramesh,prabhakarniharika@example.net,2926692362,Kolkata,34,2023-03-11
CUST03758,Vincent Mann,harshkrishnamurthy@example.net,7630298628,Bangalore,57,2023-04-09
CUST03759,Saksham Dar,iverma@example.com,+915913582637,Kolkata,35,2024-05-14
CUST03760,Sanya Vohra,chamelinarula@example.net,1987813391,Kolkata,18,2024-03-15
CUST03761,Rudra De,umanggoswami@example.net,7541387055,Delhi,56,2023-07-06
CUST03762,Avi Nayak,vedika55@example.org,+914136907024,Bangalore,55,2023-12-03
CUST03763,Arunima Cheema,singhalguneet@example.com,7896753600,Bangalore,60,2023-07-01
CUST03764,Daksha Oommen,imanda@example.com,03737326953,Ahmedabad,41,2023-09-27
CUST03765,Devika Mahal,kdara@example.org,09514369200,Bangalore,34,2023-12-01
CUST03766,Hiral Vaidya,warinder40@example.org,7089538970,Chennai,49,2024-05-30
CUST03767,Bakhshi Bose,wakeetaluthra@example.net,6782637692,Bangalore,69,2023-06-25
CUST03768,Abeer Narayanan,isaacbajaj@example.com,4794050515,Jaipur,20,2023-12-04
CUST03769,Nilima Bhat,gangasaini@example.net,+917061050091,Pune,23,2023-10-15
CUST03770,Januja Konda,jdixit@example.org,07408988479,Bangalore,56,2023-09-23
CUST03771,Falan Dalal,bina51@example.com,03398288367,Bangalore,49,2024-06-13
CUST03772,Tamanna Krishnan,sagarlaksh@example.net,7571988723,Hyderabad,67,2023-03-11
CUST03773,Harita Palan,pray@example.org,05841300932,Hyderabad,33,2023-05-06
CUST03774,Brinda Ratti,anthonysalvi@example.net,07298361941,Ahmedabad,64,2024-02-11
CUST03775,Pratyush Thakur,nehajaggi@example.net,0264928031,Bangalore,31,2023-08-06
CUST03776,Omkaar Sankar,frederick77@example.org,2578363681,Surat,64,2023-04-18
CUST03777,Eshana Kannan,falakdevi@example.com,+910118123073,Pune,21,2023-11-04
CUST03778,Faraj Dhar,gagandeshpande@example.com,3652101074,Kolkata,66,2023-07-30
CUST03779,Ijaya Behl,buchekalinga@example.net,7158085111,Delhi,21,2024-04-09
CUST03780,Arin Mitter,gandhineel@example.net,00112875082,Bangalore,47,2023-08-30
CUST03781,Robert Bhakta,jkoshy@example.org,09914937191,Hyderabad,48,2023-02-28
CUST03782,Indrajit Mitter,kumerlakshmi@example.net,8175610958,Kolkata,48,2023-06-07
CUST03783,Wriddhish Nori,duttaunni@example.com,+916247990523,Jaipur,32,2024-01-22
CUST03784,Vamakshi Nazareth,boaseveda@example.net,+915636405858,Hyderabad,61,2023-11-17
CUST03785,Kamya Palla,fsoman@example.com,+917757662710,Hyderabad,48,2024-04-16
CUST03786,Harshil Bandi,orinder03@example.org,03538682815,Kolkata,27,2023-12-23
CUST03787,Ansh Andra,hrajagopalan@example.com,0085347550,Jaipur,45,2024-02-23
CUST03788,Hardik Kuruvilla,damini39@example.com,06926626395,Mumbai,36,2023-04-02
CUST03789,Vedant Warrior,ranbirmammen@example.net,4155299277,Ahmedabad,42,2023-10-07
CUST03790,Gaurav Gupta,nisha16@example.org,+911311378718,Pune,51,2023-10-08
CUST03791,Noah Khurana,bhandarishravya@example.com,+915840090625,Mumbai,24,2023-02-26
CUST03792,Nilima Rajagopalan,vaggarwal@example.org,08902552889,Jaipur,58,2023-09-29
CUST03793,Adya Bal,qapte@example.org,0241617723,Pune,45,2024-06-02
CUST03794,Veer Balay,narasimhanudarsh@example.org,+911925186470,Surat,59,2023-06-22
CUST03795,Eesha Bath,samarthbutala@example.org,04471565037,Kolkata,39,2023-04-03
CUST03796,Advaith Sule,yutika38@example.org,08201202152,Kolkata,35,2023-09-04
CUST03797,Chanakya Sule,ksodhi@example.com,7571869725,Delhi,34,2023-02-20
CUST03798,Rajata Shukla,pallavioommen@example.net,09492315110,Surat,43,2024-04-28
CUST03799,Wakeeta Vala,farhankari@example.com,01909366176,Ahmedabad,67,2023-08-13
CUST03800,Yashvi Khatri,bpurohit@example.com,+917125507584,Chennai,64,2023-11-28
CUST03801,Varenya Wason,onilata@example.org,3444340288,Surat,67,2023-07-31
CUST03802,Frado Bhalla,gsethi@example.com,06635790381,Chennai,51,2023-11-11
CUST03803,Neel Bhat,sibalsamar@example.net,6543701126,Pune,61,2024-03-27
CUST03804,Tripti Deshpande,adwetasaxena@example.com,+919348776013,Bangalore,38,2023-04-05
CUST03805,Karan Lal,rudra11@example.com,01826522710,Jaipur,18,2023-09-03
CUST03806,Nimrat Sampath,aparikh@example.com,4042910374,Mumbai,22,2023-12-03
CUST03807,Rishi Samra,janani67@example.org,+911249876415,Mumbai,44,2023-08-08
CUST03808,Jairaj Kota,chackoyug@example.net,08390282976,Delhi,51,2023-10-15
CUST03809,Pranav Babu,xchad@example.net,+913503366894,Delhi,61,2024-03-31
CUST03810,Lohit Talwar,poojasoni@example.com,04732457195,Ahmedabad,40,2024-06-05
CUST03811,Anika Saran,vamakshi27@example.net,00412817717,Chennai,64,2023-03-30
CUST03812,Anita Mukherjee,raghavradhakrishnan@example.org,+914700429554,Kolkata,34,2024-06-25
CUST03813,Jack Gandhi,bansalridhi@example.org,+916808068242,Chennai,20,2023-06-16
CUST03814,Raksha Ramanathan,mnagarajan@example.org,9983918759,Mumbai,57,2023-11-28
CUST03815,Yadavi Wagle,jackson94@example.net,+914641188034,Delhi,21,2023-09-02
CUST03816,Andrew Sami,samitanish@example.net,07381063707,Surat,60,2023-05-08
CUST03817,Balhaar Datta,mayabhattacharyya@example.com,+914054649859,Chennai,56,2023-02-23
CUST03818,Vamakshi Palan,dayamaibhat@example.net,+911755049357,Delhi,63,2023-11-15
CUST03819,Girik Dora,bsunder@example.org,5338792839,Delhi,23,2023-05-08
CUST03820,Mitesh Khosla,buchvritti@example.com,0074326284,Surat,26,2023-05-30
CUST03821,Vidhi Rajagopalan,kalaekaja@example.com,02944247222,Hyderabad,60,2024-05-12
CUST03822,Varenya Dixit,yashkanda@example.com,3260322275,Surat,69,2023-08-20
CUST03823,Irya Wable,dalajamagar@example.net,+917309818192,Bangalore,25,2023-07-08
CUST03824,Ati Choudhary,rajeshrikara@example.com,7522883209,Bangalore,34,2023-06-03
CUST03825,Adweta Banik,godavihaan@example.com,07851455494,Kolkata,47,2023-07-05
CUST03826,Lohit Sheth,vrindadin@example.com,3233483375,Delhi,58,2023-08-19
CUST03827,Theodore Tailor,george39@example.org,+911653126456,Ahmedabad,35,2024-01-28
CUST03828,Sai Pandey,wbanerjee@example.com,+917159183333,Hyderabad,62,2023-08-16
CUST03829,Kamya Nayar,dassamesh@example.com,4103411373,Pune,34,2024-04-01
CUST03830,Arjun Dave,azadchacko@example.com,+918226068686,Bangalore,67,2023-09-12
CUST03831,Vasana Babu,imander@example.net,03998756819,Delhi,35,2023-05-09
CUST03832,Faris Chadha,davedalaja@example.net,3835093275,Mumbai,42,2023-05-19
CUST03833,Bimala Tella,rhalder@example.net,+910130653323,Hyderabad,39,2023-12-12
CUST03834,Ekavir Chaudhari,trai@example.net,+911516446592,Mumbai,34,2023-05-20
CUST03835,Kavya Sodhi,rachanabahl@example.org,0047032260,Kolkata,29,2024-02-21
CUST03836,Ranveer Buch,amarasharaf@example.org,+910538889312,Ahmedabad,22,2023-12-23
CUST03837,Deepa Magar,yadavidhillon@example.org,6160109728,Ahmedabad,30,2023-12-23
CUST03838,Onveer Biswas,girindrabaral@example.org,01060978497,Surat,43,2024-01-19
CUST03839,Mohammed Bandi,rshankar@example.com,03100945319,Bangalore,59,2024-02-13
CUST03840,Liam Desai,leelanarain@example.net,+912714725076,Ahmedabad,24,2024-03-27
CUST03841,Vedant Datta,cpradhan@example.net,4448317493,Bangalore,52,2024-06-26
CUST03842,Ethan Rao,sarinyauvani@example.com,6307372257,Hyderabad,31,2023-08-19
CUST03843,Wridesh Rau,jagatsawhney@example.org,+913898810295,Surat,59,2024-04-02
CUST03844,Oscar Joshi,gayathriwagle@example.com,+913422342264,Delhi,46,2023-03-23
CUST03845,Aarna Maharaj,rehaanahluwalia@example.com,06577606125,Kolkata,24,2024-06-21
CUST03846,Aarna Khanna,orinder10@example.net,03988939031,Mumbai,22,2023-09-19
CUST03847,Advika Ramakrishnan,avarughese@example.org,08748511766,Delhi,54,2023-04-11
CUST03848,Vyanjana Prashad,tanmayi66@example.com,09265902827,Kolkata,67,2024-04-11
CUST03849,Chameli Roy,qadim54@example.com,06344782001,Ahmedabad,19,2023-05-20
CUST03850,Yasti Kota,nathaniel81@example.org,02420465352,Ahmedabad,27,2023-03-18
CUST03851,David Nazareth,ydesai@example.com,09830020304,Mumbai,20,2023-05-20
CUST03852,Vedika Sheth,balageorge@example.org,+915323884099,Hyderabad,35,2023-08-02
CUST03853,Advaith Sanghvi,vedikadas@example.net,+910631985448,Bangalore,62,2023-03-12
CUST03854,Shivani Raj,rachita29@example.net,+916516512654,Pune,43,2024-05-17
CUST03855,Vasudha Barad,nitesh14@example.org,02387787000,Surat,18,2023-11-25
CUST03856,Anika Pal,raysamesh@example.com,7633812354,Jaipur,63,2024-06-02
CUST03857,Tanish Sani,ramaswamymohammed@example.org,+917602070737,Ahmedabad,48,2023-06-12
CUST03858,Oni Yadav,khuranagautam@example.com,7607904660,Hyderabad,43,2023-03-07
CUST03859,Warjas Bhattacharyya,raghav44@example.net,9161590287,Delhi,52,2023-12-16
CUST03860,Omaja Ghose,ektanayar@example.com,04194508906,Chennai,18,2023-08-25
CUST03861,Ojasvi Kaul,agastya91@example.net,01693133363,Hyderabad,62,2023-07-09
CUST03862,Azaan Luthra,ranbirgokhale@example.net,04445816494,Ahmedabad,25,2023-09-10
CUST03863,Falguni Dugar,ucomar@example.net,+915674079491,Surat,52,2023-09-21
CUST03864,Pallavi Babu,dewanhemangini@example.com,+916029822489,Pune,39,2024-05-06
CUST03865,Ekalinga Muni,abehl@example.com,09650002197,Kolkata,43,2023-12-22
CUST03866,Chavvi Saxena,mukherjeenimrat@example.net,+911656124662,Mumbai,58,2023-07-30
CUST03867,Devansh Dhaliwal,ekalinga62@example.net,0261422847,Delhi,41,2023-07-07
CUST03868,Hemangini Das,pahalwable@example.org,4804463580,Jaipur,39,2024-03-30
CUST03869,Shivani Devan,sekhonharsh@example.com,+911212905888,Delhi,47,2023-07-09
CUST03870,Mahika Ganguly,fkade@example.org,4946078182,Kolkata,59,2023-12-23
CUST03871,Ikbal Keer,nihal22@example.net,+911142311547,Chennai,29,2024-03-30
CUST03872,Abhiram Kurian,farhanghosh@example.org,00539543284,Jaipur,20,2023-08-06
CUST03873,Kalpit Kadakia,gvig@example.com,+911074914876,Hyderabad,60,2024-04-07
CUST03874,Riya Kalla,ahujaojas@example.org,+918870698329,Chennai,37,2023-04-28
CUST03875,Daksh Buch,purohitorinder@example.net,+911680732819,Hyderabad,24,2023-10-04
CUST03876,Azad Sha,edoctor@example.net,9066505655,Pune,49,2023-06-10
CUST03877,Chandresh Doctor,ftailor@example.com,+917277539954,Delhi,58,2024-04-29
CUST03878,Priya Chandra,zacharianiharika@example.net,1421859293,Ahmedabad,65,2023-03-10
CUST03879,Chakrika Maharaj,nakshlata@example.com,9761661185,Chennai,26,2023-10-04
CUST03880,Girik Bahri,darpansoman@example.org,08665571955,Mumbai,30,2023-10-13
CUST03881,Rayaan Lanka,karpeomya@example.com,+917673727259,Mumbai,64,2024-03-20
CUST03882,Mitali Halder,theodore12@example.org,5100999129,Surat,33,2024-04-21
CUST03883,Anjali Virk,nchandra@example.net,+911035807710,Ahmedabad,42,2024-05-07
CUST03884,Ojas Bhardwaj,harita93@example.net,09596384535,Delhi,68,2024-02-13
CUST03885,Ishaan Sahni,mghose@example.net,0037363757,Jaipur,59,2024-05-26
CUST03886,Zarna Boase,devansh80@example.net,07833682614,Kolkata,49,2024-01-27
CUST03887,Mekhala Lalla,janya75@example.org,+910026689742,Jaipur,69,2023-10-09
CUST03888,Ekavir Mahajan,godakashish@example.com,+919165397944,Ahmedabad,19,2023-09-28
CUST03889,Dominic Nath,hsahni@example.com,2725452832,Mumbai,39,2023-07-01
CUST03890,Raghav Bali,deshpandeneel@example.net,4397150102,Mumbai,39,2024-04-09
CUST03891,Chanchal D’Alia,kalpit90@example.org,4017749192,Mumbai,43,2024-05-24
CUST03892,Logan Merchant,gunbir10@example.net,6702491169,Delhi,31,2024-04-22
CUST03893,Chanchal Shankar,asheth@example.org,7467930721,Jaipur,47,2024-05-28
CUST03894,Parth Borah,vedabala@example.net,+916846428734,Jaipur,27,2023-08-15
CUST03895,Lila Halder,yochana73@example.org,+911354925867,Surat,32,2023-06-30
CUST03896,Bina Muni,jagdishjha@example.org,1561368233,Delhi,20,2024-06-18
CUST03897,Bakhshi Manne,haggarwal@example.com,07407248018,Bangalore,49,2023-10-11
CUST03898,Harsh Sura,zachariahaachal@example.net,+915277115275,Mumbai,48,2024-02-01
CUST03899,Samarth Sandal,kharerachit@example.org,00632236281,Surat,20,2024-01-02
CUST03900,Fariq Chawla,kalaatharv@example.com,+916619671979,Chennai,62,2024-06-07
CUST03901,Raksha Viswanathan,raioscar@example.com,07141682659,Bangalore,18,2023-10-18
CUST03902,Sai Kale,indrajitdevi@example.com,+912151970962,Bangalore,58,2023-10-01
CUST03903,Pushti Soman,zayyandoctor@example.net,02678617840,Mumbai,37,2023-07-25
CUST03904,Isaiah Dave,reddyhitesh@example.org,6873701449,Delhi,47,2024-01-19
CUST03905,Veda Chaudhuri,jeremiah78@example.org,2598339919,Surat,28,2023-10-18
CUST03906,Oni Thaker,klata@example.org,01126109128,Surat,22,2024-02-06
CUST03907,Vidhi Murty,mpanchal@example.net,8376732642,Delhi,25,2023-09-20
CUST03908,Shivani Savant,ayaanchahal@example.com,+913527943407,Ahmedabad,56,2023-03-21
CUST03909,Lucky Sundaram,qsarin@example.com,4860564131,Surat,32,2024-02-04
CUST03910,Neelima Ramaswamy,dubewarhi@example.org,4513560990,Delhi,69,2023-03-23
CUST03911,Zinal Atwal,dbora@example.com,5950363262,Chennai,45,2024-06-19
CUST03912,Ekantika Bains,chaaya32@example.org,6027846240,Pune,69,2023-08-20
CUST03913,Siya Nayak,ishanvi87@example.net,+912307105640,Hyderabad,38,2024-02-20
CUST03914,Shivani Mody,pradhanlekha@example.com,5240874155,Delhi,61,2024-06-24
CUST03915,Sudiksha Narula,qsachdeva@example.com,6392148196,Surat,52,2023-07-19
CUST03916,David Mandal,nandinipau@example.com,5191600222,Bangalore,38,2023-09-15
CUST03917,Pahal Tailor,oshaprashad@example.org,03417814808,Chennai,66,2023-12-17
CUST03918,Jalsa Raja,misranikita@example.net,+911193687574,Mumbai,55,2024-06-23
CUST03919,Oscar Trivedi,fsangha@example.org,4447186941,Bangalore,39,2023-06-07
CUST03920,Aachal Bansal,tripathinikita@example.org,8355714270,Delhi,25,2023-12-05
CUST03921,Fiyaz Goswami,doragautami@example.net,5353241266,Kolkata,27,2023-09-03
CUST03922,Chakradev Sandal,manya60@example.net,+912885411112,Hyderabad,28,2023-02-27
CUST03923,Bahadurjit Dubey,vchana@example.com,02771410452,Pune,53,2024-04-27
CUST03924,Niharika Mannan,gtripathi@example.org,0495260518,Bangalore,46,2024-06-09
CUST03925,Leena Malhotra,jaggivedika@example.org,1122314488,Chennai,55,2023-09-05
CUST03926,Ojasvi Sampath,gilleesha@example.com,08599752657,Mumbai,26,2023-03-04
CUST03927,Hiral Roy,bimalamander@example.org,+919081160962,Delhi,68,2023-12-19
CUST03928,Eta Saraf,hayerlavanya@example.org,01003749212,Surat,42,2024-06-27
CUST03929,Yauvani Raju,bawawatika@example.com,5715556239,Bangalore,19,2024-01-22
CUST03930,Omaja More,vbhatnagar@example.com,07859095198,Ahmedabad,23,2024-05-22
CUST03931,Dhriti Bhat,krisha03@example.org,06251031530,Mumbai,18,2023-10-27
CUST03932,William Karan,gabaanya@example.com,07696887064,Bangalore,23,2023-03-30
CUST03933,Dominic Amble,kdugal@example.net,6722485515,Surat,36,2024-04-12
CUST03934,Balendra Jain,samaksh49@example.org,01003570583,Hyderabad,62,2024-01-07
CUST03935,Avni Konda,fmane@example.com,+916368539928,Ahmedabad,62,2023-09-01
CUST03936,Keya Kaul,fariq15@example.org,06416506433,Bangalore,31,2024-04-06
CUST03937,Hemani Merchant,ravalpavani@example.com,+914826827256,Bangalore,58,2024-03-02
CUST03938,Yug Bansal,divanmohammed@example.com,+911771553673,Kolkata,51,2023-04-10
CUST03939,Bina Dugar,chawlahema@example.org,+919269360997,Ahmedabad,44,2023-03-04
CUST03940,Kamala Patla,kaulgirik@example.org,+919868863594,Chennai,29,2023-04-04
CUST03941,Aditya Sodhi,kritika74@example.com,+917709642256,Surat,62,2023-05-28
CUST03942,Ekansh Saran,issacimaran@example.org,+919144238145,Mumbai,56,2024-04-11
CUST03943,Yash Devi,gmagar@example.com,06422559227,Bangalore,63,2023-03-22
CUST03944,Aditya Singhal,anvi11@example.com,8629783284,Ahmedabad,57,2023-07-25
CUST03945,Noah Dash,zsaraf@example.org,00098936870,Delhi,58,2023-03-18
CUST03946,Faqid Pillai,waliaaishani@example.net,04400054312,Kolkata,40,2023-04-17
CUST03947,Chandani Grewal,nachiketsathe@example.org,04503893476,Hyderabad,18,2024-01-07
CUST03948,Qadim Guha,eiravatiiyengar@example.net,07422671648,Jaipur,33,2023-06-21
CUST03949,Jairaj Mangat,bhavini62@example.com,+915538555885,Chennai,25,2024-06-22
CUST03950,David Kannan,urmi74@example.com,9958539111,Jaipur,24,2023-06-05
CUST03951,Sarthak Dhillon,grewalhenry@example.com,+917625197310,Surat,41,2023-04-28
CUST03952,Tejas Chandra,rajeshrinanda@example.org,8100749888,Jaipur,50,2023-10-12
CUST03953,Ishani Kumer,balhaar43@example.net,+910866658153,Chennai,47,2023-12-22
CUST03954,Nachiket Dhingra,wrideshkade@example.com,06954946592,Chennai,35,2023-02-20
CUST03955,Janaki Behl,jkala@example.com,09162907726,Mumbai,30,2023-12-14
CUST03956,Quincy Kade,balveerravel@example.com,+917250701200,Delhi,68,2024-04-17
CUST03957,Chakradev Soni,zilmil82@example.org,+917248599317,Bangalore,61,2023-10-29
CUST03958,Yashasvi Sinha,rjha@example.org,03867677037,Ahmedabad,49,2024-05-05
CUST03959,Riya Ravel,jdhaliwal@example.org,+916719994650,Bangalore,28,2023-03-29
CUST03960,Gayathri Subramanian,owenhegde@example.net,4970834062,Mumbai,21,2023-08-21
CUST03961,Vincent Randhawa,dayamai14@example.net,07745994188,Pune,36,2023-06-07
CUST03962,David Hans,anmolsarna@example.net,04481755253,Chennai,45,2023-12-12
CUST03963,Qabil Panchal,lakshit50@example.org,+910897376027,Kolkata,39,2024-06-11
CUST03964,Daksh Issac,kiaancomar@example.net,08363039285,Surat,69,2023-11-03
CUST03965,Udyati Madan,leenabajaj@example.com,9883362817,Ahmedabad,20,2024-02-16
CUST03966,Abeer Sant,memonucchal@example.org,8806951319,Delhi,65,2023-04-15
CUST03967,Nihal Ray,xiyer@example.org,04686386461,Mumbai,52,2023-03-15
CUST03968,Hardik Garg,mshan@example.com,1765589882,Bangalore,28,2023-06-03
CUST03969,Nimrat Dhillon,sbanerjee@example.net,+914185623338,Mumbai,49,2024-04-11
CUST03970,Imaran Ratti,lgola@example.org,+913724709419,Jaipur,25,2024-06-21
CUST03971,Rohan Ben,umishra@example.com,+919003592057,Delhi,33,2024-01-04
CUST03972,Ronith Deep,ojasvikhurana@example.net,+913078371642,Ahmedabad,55,2024-02-13
CUST03973,Neha Chaudhuri,irasuresh@example.net,1233160308,Surat,38,2024-02-06
CUST03974,Kamya Rau,fariqchahal@example.com,+912153080402,Hyderabad,30,2023-10-01
CUST03975,Ekbal Shukla,kchaudhuri@example.net,9332345422,Pune,32,2024-02-29
CUST03976,Frederick Sood,hvarughese@example.com,+911427656570,Delhi,38,2023-10-11
CUST03977,Ekansh Kumar,regetejas@example.com,+912142106114,Chennai,24,2024-04-28
CUST03978,Madhavi Mandal,geetika82@example.org,+919412445161,Chennai,65,2024-06-23
CUST03979,Nikita Natarajan,ucchalagate@example.net,+913879832323,Hyderabad,30,2024-02-06
CUST03980,Ria Bakshi,samar42@example.com,1701358812,Hyderabad,32,2023-04-14
CUST03981,Inaya Desai,zaid08@example.com,+913016188041,Delhi,48,2023-04-06
CUST03982,Dominic De,ddas@example.net,0610296746,Surat,49,2024-04-20
CUST03983,Reva Vaidya,haribhavani@example.net,+911639348355,Mumbai,45,2023-09-23
CUST03984,Harita Sarraf,vinaya17@example.com,+915564896432,Bangalore,31,2023-04-29
CUST03985,Manya Raju,hredhaanwalla@example.net,+915899609932,Surat,47,2023-08-27
CUST03986,Rohan Ben,raaginidugar@example.org,08240152173,Bangalore,42,2023-11-11
CUST03987,Ekansh Vig,vkhare@example.org,2471525899,Pune,26,2024-06-25
CUST03988,Vaishnavi Kaur,guptaharshil@example.com,7281885840,Ahmedabad,64,2023-09-30
CUST03989,Veer Butala,pantsara@example.net,+914698675897,Chennai,58,2023-03-15
CUST03990,Bhavini Doshi,waidabaral@example.net,5577200536,Pune,35,2024-03-10
CUST03991,Rachana Mahajan,dhritikorpal@example.net,+910187767129,Chennai,39,2023-06-28
CUST03992,Faraj Boase,timothy09@example.org,+917073662062,Bangalore,20,2023-10-20
CUST03993,Arya Sha,sanghviupma@example.com,00716239252,Surat,21,2023-09-19
CUST03994,Janya Natarajan,cnigam@example.com,8112005655,Kolkata,26,2023-08-06
CUST03995,Chanakya Krishnan,subramaniamarunima@example.org,9387270759,Delhi,47,2024-02-09
CUST03996,Indira Goda,oliver38@example.com,08232890171,Ahmedabad,44,2023-03-03
CUST03997,Vidhi Vohra,dasraagini@example.net,3839543457,Bangalore,66,2024-01-28
CUST03998,Kiaan Mane,kamdaryashica@example.com,+915887049193,Pune,32,2024-03-26
CUST03999,Theodore Dayal,rehaannarain@example.org,5096233440,Kolkata,56,2024-01-18
CUST04000,Wahab Kibe,shivanshsehgal@example.net,7335805829,Bangalore,68,2023-12-26
CUST04001,Yahvi Bir,zansi80@example.com,5155674642,Surat,28,2024-04-13
CUST04002,Turvi Issac,baradojasvi@example.org,04704870428,Surat,53,2024-05-17
CUST04003,Anika Zachariah,dhaliwalbishakha@example.net,07633779938,Chennai,23,2023-02-22
CUST04004,Saumya Baria,kohliaditya@example.org,06049191799,Hyderabad,51,2023-10-06
CUST04005,Tamanna Sem,harishbahri@example.net,+912713622557,Ahmedabad,31,2023-11-01
CUST04006,Aditya Krish,kabirdesai@example.org,+913886918660,Surat,48,2024-04-30
CUST04007,Darika Buch,warhi24@example.org,08584536981,Ahmedabad,35,2023-12-24
CUST04008,Ryan More,patlatristan@example.com,04923081079,Mumbai,64,2023-12-03
CUST04009,Anamika Pandya,eparmar@example.org,0726745339,Hyderabad,65,2023-08-20
CUST04010,Farhan Sastry,gopalvasana@example.org,02273722638,Chennai,33,2024-06-05
CUST04011,Upadhriti Choudhary,mbhatnagar@example.net,+915817810524,Pune,45,2024-01-02
CUST04012,Advik Guha,sudiksha83@example.com,02113579614,Surat,32,2024-06-10
CUST04013,Arin Bhasin,tanvi99@example.com,8431522791,Surat,27,2023-04-09
CUST04014,Dalaja Saran,harita06@example.com,+910200686523,Surat,18,2023-05-02
CUST04015,Laban Bains,nathaniel24@example.com,+914284850136,Hyderabad,20,2023-10-13
CUST04016,Gayathri Bahri,lohitbera@example.org,5875219326,Mumbai,48,2023-12-14
CUST04017,Keya Mohan,hardikbahri@example.org,1209765835,Jaipur,20,2023-10-18
CUST04018,Pallavi Deshpande,vermaorinder@example.com,9793483294,Hyderabad,51,2023-11-01
CUST04019,Alka Dhaliwal,nthakkar@example.org,+917501775475,Hyderabad,48,2023-03-01
CUST04020,Omya Varma,parmartanvi@example.org,06409680120,Delhi,46,2023-02-22
CUST04021,Jairaj Sharma,mohantysaanvi@example.com,09544088885,Ahmedabad,33,2024-05-02
CUST04022,Vritti Gaba,jayaramanavi@example.com,+918084829604,Delhi,53,2023-09-12
CUST04023,Xalak Kata,thomas22@example.org,06343976825,Mumbai,62,2023-04-18
CUST04024,Yashica Chandran,baghyawati74@example.org,2995575538,Hyderabad,31,2023-06-08
CUST04025,Rajata Padmanabhan,ekbal39@example.org,04432979202,Bangalore,40,2024-05-07
CUST04026,Quincy Dasgupta,wahabsethi@example.net,+913228889702,Kolkata,33,2024-06-27
CUST04027,Azaan Bhardwaj,liam06@example.org,+918410697775,Delhi,19,2023-05-18
CUST04028,Xavier Ramaswamy,vedasinghal@example.org,04217857228,Ahmedabad,60,2024-02-10
CUST04029,Amara Kapoor,cchakraborty@example.net,02380869191,Kolkata,28,2023-11-02
CUST04030,Urvi Mistry,forum27@example.com,3700410233,Ahmedabad,54,2024-04-13
CUST04031,Kritika Mangat,biswasmanya@example.net,+917703893136,Surat,19,2024-01-08
CUST04032,Yagnesh Sankaran,shravya16@example.net,9729319010,Ahmedabad,47,2024-05-17
CUST04033,Ira Magar,prasadvedhika@example.com,08703817174,Bangalore,63,2023-10-14
CUST04034,Urvi Gopal,luckyvora@example.com,+913736230576,Hyderabad,29,2023-04-29
CUST04035,Turvi Ganesan,mray@example.org,+918585218625,Pune,58,2023-06-04
CUST04036,Madhavi Kala,vyanjana42@example.org,03490934269,Ahmedabad,63,2024-03-08
CUST04037,Timothy Mohanty,chandani83@example.org,01054589601,Mumbai,58,2023-12-09
CUST04038,Vritti Gara,utata@example.net,06807345710,Delhi,42,2023-10-04
CUST04039,Yochana Bains,upandey@example.org,+916472231464,Pune,51,2024-03-16
CUST04040,Max Arya,wrana@example.com,6675813434,Mumbai,36,2024-01-27
CUST04041,Riya Rai,vincentranganathan@example.net,9663786120,Hyderabad,66,2024-04-10
CUST04042,Wakeeta Taneja,usubramaniam@example.net,00495069251,Kolkata,62,2024-02-24
CUST04043,Gabriel Palan,pushti52@example.net,+917813624804,Surat,52,2023-09-19
CUST04044,Theodore Issac,harinakshibhagat@example.org,7862631413,Surat,68,2023-07-22
CUST04045,Reyansh Seshadri,finn41@example.org,+911190677368,Chennai,68,2023-07-23
CUST04046,Suhani Mukherjee,hsagar@example.org,05849738400,Delhi,57,2023-11-01
CUST04047,David Parikh,gavinganesh@example.com,+917667861986,Pune,65,2024-03-01
CUST04048,Bimala Pandit,yagneshvarughese@example.org,03310747603,Mumbai,50,2023-03-28
CUST04049,Sachi Shankar,jhalakkoshy@example.org,6414412757,Pune,21,2024-03-29
CUST04050,Parth Shankar,daksheshhegde@example.com,+915120987554,Delhi,42,2024-05-27
CUST04051,Wishi Bhalla,mangatvaishnavi@example.com,8701280870,Pune,47,2023-05-20
CUST04052,Jai Ramanathan,omyaborah@example.org,+910830153527,Surat,20,2024-06-17
CUST04053,Chakradev Narain,gbarad@example.net,03841962841,Pune,41,2024-03-26
CUST04054,Adya Sarna,lopa90@example.net,07923218395,Bangalore,59,2023-10-12
CUST04055,Ronith Wadhwa,ranveernarang@example.com,+914195178631,Jaipur,63,2023-11-13
CUST04056,Ubika Vasa,apau@example.net,09673799568,Delhi,53,2023-11-01
CUST04057,Zarna Naidu,wsarin@example.org,+916348786480,Chennai,26,2023-04-16
CUST04058,Jackson Chander,liam64@example.org,0220583595,Pune,33,2023-12-29
CUST04059,Udant Pal,krishaghose@example.net,03827606706,Jaipur,25,2023-04-27
CUST04060,Faris Sinha,netrachaudhari@example.org,8095606993,Ahmedabad,65,2024-02-12
CUST04061,Lakshit Hari,sswaminathan@example.org,05401973111,Surat,62,2024-03-06
CUST04062,Lucky Shetty,pranavcomar@example.com,+911741993892,Chennai,66,2024-01-11
CUST04063,Udarsh Mallick,nayakmegha@example.org,04692326624,Chennai,38,2023-04-30
CUST04064,Krisha Kapoor,senaradhana@example.org,6633891228,Pune,35,2024-04-29
CUST04065,Aditya Goyal,urmibhakta@example.net,6093141733,Jaipur,61,2023-08-27
CUST04066,Vivaan Kalla,gavinkurian@example.com,4975152385,Hyderabad,35,2023-11-22
CUST04067,Matthew Pall,rajatanmayi@example.net,+913223709031,Mumbai,22,2023-06-13
CUST04068,Devika Manne,advaithchacko@example.com,3395833265,Pune,40,2023-03-04
CUST04069,Jacob Ghosh,tiwaridarika@example.net,9364590300,Ahmedabad,49,2023-08-26
CUST04070,Samaksh Mander,ybaral@example.net,+916561217472,Jaipur,51,2024-06-28
CUST04071,Pranit Kakar,balvan68@example.net,7727538668,Delhi,48,2023-12-09
CUST04072,Christopher Saxena,chandanidass@example.org,0893169823,Jaipur,61,2024-02-10
CUST04073,Yash Mitra,ayushnarayan@example.com,08073526756,Jaipur,36,2023-08-09
CUST04074,Abhimanyu Prasad,balvanhayer@example.com,+910046051001,Ahmedabad,57,2024-05-10
CUST04075,Aarush Batra,zgara@example.com,02716752059,Pune,69,2023-06-16
CUST04076,Adya Brar,widisha23@example.net,04247425891,Delhi,30,2023-12-24
CUST04077,Vyanjana More,fnanda@example.net,4656316032,Ahmedabad,23,2024-01-02
CUST04078,Veda Mitter,takjonathan@example.com,+915288280823,Delhi,43,2023-04-02
CUST04079,Balvan Doshi,manthan00@example.net,+919890426980,Bangalore,36,2023-11-12
CUST04080,Diya Khalsa,krishna70@example.net,7850616131,Delhi,24,2024-01-06
CUST04081,Tripti Wable,sarafqarin@example.com,06987422338,Bangalore,35,2024-05-23
CUST04082,Daksha Muni,fbiswas@example.com,5495711704,Delhi,62,2023-12-19
CUST04083,Dayamai Bobal,reyansh61@example.com,01831321816,Bangalore,49,2024-03-22
CUST04084,Charvi Chawla,maya10@example.org,02607685164,Bangalore,31,2024-06-27
CUST04085,Pavani Mani,behlgayathri@example.net,4451282729,Jaipur,58,2023-06-24
CUST04086,Faqid Choudhary,zsankaran@example.com,7248325957,Mumbai,36,2023-07-13
CUST04087,Ikbal Kanda,xalakpandey@example.net,3345823881,Hyderabad,61,2023-10-23
CUST04088,Mekhala Krishnan,xsarna@example.com,08929247680,Jaipur,26,2023-10-08
CUST04089,Upasna Savant,elijah31@example.com,4636762136,Ahmedabad,40,2024-03-29
CUST04090,Manbir Mane,amaira72@example.com,+914557699987,Hyderabad,46,2023-07-20
CUST04091,Bhavika Wadhwa,samakshkapadia@example.com,+919960144715,Mumbai,36,2024-06-06
CUST04092,Warhi Borra,anjali59@example.com,9614097741,Chennai,22,2024-05-19
CUST04093,Harshil Dhar,bkrishnan@example.com,+915293227697,Mumbai,69,2023-05-19
CUST04094,Eshana Sha,jagdishuppal@example.com,05326169174,Chennai,51,2023-11-28
CUST04095,Arunima Pai,ojassekhon@example.net,1805547006,Pune,44,2024-05-23
CUST04096,Warjas Agrawal,omishadayal@example.org,06336409762,Surat,39,2024-02-26
CUST04097,Saanvi Chada,patrickroy@example.org,+910968725407,Pune,49,2023-10-18
CUST04098,Ethan Sagar,advaithmallick@example.org,+918127731774,Surat,60,2024-01-20
CUST04099,Vasana Wason,ranbir78@example.net,7242758140,Jaipur,53,2024-01-27
CUST04100,Dakshesh Narula,pingletanish@example.org,04705948875,Ahmedabad,47,2023-05-20
CUST04101,Balendra Subramanian,pranityogi@example.net,05688932281,Kolkata,54,2023-12-30
CUST04102,Gagan Banik,lukedar@example.net,00334977593,Bangalore,68,2023-05-30
CUST04103,Vincent Parikh,harita49@example.org,8678138231,Kolkata,28,2024-04-24
CUST04104,Nikita Tata,cmand@example.com,8335663882,Kolkata,32,2024-05-13
CUST04105,Pratyush Sekhon,rastogiurmi@example.com,07308429850,Ahmedabad,41,2023-09-27
CUST04106,Balvan Dey,rachanazacharia@example.org,0463632015,Kolkata,67,2024-03-28
CUST04107,Ekavir De,kundagavin@example.net,+912867319419,Mumbai,27,2024-04-27
CUST04108,Ojasvi Nagar,dalalgarima@example.net,0202315218,Pune,36,2023-02-19
CUST04109,Ekaraj Dugal,mohammed01@example.net,4359730980,Ahmedabad,28,2023-09-07
CUST04110,Madhav Subramanian,zinalbatta@example.org,05845632454,Surat,28,2024-02-21
CUST04111,Upkaar Sankaran,rattafalak@example.com,1540985217,Jaipur,36,2024-02-01
CUST04112,Rajeshri De,quincykaran@example.net,4671844617,Bangalore,29,2023-05-19
CUST04113,Chameli Kohli,sawhneymeera@example.net,6740018476,Bangalore,28,2024-05-16
CUST04114,Rayaan Padmanabhan,cbajwa@example.org,+914084765205,Chennai,25,2023-08-23
CUST04115,Chameli Setty,waliadaniel@example.org,8814371045,Mumbai,38,2024-01-02
CUST04116,Ladli Bhasin,bbanik@example.net,05079752217,Surat,26,2023-10-25
CUST04117,Nimrat Tak,gmodi@example.org,9301636842,Ahmedabad,34,2024-04-25
CUST04118,Wyatt Kakar,jbumb@example.net,+913559657272,Pune,29,2023-11-16
CUST04119,Yamini Kumer,modiucchal@example.com,+913802670946,Chennai,53,2023-03-20
CUST04120,Turvi Sule,rayarya@example.org,1460499129,Mumbai,60,2024-01-11
CUST04121,Pushti Iyengar,mananvenkataraman@example.org,2979801347,Pune,40,2023-04-29
CUST04122,Radha Suri,pahalram@example.com,01965376703,Bangalore,41,2024-04-26
CUST04123,Vasana Mitra,mishravincent@example.net,+919750530833,Ahmedabad,52,2024-04-03
CUST04124,Harshil Memon,hsuri@example.com,+911888827032,Bangalore,52,2024-02-20
CUST04125,Chaman Tiwari,khalsakrisha@example.org,03745576639,Kolkata,25,2024-04-20
CUST04126,Frederick De,gnarula@example.com,8277594792,Mumbai,43,2024-04-15
CUST04127,Charles Chacko,aadhyaprashad@example.com,09579633711,Ahmedabad,67,2023-12-12
CUST04128,Jagat Sheth,shahindrajit@example.com,00817037613,Bangalore,47,2023-07-27
CUST04129,Michael Chauhan,vmaharaj@example.org,8455427244,Pune,27,2023-12-31
CUST04130,Hiral Jain,qdeol@example.org,+914829237925,Mumbai,65,2024-01-19
CUST04131,Nirja Nagy,raghavanomisha@example.org,+911655865115,Jaipur,50,2024-06-17
CUST04132,Wazir Naik,kala81@example.net,0066056772,Pune,59,2023-12-31
CUST04133,Rajata Badami,yogianjali@example.net,3800639937,Kolkata,48,2023-11-06
CUST04134,Pahal Comar,tatasneha@example.org,+919163091651,Kolkata,66,2023-09-11
CUST04135,Azaan Madan,ggour@example.com,+915700935871,Surat,60,2023-10-14
CUST04136,Quincy Anne,panchalfalak@example.net,00187890052,Bangalore,69,2023-12-06
CUST04137,Maanas Kar,ishapal@example.net,03349232124,Surat,64,2023-05-24
CUST04138,Lohit Narayanan,yatinbabu@example.org,01322769047,Ahmedabad,39,2024-06-03
CUST04139,Chanchal Taneja,advikvarghese@example.org,+910780876678,Delhi,64,2023-07-16
CUST04140,Rudra Mannan,xavierpanchal@example.net,08437011803,Ahmedabad,20,2023-05-23
CUST04141,Fiyaz Jayaraman,ekala@example.net,00605033511,Bangalore,61,2023-08-30
CUST04142,Bhavna Pandya,akeer@example.org,03034260273,Jaipur,25,2023-05-17
CUST04143,Neelima De,odeshmukh@example.net,00229400975,Kolkata,19,2023-03-25
CUST04144,Aarush Grewal,aishaniapte@example.net,6567895645,Hyderabad,57,2023-12-15
CUST04145,Riya Bhatt,baljiwankapadia@example.org,2844221384,Chennai,46,2024-02-18
CUST04146,Joshua Chander,victorbarad@example.org,0429560302,Pune,23,2023-12-09
CUST04147,Hamsini Thakur,bgoswami@example.org,+917520025569,Pune,21,2023-05-30
CUST04148,Abhimanyu Saran,udantdada@example.com,+918744373053,Surat,59,2024-06-17
CUST04149,Kevin Sura,akeer@example.org,9763252739,Chennai,55,2023-09-22
CUST04150,Vedika Kuruvilla,katagirindra@example.com,+910375694143,Jaipur,32,2023-03-20
CUST04151,Ayush Chaudry,urishillamore@example.org,5337189428,Kolkata,30,2024-05-03
CUST04152,Yashawini Peri,gkapadia@example.org,+918521200416,Mumbai,23,2023-06-27
CUST04153,Girik Pillai,nidra48@example.com,+913218703950,Jaipur,46,2024-02-13
CUST04154,Nitesh Kata,alka02@example.net,+916980681356,Delhi,50,2023-05-26
CUST04155,Madhav Dhar,bhavna62@example.com,05615772355,Hyderabad,30,2024-04-15
CUST04156,Kevin Shenoy,chaman79@example.net,+917059944617,Ahmedabad,38,2023-06-05
CUST04157,Neelima Bhalla,stella@example.com,00674091260,Surat,56,2023-05-01
CUST04158,Chatura Bajaj,gbhattacharyya@example.org,04802325869,Jaipur,21,2023-12-22
CUST04159,David Wason,manecharita@example.net,9465411242,Pune,43,2024-06-11
CUST04160,Daniel Samra,krishpratyush@example.net,+917295218667,Bangalore,63,2023-10-31
CUST04161,Siddharth Ray,bnaidu@example.net,06594863787,Hyderabad,41,2024-04-02
CUST04162,Gaurika Saxena,buchvasana@example.net,+914818706337,Hyderabad,41,2023-12-26
CUST04163,Advika Saxena,nishasavant@example.net,+912681361593,Mumbai,36,2023-09-01
CUST04164,Vasudha Ramanathan,chakradhargoda@example.net,2074959624,Pune,40,2023-03-29
CUST04165,Luke Mammen,ikbal23@example.net,+914142158254,Kolkata,46,2024-06-08
CUST04166,Jacob Krishnamurthy,daminikamdar@example.net,+915008699205,Jaipur,23,2023-03-19
CUST04167,Zayan Borde,chavvi92@example.net,3494283527,Chennai,64,2023-03-15
CUST04168,Sanaya Subramaniam,maharajvarenya@example.com,02369170324,Ahmedabad,65,2023-05-11
CUST04169,Barkha Boase,lshankar@example.net,+911170052459,Hyderabad,69,2023-08-29
CUST04170,Girindra Dutta,edara@example.org,+919840270943,Ahmedabad,36,2024-06-26
CUST04171,Onkar Dada,surijason@example.com,6256156368,Bangalore,69,2023-11-13
CUST04172,Anjali Raju,andrew45@example.com,6062853674,Hyderabad,64,2023-12-14
CUST04173,Upma Bose,jagginirja@example.org,04313311270,Hyderabad,26,2023-09-20
CUST04174,Ekaja Mukherjee,ywadhwa@example.org,9049791030,Surat,56,2024-02-15
CUST04175,Vaishnavi D’Alia,gbobal@example.com,0297670644,Delhi,27,2024-04-14
CUST04176,Ayushman Nagarajan,bsarraf@example.net,1406926005,Chennai,37,2023-07-05
CUST04177,Tanveer Palan,cmand@example.net,5174444138,Ahmedabad,51,2024-05-26
CUST04178,Diya Zachariah,yatanpanchal@example.com,+916373380617,Pune,22,2023-10-11
CUST04179,Barkha Joshi,beraadvaith@example.com,+911059507614,Surat,66,2023-02-15
CUST04180,Yoshita Sanghvi,qchowdhury@example.com,0733821092,Hyderabad,23,2023-03-11
CUST04181,Jackson Mallick,jacksonraja@example.net,00989479398,Mumbai,44,2024-04-09
CUST04182,Lekha Kurian,oapte@example.com,1096033822,Kolkata,44,2024-01-22
CUST04183,Noah Goswami,kashvikakar@example.com,05727059250,Bangalore,53,2024-01-06
CUST04184,Max Batra,xratti@example.com,06778871308,Ahmedabad,63,2023-12-25
CUST04185,Watika Deep,baralmanya@example.net,03295689865,Surat,66,2023-09-21
CUST04186,Nandini Shroff,sankardominic@example.net,7500381404,Bangalore,30,2023-05-27
CUST04187,Gaurang Pandya,ekarajpandit@example.org,+915835348584,Bangalore,42,2024-03-14
CUST04188,Falguni Rao,majumdardev@example.net,08437601832,Kolkata,53,2024-03-10
CUST04189,Yasti Dalal,spant@example.net,+915246936042,Ahmedabad,20,2023-07-28
CUST04190,Aarna Amble,khuranadhriti@example.net,9818432445,Kolkata,55,2023-10-20
CUST04191,Vivaan Muni,divyapant@example.net,+912286952938,Kolkata,49,2023-05-04
CUST04192,Radhika Dube,ipal@example.org,0073590132,Jaipur,65,2024-02-16
CUST04193,Triya Bajaj,bhavini14@example.net,+912430259588,Ahmedabad,32,2023-11-20
CUST04194,Sachi Joshi,vrindaloke@example.org,6085502625,Mumbai,68,2024-03-17
CUST04195,Amaira Khanna,teerth95@example.net,06917207036,Mumbai,27,2024-02-01
CUST04196,Urvi Hari,dkannan@example.org,02773748118,Kolkata,37,2023-07-14
CUST04197,Anay Parikh,harrisonmander@example.com,+919002558782,Ahmedabad,25,2023-07-25
CUST04198,Rushil Choudhary,anthonygola@example.org,+913735405334,Kolkata,44,2024-03-10
CUST04199,Gopal Sahni,triveni85@example.net,+916093371986,Bangalore,49,2023-08-09
CUST04200,Ekavir Bail,ekarajmani@example.com,04819322061,Chennai,19,2023-08-09
CUST04201,Ayushman Buch,sarmavasatika@example.net,7950470062,Delhi,66,2023-04-24
CUST04202,Faqid Seth,nnath@example.org,04890923936,Kolkata,49,2024-05-01
CUST04203,Avni Sundaram,shettyanirudh@example.com,00579652739,Delhi,56,2024-04-13
CUST04204,Ekavir Chandran,eshanathakur@example.org,+911898701624,Pune,55,2024-01-23
CUST04205,Hemangini Bobal,fsabharwal@example.org,00340849785,Ahmedabad,54,2023-06-06
CUST04206,Chaitanya Dewan,pmanne@example.net,+919191654594,Hyderabad,34,2024-05-19
CUST04207,Nirja Desai,muttikaran@example.net,09586072509,Ahmedabad,62,2023-05-19
CUST04208,Anthony Divan,sahniquincy@example.org,+915384528134,Delhi,41,2023-11-28
CUST04209,Sanya Nagar,udantdhillon@example.com,01038211862,Jaipur,64,2023-02-16
CUST04210,Caleb Dave,eiravati13@example.org,9962942649,Surat,19,2023-10-21
CUST04211,Amol Soman,kamdarbishakha@example.com,02155527421,Kolkata,28,2023-09-01
CUST04212,Ishanvi Sundaram,daksha19@example.net,+914549065478,Surat,21,2024-02-21
CUST04213,Manan Mital,thakerlila@example.com,01187007498,Bangalore,38,2023-12-15
CUST04214,Agastya Sagar,baralmichael@example.org,+911556775216,Ahmedabad,62,2023-05-22
CUST04215,Aahana Mammen,isha07@example.com,04788915593,Bangalore,40,2023-12-23
CUST04216,Vritti Patil,mohantykiaan@example.com,8074221203,Bangalore,21,2024-06-24
CUST04217,Tanay Sachdev,aptehitesh@example.com,02323291420,Kolkata,41,2023-06-25
CUST04218,Vinaya Kala,theodore84@example.org,+917184660903,Hyderabad,58,2024-02-07
CUST04219,Amruta Behl,tejaskaul@example.org,+919360572073,Pune,21,2023-03-29
CUST04220,Nitara Suri,pgill@example.net,05826301618,Kolkata,36,2023-03-13
CUST04221,Tanveer Viswanathan,kmaharaj@example.com,+914054755156,Jaipur,58,2023-12-22
CUST04222,Naksh Grover,bhavsarnicholas@example.net,0919177019,Delhi,50,2024-04-12
CUST04223,Vinaya Sheth,shangayathri@example.com,08587661217,Chennai,67,2023-10-17
CUST04224,Aarna Mukhopadhyay,paikrishna@example.com,04375982481,Bangalore,66,2023-06-01
CUST04225,Yashasvi Atwal,gollajasmit@example.com,4457352640,Delhi,56,2024-03-22
CUST04226,Daksha Chacko,hritikbarman@example.com,05274045645,Bangalore,52,2023-07-03
CUST04227,Ekalinga Gokhale,khannapatrick@example.com,01294729926,Pune,38,2024-03-06
CUST04228,Shivani Bali,pallajairaj@example.org,+919122276158,Kolkata,35,2023-06-20
CUST04229,Idika Chad,somchaman@example.org,+913185831329,Pune,24,2023-10-13
CUST04230,Atharv Iyengar,ayush97@example.org,8148543627,Jaipur,55,2024-06-07
CUST04231,Hitesh Shetty,jacksrinivas@example.net,5297642846,Pune,70,2023-11-16
CUST04232,Michael Rau,suraindira@example.net,6927429003,Bangalore,18,2023-12-21
CUST04233,Manya Dara,deviyauvani@example.org,+911170404787,Bangalore,51,2023-06-08
CUST04234,Yashvi Bawa,krishna17@example.net,+912073970163,Kolkata,41,2024-06-12
CUST04235,Kai Mutti,bensiya@example.com,+919676741660,Ahmedabad,44,2023-09-04
CUST04236,Bhavini Muni,laban45@example.org,09886453868,Pune,28,2024-06-24
CUST04237,Diya Chhabra,omajanarayan@example.org,06673155254,Delhi,31,2023-03-31
CUST04238,Simon Gopal,brarmatthew@example.com,1868506345,Bangalore,50,2024-06-11
CUST04239,Omaja Swamy,abhatnagar@example.com,06882634242,Chennai,30,2023-05-27
CUST04240,Zinal Som,babugarima@example.org,01362725861,Jaipur,57,2023-10-25
CUST04241,Dhruv Kurian,mahajanyachana@example.com,02615471216,Jaipur,52,2024-05-30
CUST04242,Kavya Sha,wrideshgour@example.org,+916119368952,Jaipur,62,2023-12-18
CUST04243,Bhanumati Zacharia,gangulyrishi@example.org,5235845963,Delhi,44,2024-03-22
CUST04244,Zaitra Morar,cbhatia@example.com,1698155561,Ahmedabad,22,2023-05-21
CUST04245,Charan Mukhopadhyay,wnaik@example.org,0424258465,Delhi,70,2023-10-31
CUST04246,Ryan Konda,vansha17@example.com,5384994084,Bangalore,19,2024-02-20
CUST04247,Manbir Singh,gdube@example.org,2771400464,Ahmedabad,40,2023-03-11
CUST04248,Harish Som,rachanachoudhary@example.net,5752452164,Kolkata,62,2024-05-10
CUST04249,Girik Choudhry,vohraom@example.net,9548521121,Pune,26,2024-06-11
CUST04250,Deepa Sami,raghavkota@example.net,+917984276901,Ahmedabad,56,2023-10-05
CUST04251,Keya Ben,veer37@example.org,1936399865,Jaipur,66,2024-05-20
CUST04252,Tarak Reddy,qushi29@example.com,9054521909,Pune,29,2023-05-07
CUST04253,Jeet Grover,anvi04@example.com,00830735460,Kolkata,19,2023-02-20
CUST04254,Triveni Kumar,sinharajeshri@example.net,06449255933,Delhi,32,2023-06-20
CUST04255,Eiravati Morar,abhasin@example.org,+910976465317,Bangalore,62,2024-05-10
CUST04256,Hamsini Sahota,urvashilalla@example.org,+913412834370,Bangalore,62,2023-06-14
CUST04257,Rachit Ramanathan,xvala@example.com,03916913946,Chennai,37,2023-11-17
CUST04258,Wahab Datta,zraman@example.org,03984811722,Bangalore,31,2023-08-02
CUST04259,Ekta Srivastava,zarna15@example.org,+914606398180,Bangalore,23,2023-11-04
CUST04260,Anita Gera,ramanaarnav@example.net,9396007894,Hyderabad,62,2023-11-30
CUST04261,Hamsini Ahuja,fchaudhari@example.com,+913820751134,Delhi,22,2023-11-21
CUST04262,Harinakshi Seshadri,achowdhury@example.org,+910224017328,Mumbai,67,2023-03-26
CUST04263,Darika Kadakia,dharabha@example.net,07400940437,Ahmedabad,66,2023-11-16
CUST04264,Ekaraj Dada,unni36@example.org,03405130057,Hyderabad,20,2023-05-17
CUST04265,Samesh Grover,gcomar@example.org,+913167162996,Chennai,24,2024-06-17
CUST04266,Upadhriti Nath,girik44@example.org,3352156023,Mumbai,68,2024-01-16
CUST04267,Charvi Tandon,meghana87@example.net,+917185513703,Jaipur,55,2024-02-01
CUST04268,Tanvi Babu,otoor@example.com,+917867939369,Mumbai,48,2023-06-03
CUST04269,Forum Swamy,ayushmandeep@example.org,+915210481146,Delhi,34,2023-11-06
CUST04270,Xavier Walla,yagneshborah@example.org,6349235249,Mumbai,22,2023-05-23
CUST04271,Chaitanya Mallick,shettymitali@example.org,5103016404,Kolkata,60,2023-02-25
CUST04272,Mugdha Dayal,choudhryanmol@example.com,0438911482,Mumbai,66,2023-03-20
CUST04273,Omkaar Acharya,qdin@example.com,+918501664150,Delhi,68,2023-12-14
CUST04274,Warda Narayanan,fvyas@example.org,3431532931,Delhi,56,2023-06-23
CUST04275,Krish Varughese,nakshjohal@example.com,9634726247,Chennai,55,2023-04-06
CUST04276,Girindra Salvi,ojas77@example.net,+910872403648,Chennai,29,2024-02-25
CUST04277,Advik Gandhi,bhavna06@example.net,06765172775,Pune,19,2024-02-27
CUST04278,Isaiah Deep,leelanair@example.net,06441493001,Delhi,27,2024-02-18
CUST04279,Aarav Kamdar,aachalarora@example.org,+919228343644,Kolkata,55,2023-08-17
CUST04280,Sai Bajaj,radhakrishnanpooja@example.net,08049406644,Pune,40,2023-09-06
CUST04281,Ekalinga Narula,fchandra@example.net,2300288349,Bangalore,50,2024-06-23
CUST04282,Amara Minhas,falak07@example.com,2982803794,Surat,33,2023-06-27
CUST04283,Advaith Bhattacharyya,narasimhanrachita@example.net,7790364964,Jaipur,54,2023-07-14
CUST04284,Ishwar Rau,mvirk@example.org,8697979348,Delhi,24,2024-04-25
CUST04285,Rachana Guha,urvi22@example.net,+911526057948,Surat,66,2023-03-19
CUST04286,Eiravati Wagle,bajwabalendra@example.org,5447512457,Mumbai,51,2023-06-11
CUST04287,Yasti Barad,dinaayush@example.net,+912870789617,Chennai,63,2023-11-04
CUST04288,Mason Deol,dalbir91@example.com,5732222326,Chennai,36,2024-05-02
CUST04289,Sudiksha Parmer,maanas69@example.net,8832099124,Bangalore,66,2023-04-28
CUST04290,Raghav Barad,tbrar@example.net,05672785730,Jaipur,18,2023-04-21
CUST04291,Bina Manne,fsathe@example.com,07339092137,Delhi,31,2023-03-04
CUST04292,Naksh Sunder,advay31@example.com,4743418815,Jaipur,63,2024-04-24
CUST04293,Pushti Prabhu,prakashdarsh@example.org,+918645982194,Ahmedabad,41,2023-04-12
CUST04294,Vaishnavi Rege,yastirege@example.org,9085403032,Surat,29,2024-06-18
CUST04295,Kala Naidu,jalsa39@example.com,+910560064209,Ahmedabad,61,2023-05-11
CUST04296,Janani Swamy,oeshisheth@example.org,01060113032,Delhi,29,2023-05-05
CUST04297,Zaid Pant,udarsh37@example.net,05365602674,Pune,42,2024-05-01
CUST04298,Faris Rana,yashodagandhi@example.com,09622397248,Hyderabad,31,2024-03-29
CUST04299,Prisha Bawa,ybhagat@example.com,3910515071,Jaipur,32,2023-12-25
CUST04300,Faras Sachar,ryan59@example.net,8515320928,Hyderabad,25,2023-06-07
CUST04301,Wazir Magar,anvinarula@example.org,1528006486,Pune,25,2023-04-15
CUST04302,Sanya Shan,qasimloyal@example.com,9649289638,Ahmedabad,25,2023-12-20
CUST04303,Yashodhara Apte,goyaloviya@example.com,9300547642,Jaipur,26,2024-02-19
CUST04304,Damyanti Dhar,gautamvarkey@example.org,+915512669178,Ahmedabad,66,2023-05-15
CUST04305,Naksh Shanker,isaiahkhare@example.com,0866022963,Pune,63,2023-03-22
CUST04306,Chanakya Dada,anvibhasin@example.com,0341760971,Kolkata,53,2023-05-24
CUST04307,Vansha Srinivasan,zinalradhakrishnan@example.com,+914704208664,Mumbai,23,2023-10-19
CUST04308,Ranbir Patla,zaid01@example.org,+916941535431,Pune,49,2023-10-24
CUST04309,Idika Baria,mananbhattacharyya@example.com,+915932240840,Delhi,42,2024-05-05
CUST04310,Chaitaly Issac,alkabuch@example.com,+913252874402,Kolkata,47,2023-11-26
CUST04311,Shivansh Deshpande,varenyasampath@example.org,+919219165806,Surat,65,2023-06-22
CUST04312,Yauvani Prabhu,dev29@example.net,6631805830,Kolkata,61,2023-12-18
CUST04313,Ayush Minhas,uiyengar@example.org,07318859377,Ahmedabad,32,2023-08-13
CUST04314,Indali Kurian,murtyyagnesh@example.org,+914335069844,Jaipur,44,2023-06-15
CUST04315,Naveen Naik,wishi12@example.com,0664485678,Kolkata,45,2024-01-25
CUST04316,Yutika Garde,wtella@example.net,01270118360,Chennai,22,2023-08-30
CUST04317,Watika Arora,gayathri45@example.com,5154142386,Ahmedabad,61,2023-03-23
CUST04318,Divya Bail,jeet38@example.org,+915814010119,Pune,29,2023-02-25
CUST04319,Chasmum Morar,harshsaini@example.com,08081063551,Mumbai,61,2023-12-01
CUST04320,Mohini Gupta,anjali55@example.com,08247682584,Ahmedabad,61,2023-08-11
CUST04321,Kiaan Dixit,prabhakarcaleb@example.org,1600268496,Delhi,43,2023-10-10
CUST04322,Rachita Dara,champakdeo@example.net,06377555794,Ahmedabad,51,2024-02-11
CUST04323,Ranbir Rajagopal,fsaxena@example.org,02535229386,Delhi,25,2023-05-07
CUST04324,Vamakshi Iyer,moak@example.org,7275131586,Bangalore,43,2023-04-25
CUST04325,Urmi Bora,zayansoni@example.net,08540794539,Hyderabad,62,2023-05-30
CUST04326,Harshil Goyal,nikitamistry@example.com,2850696720,Surat,24,2023-08-31
CUST04327,Triveni Mohanty,oakkamala@example.net,+913750160557,Bangalore,22,2024-02-23
CUST04328,Varsha Trivedi,ibhatnagar@example.org,02873576856,Pune,30,2023-06-20
CUST04329,Idika Kala,munshibhanumati@example.com,+917741686744,Pune,30,2023-11-04
CUST04330,Jagat Nayar,sankaranakshay@example.org,0443583510,Surat,43,2023-03-08
CUST04331,Bahadurjit Sekhon,pbakshi@example.net,4530073415,Delhi,32,2023-05-01
CUST04332,Mitesh Chada,jairajkorpal@example.org,+919438018087,Hyderabad,64,2024-04-27
CUST04333,Ranbir Setty,hredhaan26@example.org,+912674586189,Ahmedabad,35,2023-12-29
CUST04334,Kalpit Balan,sdora@example.net,7820282536,Surat,55,2023-08-06
CUST04335,Manthan Dubey,murthyranbir@example.net,08030251571,Kolkata,66,2023-08-28
CUST04336,Harinakshi Mishra,jshankar@example.org,0441850711,Hyderabad,40,2023-05-28
CUST04337,Hemani Bhavsar,rajata35@example.com,06584885476,Ahmedabad,60,2023-05-13
CUST04338,Vihaan Mander,nsundaram@example.com,+912197617432,Surat,43,2024-03-17
CUST04339,Fiyaz Srivastava,qasimparsa@example.com,+914588501829,Ahmedabad,50,2023-12-04
CUST04340,Girik Anne,bhallaonkar@example.com,+919001990739,Kolkata,27,2024-06-04
CUST04341,Dalaja Acharya,balhaarsampath@example.net,+917718729703,Ahmedabad,24,2023-06-23
CUST04342,Kashish Thakur,calebgarg@example.com,06943974225,Delhi,34,2023-10-17
CUST04343,Aditya More,hemangmaharaj@example.com,+918233213019,Ahmedabad,49,2023-06-02
CUST04344,Yoshita Gaba,mekhalashukla@example.org,+915611943614,Chennai,58,2023-10-17
CUST04345,Lipika Devi,pdoctor@example.com,03184446904,Bangalore,19,2023-10-29
CUST04346,Gautami Ramanathan,bhavanisuresh@example.org,08801771086,Delhi,65,2024-06-24
CUST04347,Jeevika Lad,randhawajanaki@example.org,+912356414077,Mumbai,22,2023-04-09
CUST04348,Luke Bumb,nadkarnidamyanti@example.org,01371834979,Ahmedabad,61,2023-11-28
CUST04349,Harsh Bhargava,sastrysanaya@example.net,08599192892,Mumbai,29,2023-04-13
CUST04350,Radha Sanghvi,karanwarinder@example.com,08626461615,Hyderabad,56,2024-01-06
CUST04351,Ekalinga Wali,vbains@example.org,+915090786114,Pune,27,2023-02-23
CUST04352,Raagini Seth,kashyapcharvi@example.net,00082637464,Kolkata,57,2023-08-20
CUST04353,Idika Bassi,dlad@example.com,+911989383593,Surat,24,2023-02-19
CUST04354,Yashica Kumar,cbhat@example.org,9257511714,Delhi,60,2023-07-11
CUST04355,Rehaan Mangal,tanmayinagar@example.net,07311017660,Jaipur,67,2024-05-22
CUST04356,Ria Chand,oeshiborra@example.com,00985691039,Ahmedabad,68,2024-04-30
CUST04357,Jairaj Bhardwaj,kiberayaan@example.com,5393174221,Ahmedabad,30,2023-09-18
CUST04358,Frado Patel,mchana@example.com,7895379280,Kolkata,60,2023-08-28
CUST04359,Lavanya Deol,falan72@example.net,01311582508,Ahmedabad,49,2023-07-09
CUST04360,Arya Gour,dalalnathaniel@example.org,8288291454,Jaipur,34,2024-04-30
CUST04361,Caleb Nagarajan,yuvraj32@example.org,+915954324439,Jaipur,39,2023-05-16
CUST04362,Unnati Varkey,bakshiganga@example.net,+918989408167,Jaipur,52,2023-05-04
CUST04363,Neelima Konda,harish07@example.org,5153435679,Mumbai,66,2023-07-06
CUST04364,Bhavna Ahuja,omya17@example.com,05637801871,Mumbai,45,2024-02-09
CUST04365,Utkarsh Anand,randhawaranbir@example.com,+919612992623,Delhi,42,2024-03-03
CUST04366,Imaran Choudhry,reva97@example.com,04237885079,Ahmedabad,38,2024-02-03
CUST04367,Triveni Prasad,naksh30@example.org,+915012329001,Hyderabad,46,2024-02-27
CUST04368,Amaira Keer,hitesh58@example.org,+911215110880,Ahmedabad,20,2024-01-31
CUST04369,Chandran Rama,mpradhan@example.net,+915614008145,Mumbai,29,2023-04-18
CUST04370,Advay Rau,gagansule@example.net,04707495224,Jaipur,60,2023-12-15
CUST04371,Saanvi Rastogi,jairadhakrishnan@example.org,+917694165870,Kolkata,63,2024-02-24
CUST04372,Ijaya Date,charles63@example.com,01678530445,Bangalore,49,2023-08-27
CUST04373,Yochana Bhatnagar,ikohli@example.net,03350851127,Hyderabad,26,2023-06-23
CUST04374,Leela Dhar,xwagle@example.org,+915660599932,Kolkata,63,2024-04-29
CUST04375,Turvi Magar,zprasad@example.org,8256902876,Hyderabad,49,2023-03-31
CUST04376,Odika Yogi,kantyashawini@example.net,+910208740289,Delhi,54,2023-12-02
CUST04377,Gaurangi Badami,krishdevansh@example.net,+918578825842,Ahmedabad,60,2023-05-16
CUST04378,Ishani Date,settywishi@example.com,6025637811,Jaipur,61,2024-04-06
CUST04379,Chatresh Sarma,riyakibe@example.org,8557797484,Jaipur,54,2024-02-23
CUST04380,Jalsa Gala,omajachadha@example.net,2726065768,Ahmedabad,48,2023-05-04
CUST04381,Upma Din,damyanticheema@example.net,9786804288,Jaipur,28,2023-10-17
CUST04382,Falak Vohra,ssarraf@example.org,4195415717,Jaipur,21,2023-09-20
CUST04383,Lajita Shere,lakshparsa@example.com,05551465998,Hyderabad,34,2023-06-08
CUST04384,Ryan Bhandari,veer21@example.net,3153058654,Ahmedabad,55,2023-11-13
CUST04385,Yahvi Basu,gtata@example.net,+917425186975,Hyderabad,57,2024-01-14
CUST04386,Urvi Chaudhuri,upatla@example.org,00975861393,Pune,67,2023-06-30
CUST04387,Abha Patla,bavachameli@example.com,+918500603079,Kolkata,38,2023-11-01
CUST04388,Krisha Kaul,mugdha15@example.net,05887934048,Mumbai,19,2023-08-29
CUST04389,Aishani Bora,vaishnavibabu@example.com,7033014118,Surat,20,2023-04-29
CUST04390,Daksh Sankar,ramaoliver@example.net,1797646705,Bangalore,41,2024-04-29
CUST04391,Om Acharya,bachittar08@example.org,+910182606201,Pune,69,2023-04-15
CUST04392,Leela Wason,vagrawal@example.net,0904232663,Surat,19,2024-02-02
CUST04393,Nandini More,balendra40@example.net,09425922021,Pune,42,2024-06-09
CUST04394,Kalpit Bal,qsachdev@example.net,+915932561837,Delhi,45,2023-03-05
CUST04395,Sudiksha Srinivasan,deepa16@example.com,+911459848471,Pune,40,2023-09-15
CUST04396,Oviya Chaudhari,ynagy@example.net,+916814155014,Hyderabad,40,2023-07-31
CUST04397,Akshay Arora,amol17@example.org,3759112861,Mumbai,60,2023-06-08
CUST04398,Harinakshi Narayan,fbanik@example.com,+911619959425,Chennai,33,2024-01-27
CUST04399,Laksh Patel,shivaniatwal@example.net,02065999544,Chennai,59,2023-02-14
CUST04400,Edhitha Dugal,jacknatt@example.com,6308397725,Kolkata,55,2023-04-11
CUST04401,Rishi Nayak,chasmumbrar@example.org,+916398649354,Delhi,62,2023-06-22
CUST04402,Advik Sem,eiravati45@example.org,8223409170,Delhi,37,2024-03-08
CUST04403,Vedhika Mody,maanassangha@example.com,2827598768,Delhi,39,2024-04-29
CUST04404,Ekapad Bath,jairaj31@example.com,09299338634,Bangalore,19,2023-08-12
CUST04405,Omkaar Kapur,pkothari@example.com,+918584981145,Jaipur,38,2023-10-15
CUST04406,Udant Wali,bvora@example.com,+917451152471,Mumbai,47,2024-06-15
CUST04407,Frado Bahl,bajwarushil@example.org,+913527517286,Hyderabad,54,2023-06-04
CUST04408,Damini Tailor,paninibarad@example.net,0298455828,Jaipur,44,2023-03-20
CUST04409,Harrison Shroff,upasnabalasubramanian@example.org,9138872172,Kolkata,19,2024-01-23
CUST04410,Neha Agate,brai@example.net,4487949317,Ahmedabad,55,2023-05-21
CUST04411,Kalpit Balakrishnan,rgill@example.net,0727435856,Mumbai,38,2023-11-27
CUST04412,Yadavi Suresh,yatan42@example.org,00240905083,Hyderabad,54,2024-02-05
CUST04413,Ijaya Bhandari,siyakaul@example.com,+919269252617,Hyderabad,38,2023-08-18
CUST04414,Aadhya Chadha,pranavtripathi@example.com,+910213613999,Surat,24,2024-03-13
CUST04415,Mohammed Kalita,rmammen@example.net,05122760786,Ahmedabad,24,2023-09-16
CUST04416,Netra Mannan,joshua07@example.org,07135992331,Chennai,39,2023-05-11
CUST04417,Jackson Chakrabarti,wagate@example.com,+913112625748,Ahmedabad,50,2024-06-14
CUST04418,Megha Ratti,ymody@example.net,05057519434,Pune,28,2023-04-18
CUST04419,Yachana Dhaliwal,aditya85@example.net,+911549475046,Surat,37,2024-05-19
CUST04420,Tanveer Kunda,haritamital@example.net,+912880326029,Pune,45,2023-10-12
CUST04421,Arjun Naidu,ssamra@example.net,7335201889,Chennai,49,2023-09-29
CUST04422,Frederick Ben,msant@example.org,+918665358189,Delhi,52,2024-04-04
CUST04423,Ucchal Chhabra,fdutt@example.com,6882385515,Chennai,36,2023-04-05
CUST04424,Zayyan Raval,psarma@example.org,8048081272,Kolkata,21,2024-04-14
CUST04425,Qushi Atwal,buchjairaj@example.org,06631108485,Kolkata,54,2023-08-03
CUST04426,Udarsh Vasa,divanzashil@example.org,+914766964846,Hyderabad,69,2023-03-28
CUST04427,Hitesh Bala,mistryekaja@example.org,7173043113,Chennai,57,2023-10-24
CUST04428,Ekiya Amble,elijahagate@example.net,01735599717,Delhi,63,2023-10-11
CUST04429,Ishaan Sanghvi,dmani@example.org,02595345479,Surat,24,2024-02-25
CUST04430,Azaan Thaker,wardadubey@example.com,5616898375,Surat,39,2023-02-21
CUST04431,Jeet Batra,widishabala@example.net,+916465761052,Kolkata,22,2024-03-28
CUST04432,Ranveer Tara,dayita35@example.com,07801526074,Surat,69,2023-11-08
CUST04433,Gayathri Varkey,vedhikalata@example.com,1665914445,Jaipur,48,2023-02-21
CUST04434,Praneel Hayre,dixitadya@example.net,9142742589,Hyderabad,31,2023-04-05
CUST04435,Ekani Mistry,matthew73@example.com,2041689394,Pune,68,2023-05-08
CUST04436,Ekaja Badami,daniel06@example.org,07087624082,Delhi,59,2023-11-21
CUST04437,Charles Balasubramanian,upasnakamdar@example.org,5289257026,Kolkata,50,2024-01-19
CUST04438,Ekalinga Ganesh,vrishti15@example.com,03175363978,Kolkata,45,2024-03-06
CUST04439,Thomas Ramaswamy,vyasavni@example.org,6822983369,Jaipur,38,2023-03-22
CUST04440,Ridhi Chokshi,ajohal@example.org,3056441589,Chennai,44,2023-09-04
CUST04441,Damini Verma,sudikshanadig@example.net,3318390215,Hyderabad,34,2024-02-03
CUST04442,Mohammed Ahuja,nirjachaudhry@example.net,02287947311,Surat,50,2024-04-20
CUST04443,Daniel Menon,raygirish@example.org,+913628857015,Ahmedabad,60,2023-11-13
CUST04444,Urmi Chokshi,kpall@example.net,03026698032,Jaipur,29,2024-01-02
CUST04445,Shaurya Ray,lrajagopalan@example.net,+919137412839,Mumbai,58,2024-05-23
CUST04446,Riya Pai,nsunder@example.com,+918220473019,Jaipur,29,2023-04-19
CUST04447,Sanya Mammen,arunimachaudhary@example.net,+913567207190,Surat,49,2023-04-09
CUST04448,Udant Malhotra,unnighose@example.org,+918958090151,Chennai,60,2023-10-04
CUST04449,Yamini Rout,joshuabahl@example.com,6736438941,Ahmedabad,35,2024-03-05
CUST04450,Yuvraj Parmar,daviddeshmukh@example.net,0166515174,Jaipur,69,2023-10-18
CUST04451,Xavier Manda,qushiramaswamy@example.net,04798465033,Surat,67,2023-08-12
CUST04452,Leela Tiwari,chaudryekani@example.net,+917650960307,Hyderabad,54,2024-04-03
CUST04453,Yachana Oza,wjaggi@example.net,6322991945,Mumbai,51,2024-01-27
CUST04454,Warinder Kumer,yugtank@example.org,+913630619377,Chennai,41,2024-01-03
CUST04455,Meghana Dar,uwarrior@example.org,1871669934,Ahmedabad,27,2024-01-05
CUST04456,Forum Oak,wsura@example.net,+914274207842,Chennai,27,2023-12-28
CUST04457,Tara Bhatnagar,revaoza@example.com,08671436489,Kolkata,45,2024-05-04
CUST04458,Fiyaz Shenoy,advay88@example.net,00025188281,Hyderabad,38,2024-04-23
CUST04459,Chakradev Ganesh,zaid34@example.com,+911022013921,Delhi,58,2023-09-07
CUST04460,Manthan Wable,taraagarwal@example.net,9726332933,Chennai,44,2024-01-13
CUST04461,Advik Dua,onkarnaidu@example.org,+912400622417,Kolkata,70,2024-06-09
CUST04462,Caleb Bains,zluthra@example.net,8824769029,Kolkata,59,2023-02-20
CUST04463,Ubika Rattan,loyaldivya@example.org,8202692782,Bangalore,34,2024-03-31
CUST04464,Neel Narula,ranbirsuri@example.com,03740126849,Surat,33,2023-03-03
CUST04465,Omaja Master,lukeandra@example.com,09312483827,Hyderabad,33,2023-12-16
CUST04466,Diya Modi,siya34@example.net,5413236616,Delhi,27,2023-05-16
CUST04467,Qabil Kapoor,birtriya@example.org,3494520452,Chennai,19,2023-07-03
CUST04468,Irya Ganesan,mswamy@example.net,8907613187,Chennai,69,2024-01-31
CUST04469,Hamsini Mannan,bajwaonveer@example.org,+912678869512,Kolkata,47,2023-10-11
CUST04470,Dipta Suresh,duttavasudha@example.org,0382000039,Ahmedabad,53,2023-02-18
CUST04471,Imaran Bhat,bedioscar@example.net,+911038878151,Hyderabad,45,2024-05-06
CUST04472,Udyati Thakur,pavaniperi@example.com,+911624295553,Mumbai,30,2023-10-27
CUST04473,Vanya Chakraborty,chasmum22@example.net,0583283715,Bangalore,35,2024-05-28
CUST04474,Forum Muni,nidhi32@example.com,+914660472948,Bangalore,19,2023-06-27
CUST04475,Arjun Bajaj,chhabrabishakha@example.org,+910160970670,Kolkata,68,2023-06-20
CUST04476,Advay Dyal,ikbal93@example.com,+918054233574,Kolkata,60,2023-03-22
CUST04477,Jason Keer,peter88@example.org,01473990537,Jaipur,29,2023-12-01
CUST04478,Hemani Natt,jdoctor@example.net,06841816282,Mumbai,64,2023-08-27
CUST04479,Meera Dhar,vivaan41@example.net,+917395932954,Ahmedabad,68,2023-06-26
CUST04480,Gautami Nagarajan,libni32@example.org,2700626861,Mumbai,21,2024-04-10
CUST04481,Chameli Sodhi,obarad@example.com,09898962867,Delhi,38,2024-05-30
CUST04482,Vincent Hora,nachiket58@example.net,+914962525580,Surat,37,2024-04-27
CUST04483,Falak Kant,tanveer13@example.org,+915214857517,Delhi,44,2023-06-27
CUST04484,Qasim Roy,farhansem@example.net,+911457265425,Pune,60,2024-05-20
CUST04485,Maya Aggarwal,lallnandini@example.net,+911608107452,Delhi,43,2023-08-10
CUST04486,Jacob Narayan,walijalsa@example.com,+911080306154,Bangalore,33,2023-10-11
CUST04487,Eiravati Sheth,pbhat@example.net,01311942710,Delhi,54,2023-03-15
CUST04488,Lekha Sankar,sarafshaurya@example.org,7988159456,Jaipur,25,2024-06-14
CUST04489,Meera Nori,hritik52@example.com,+917509016153,Jaipur,60,2024-05-06
CUST04490,Aahana Mallick,dominicraj@example.org,+910030045208,Surat,67,2024-02-27
CUST04491,Dhriti Aggarwal,ivarghese@example.net,8311496386,Jaipur,34,2023-10-20
CUST04492,Alka Mahal,doctorisaiah@example.net,+917062217894,Ahmedabad,23,2023-04-17
CUST04493,Aarush Hegde,akshayamble@example.net,+919029154259,Chennai,56,2023-07-19
CUST04494,Yashica Kota,choudharylucky@example.org,+915970124423,Delhi,67,2023-08-31
CUST04495,Eiravati Sagar,lkeer@example.net,+919171232095,Pune,39,2024-04-04
CUST04496,Aarav Hayer,veer68@example.net,6914803066,Surat,65,2023-08-19
CUST04497,Rushil Bahri,baradyug@example.net,7556761342,Hyderabad,69,2023-11-19
CUST04498,Reyansh Mahal,wahab04@example.com,+914272051395,Chennai,45,2023-07-06
CUST04499,Bina Choudhry,pdalal@example.net,+911284256196,Chennai,27,2024-04-03
CUST04500,Krish Rau,xdhar@example.org,+917727690555,Delhi,29,2023-12-12
CUST04501,Zansi Jhaveri,auroratarak@example.com,06943074982,Chennai,35,2023-03-08
CUST04502,Nidra Thakkar,dhillonupadhriti@example.net,8901226995,Ahmedabad,44,2023-03-29
CUST04503,Oni Gara,chasmum20@example.com,+910306571287,Kolkata,55,2023-08-10
CUST04504,Tejas Mani,bahlethan@example.org,00494742142,Mumbai,49,2023-08-01
CUST04505,Sudiksha Chaudhary,menonekaja@example.com,09229625847,Jaipur,41,2024-05-28
CUST04506,Vasana Dugal,singhalprisha@example.net,9959053044,Delhi,38,2024-03-19
CUST04507,Upadhriti Mital,ramaswamyyug@example.net,5907009740,Jaipur,45,2023-10-06
CUST04508,Wriddhish Sura,etacontractor@example.org,0933186839,Ahmedabad,61,2023-11-03
CUST04509,Dominic Kumer,zkohli@example.com,6391890091,Chennai,35,2023-10-22
CUST04510,Vansha Kaur,girindravenkataraman@example.net,5141973486,Bangalore,41,2023-03-01
CUST04511,Suhani Sur,bina50@example.com,5686804779,Ahmedabad,63,2023-03-11
CUST04512,Gabriel Gupta,sai87@example.org,1392117059,Pune,70,2024-04-12
CUST04513,Krisha Ramakrishnan,kuruvillaurvi@example.net,09389269481,Kolkata,19,2023-06-06
CUST04514,Kashvi Dave,arya00@example.com,4530421431,Surat,20,2024-01-25
CUST04515,Nimrat Palla,kumararyan@example.org,04029816878,Mumbai,62,2023-12-31
CUST04516,Rachit Raghavan,jasonbadami@example.org,+918589472915,Chennai,34,2023-08-18
CUST04517,Oscar Cheema,nikitadhar@example.org,0817260761,Jaipur,42,2023-04-17
CUST04518,Chandresh More,faqid56@example.net,2072799994,Kolkata,58,2023-11-27
CUST04519,Christopher Dara,lekhasamra@example.org,3674086560,Pune,69,2023-02-28
CUST04520,Praneel Oommen,obakshi@example.com,3553417607,Delhi,52,2023-12-11
CUST04521,Maya Soman,omyadasgupta@example.net,02098463477,Chennai,46,2023-10-06
CUST04522,Idika Mistry,ohayre@example.org,04190128029,Hyderabad,18,2023-03-18
CUST04523,Aarna Dhingra,sawhneyaarna@example.net,+911559720565,Hyderabad,34,2023-04-22
CUST04524,Farhan Devi,dbadami@example.com,+910967083388,Kolkata,23,2024-06-05
CUST04525,Pushti Sharaf,rushilwagle@example.org,7899172352,Chennai,37,2023-11-20
CUST04526,Ishani Char,rachitagara@example.net,01002397704,Chennai,28,2023-06-04
CUST04527,Bishakha Pant,dev63@example.net,8328997105,Ahmedabad,58,2023-10-04
CUST04528,Faras D’Alia,warriorakshay@example.net,1660898911,Pune,69,2023-05-02
CUST04529,Chandani Sule,latawazir@example.net,4011540335,Hyderabad,68,2023-12-18
CUST04530,Christopher Bhat,vbaral@example.com,+910962771869,Mumbai,35,2023-10-31
CUST04531,Daniel Choudhry,btalwar@example.org,00949274537,Delhi,70,2023-12-11
CUST04532,Omaja Gandhi,tbhardwaj@example.com,2804179588,Ahmedabad,48,2024-01-17
CUST04533,Benjamin Khalsa,haritabehl@example.org,+917660028550,Hyderabad,39,2023-05-28
CUST04534,Reva Buch,sainizaitra@example.net,7317367231,Hyderabad,70,2023-03-14
CUST04535,Azaan Mann,ucchal51@example.org,+911207308163,Delhi,70,2024-06-14
CUST04536,Fitan Bail,anmol27@example.org,07726195843,Bangalore,62,2024-05-12
CUST04537,Nicholas Taneja,inayaparmar@example.net,2434822808,Kolkata,50,2023-07-29
CUST04538,Om Kakar,pgarde@example.net,+916135024855,Delhi,40,2024-03-12
CUST04539,Gayathri Raman,hbehl@example.net,+916357298982,Hyderabad,56,2023-03-06
CUST04540,Dalaja Chander,upadhritigera@example.net,+919127164316,Jaipur,65,2023-12-22
CUST04541,Darpan Roy,falan16@example.org,+910122125847,Pune,47,2024-03-04
CUST04542,Triveni Mukhopadhyay,yashawini93@example.net,09802250913,Mumbai,66,2023-08-19
CUST04543,Gavin Kale,lloke@example.org,01570995210,Mumbai,59,2024-02-28
CUST04544,Aayush Oza,nidhidar@example.org,+914476149434,Bangalore,58,2023-02-19
CUST04545,Fariq Kashyap,gtella@example.net,05754523558,Ahmedabad,68,2023-12-12
CUST04546,Diya Patla,pallajanya@example.org,01108715409,Bangalore,18,2023-11-23
CUST04547,Robert Mann,krastogi@example.net,02548354599,Hyderabad,30,2023-07-22
CUST04548,Raagini Johal,zilmil55@example.net,+910230972967,Kolkata,38,2024-03-08
CUST04549,Mekhala Radhakrishnan,tripathilaksh@example.net,09040620943,Surat,23,2024-03-20
CUST04550,Advaith Doshi,anaycherian@example.net,+910113263398,Delhi,28,2023-11-17
CUST04551,Nikita Sandhu,zwali@example.com,+914815391221,Chennai,51,2023-12-11
CUST04552,Reyansh Rattan,nadigoni@example.net,+914364446944,Bangalore,56,2023-04-23
CUST04553,Faqid Atwal,asavant@example.net,0530326151,Hyderabad,68,2023-12-28
CUST04554,Harshil Bali,anmol44@example.com,06389892284,Pune,46,2023-03-04
CUST04555,Darika Kunda,sbath@example.net,5735805416,Ahmedabad,65,2023-06-15
CUST04556,Sachi Parikh,agarwalodika@example.net,9215390050,Bangalore,34,2024-02-03
CUST04557,Bhavika Thakur,sehgalchristopher@example.org,3039375813,Bangalore,61,2024-02-01
CUST04558,Laban Chakraborty,nbajaj@example.net,4495718134,Surat,70,2023-04-11
CUST04559,Avi Sarin,ramaguneet@example.net,5361067076,Pune,69,2024-04-26
CUST04560,Vasana Ahuja,ektawadhwa@example.net,+912717732685,Kolkata,30,2024-02-06
CUST04561,Ekavir Bhasin,kabir89@example.com,+916863185525,Delhi,44,2023-09-09
CUST04562,Vedhika Zacharia,uagate@example.net,01166911534,Pune,29,2023-02-23
CUST04563,Maanav Modi,paninisabharwal@example.net,6976869900,Hyderabad,42,2024-06-23
CUST04564,Yahvi Dani,qarora@example.org,+917964049703,Surat,32,2023-11-17
CUST04565,Girish Agate,ekarajchaudhuri@example.org,05770183078,Mumbai,19,2023-07-16
CUST04566,Yamini Golla,hiral60@example.net,9432013022,Jaipur,59,2023-05-22
CUST04567,Idika Madan,koshykashvi@example.com,+913384472781,Surat,58,2023-04-19
CUST04568,Madhavi Munshi,xkata@example.org,04960660766,Chennai,23,2023-06-26
CUST04569,Manan Magar,bimalaravel@example.net,3485497515,Ahmedabad,30,2024-04-08
CUST04570,Aryan Murthy,manbirsami@example.net,7360630179,Kolkata,62,2023-11-01
CUST04571,Gautam Baria,peter78@example.org,3285968345,Bangalore,21,2023-04-12
CUST04572,Faras Bhakta,fpal@example.com,1382226293,Hyderabad,57,2023-08-22
CUST04573,Yasti Karnik,libni05@example.org,+914882526791,Hyderabad,56,2024-02-18
CUST04574,Gavin Pant,cmane@example.net,08718829917,Kolkata,27,2023-11-08
CUST04575,Manya Saini,patilaachal@example.com,8061870013,Delhi,41,2023-09-08
CUST04576,Manan Goyal,bhatnagaroviya@example.org,07691364725,Bangalore,54,2023-12-08
CUST04577,Lavanya Madan,harrisongarg@example.org,9853541430,Delhi,18,2023-04-01
CUST04578,Pranav Randhawa,zkaul@example.org,+915153104308,Jaipur,45,2023-02-27
CUST04579,Timothy Chakraborty,bansalonkar@example.com,0475476917,Ahmedabad,70,2023-04-08
CUST04580,Hemani Nagy,tripathiati@example.com,1728471271,Ahmedabad,25,2023-12-16
CUST04581,Vrinda Garg,frederick98@example.net,08333306559,Chennai,63,2024-05-21
CUST04582,Mekhala Boase,ishanioza@example.org,2022796177,Chennai,30,2024-06-05
CUST04583,Bahadurjit Chahal,chakradevpadmanabhan@example.net,01729488983,Kolkata,36,2023-06-04
CUST04584,George Uppal,xkorpal@example.com,+915256406056,Ahmedabad,42,2023-07-17
CUST04585,Laksh Apte,vaidyagayathri@example.org,1572750636,Bangalore,45,2023-05-09
CUST04586,Neel Narasimhan,paiyash@example.net,05312358484,Chennai,56,2023-05-01
CUST04587,Alka Chander,chakrika46@example.net,+910424579727,Chennai,70,2023-05-20
CUST04588,Xavier Gaba,chokshiyashodhara@example.org,2938074385,Kolkata,64,2024-03-04
CUST04589,Orinder Bath,labanchad@example.net,05155673376,Chennai,44,2023-03-21
CUST04590,Lakshit Sarna,usundaram@example.com,5973246057,Bangalore,44,2024-02-26
CUST04591,Ikshita Badal,gautamchandran@example.net,+915058368251,Bangalore,19,2023-10-01
CUST04592,Manbir Mammen,kamala26@example.com,06934432228,Kolkata,34,2023-05-20
CUST04593,Falan Hegde,goyalwarda@example.org,+912044840004,Chennai,57,2023-08-10
CUST04594,Bhavya Mahal,kgoyal@example.com,9281727243,Ahmedabad,33,2023-05-23
CUST04595,Sara Ganesh,lankaadya@example.com,+917628255994,Pune,55,2024-03-20
CUST04596,Nicholas Taneja,lila55@example.net,7694130087,Ahmedabad,23,2023-03-31
CUST04597,Manan Kannan,imaran69@example.org,+918244649566,Mumbai,48,2024-01-16
CUST04598,Neelima Sachdeva,gourayaan@example.com,02451309612,Bangalore,38,2023-10-02
CUST04599,Brinda Vig,vasana94@example.net,01844265495,Hyderabad,61,2023-06-05
CUST04600,Jhalak Sinha,anita94@example.org,08744915022,Chennai,63,2023-05-02
CUST04601,Ekalinga Pradhan,gpuri@example.org,+916550891490,Hyderabad,63,2024-04-13
CUST04602,Pahal Dalal,udyati48@example.org,+914869080267,Hyderabad,65,2024-02-14
CUST04603,Naveen Kumer,khannadayita@example.org,04978475228,Surat,34,2024-03-16
CUST04604,Geetika Brahmbhatt,nidra24@example.net,3729952043,Delhi,24,2023-03-02
CUST04605,Dakshesh Mani,oeshikarpe@example.net,05997298468,Jaipur,21,2024-05-14
CUST04606,Tanvi Roy,prabhakaranay@example.net,07599753929,Mumbai,39,2024-01-18
CUST04607,Hredhaan Kumar,padmanabhanavni@example.net,06529189358,Chennai,48,2023-03-11
CUST04608,Chandresh Sawhney,rdevan@example.org,04260244211,Pune,56,2023-10-14
CUST04609,Yahvi Manda,udube@example.com,03684850701,Surat,63,2023-06-13
CUST04610,Liam Ghosh,ektanadig@example.net,+914405710620,Mumbai,18,2023-10-27
CUST04611,Michael Aggarwal,chauhancharan@example.com,+912588604960,Kolkata,50,2023-04-22
CUST04612,Dhriti Basu,azaandash@example.org,8855261728,Surat,42,2024-03-09
CUST04613,Vrishti Baria,krishadar@example.org,09279760402,Kolkata,43,2023-09-27
CUST04614,Akshay Dada,bawayutika@example.net,09525400351,Pune,26,2024-03-06
CUST04615,Aradhana Mutti,srajagopalan@example.net,07897926911,Jaipur,20,2023-09-04
CUST04616,Nirja Kuruvilla,zraja@example.net,3266318829,Surat,29,2024-06-12
CUST04617,Lavanya Doctor,kamala84@example.net,01662635754,Kolkata,28,2024-01-27
CUST04618,Forum Ghose,azaan54@example.org,08331421472,Jaipur,49,2024-01-09
CUST04619,Ranveer Dugar,ubawa@example.com,04027412432,Pune,47,2024-06-26
CUST04620,Nathaniel Balan,paurora@example.com,2661367634,Bangalore,23,2023-12-24
CUST04621,Kevin Yogi,madhav95@example.net,+913120132796,Pune,63,2023-10-28
CUST04622,Nidhi Nagy,faraschahal@example.com,08002810593,Jaipur,45,2023-12-14
CUST04623,Chatura Purohit,jason67@example.net,+912149290783,Bangalore,34,2023-07-01
CUST04624,Anmol Shenoy,wdeol@example.net,+912109859306,Delhi,38,2024-01-25
CUST04625,Ronith Trivedi,gautamkohli@example.com,+919411872742,Mumbai,26,2024-06-27
CUST04626,Vihaan Butala,bpadmanabhan@example.org,+916311596955,Ahmedabad,35,2024-05-10
CUST04627,Tara Bhasin,hema76@example.org,01625316402,Pune,45,2024-01-30
CUST04628,Vincent Kalla,lokejhalak@example.net,7412986037,Kolkata,34,2023-10-12
CUST04629,Gautami Lad,eiravatikanda@example.org,00277721788,Surat,66,2024-01-08
CUST04630,Mitesh Zacharia,jtrivedi@example.com,00031235483,Kolkata,51,2023-09-19
CUST04631,Eiravati Karan,hswaminathan@example.net,+912395302155,Pune,45,2023-11-26
CUST04632,Nachiket Kala,hiteshnigam@example.net,1051850797,Bangalore,38,2024-03-14
CUST04633,Yashoda Chaudhuri,choudhuryyamini@example.com,+918985000388,Ahmedabad,66,2024-04-08
CUST04634,Harrison Kant,azadkata@example.com,+919603374961,Bangalore,53,2024-06-25
CUST04635,Aarav Seshadri,yadavibhasin@example.com,3446969091,Ahmedabad,21,2023-03-09
CUST04636,Fariq Khosla,dthaman@example.com,06007919492,Chennai,27,2023-06-01
CUST04637,Darpan Goel,qkade@example.org,09978055014,Mumbai,32,2024-05-22
CUST04638,Theodore Aggarwal,chawlaekalinga@example.net,07051210753,Bangalore,20,2024-06-02
CUST04639,Irya Memon,yatinsane@example.com,3755849128,Ahmedabad,34,2023-05-14
CUST04640,Qadim Mody,luthrazaitra@example.com,6189465854,Bangalore,63,2024-02-16
CUST04641,Wyatt Aurora,sandhujagat@example.org,09242628115,Ahmedabad,45,2024-04-07
CUST04642,Saumya Dara,kwali@example.org,+912171146753,Delhi,49,2024-06-14
CUST04643,Divya Sur,narayananisha@example.com,0143027679,Mumbai,46,2024-01-09
CUST04644,Yasti Datta,anvi04@example.org,8324200954,Pune,63,2023-03-26
CUST04645,Jonathan Sidhu,zsom@example.com,+916333132562,Jaipur,49,2023-03-27
CUST04646,Udyati Maharaj,mukhopadhyayagastya@example.net,05162977291,Ahmedabad,49,2023-09-04
CUST04647,Thomas Mallick,dchahal@example.com,04878207952,Delhi,64,2024-06-18
CUST04648,Hamsini Sodhi,lataleena@example.com,3715303763,Bangalore,25,2024-01-20
CUST04649,Arunima Tiwari,regetara@example.com,+911218272596,Pune,23,2023-09-29
CUST04650,Widisha Nadig,henrysrinivas@example.net,01647560915,Chennai,36,2023-10-06
CUST04651,Aradhana Cheema,suhani96@example.org,4282342820,Bangalore,28,2023-12-22
CUST04652,Jeremiah Dube,eshanakarpe@example.com,2213286879,Jaipur,70,2024-01-10
CUST04653,Tejas Gala,lipika09@example.net,3947585989,Kolkata,54,2023-06-16
CUST04654,William Doshi,chaudharyaahana@example.net,+919451779017,Surat,31,2023-03-22
CUST04655,Yadavi Lala,chatura53@example.net,02360768263,Surat,18,2023-09-24
CUST04656,Lakshmi Thakkar,rajeshri46@example.com,+911572489566,Jaipur,67,2023-07-26
CUST04657,Pahal Manda,yashvisingh@example.net,3070046660,Surat,29,2024-02-09
CUST04658,Nihal Deol,ychaudry@example.org,07130520640,Hyderabad,22,2024-06-07
CUST04659,Fariq Seshadri,raorachana@example.net,+915489102114,Chennai,67,2024-02-16
CUST04660,Dipta Munshi,rattanvrishti@example.org,3399704983,Ahmedabad,61,2023-07-23
CUST04661,Qarin Soman,nbatta@example.com,+919328875257,Delhi,39,2023-09-15
CUST04662,Ijaya Golla,plata@example.com,7975254217,Mumbai,36,2023-03-30
CUST04663,Ojasvi Vora,gaurangi98@example.org,6349459053,Delhi,43,2024-04-23
CUST04664,Anika Bhakta,gayathri11@example.net,01010898726,Pune,55,2023-11-27
CUST04665,Indali Mohanty,mchatterjee@example.com,+919266695981,Delhi,38,2024-01-05
CUST04666,Urmi Agrawal,amritatandon@example.net,+911254970751,Bangalore,19,2023-07-11
CUST04667,Oni Tandon,darpan02@example.net,07416073198,Delhi,47,2023-08-12
CUST04668,Vamakshi Wali,hamsinipatil@example.com,6128240828,Ahmedabad,47,2024-03-18
CUST04669,Kevin Sathe,baljiwan64@example.com,+918870449160,Kolkata,56,2023-10-13
CUST04670,Anay Dora,ppatil@example.net,09432050009,Mumbai,39,2024-03-17
CUST04671,Teerth Ramachandran,priya07@example.com,05422336069,Mumbai,59,2023-06-18
CUST04672,Sachi Desai,kkanda@example.org,02995961708,Surat,46,2023-11-03
CUST04673,Isaiah Vaidya,rachanaloke@example.net,0941254724,Pune,64,2023-09-14
CUST04674,Bahadurjit Hegde,harinakshi84@example.org,4308943666,Surat,26,2024-02-05
CUST04675,Balvan Natarajan,urvashi19@example.net,01306957071,Chennai,21,2023-06-05
CUST04676,Mohammed Trivedi,uwali@example.org,02440695351,Kolkata,38,2023-10-21
CUST04677,Jeet Dara,lukebrahmbhatt@example.org,+917236132800,Mumbai,65,2023-03-07
CUST04678,Gaurika Mistry,vigurvi@example.com,5033467057,Delhi,53,2024-05-04
CUST04679,Maya Loke,mandaldarpan@example.org,+916956209484,Surat,42,2024-02-02
CUST04680,Fariq Bhalla,yashvidixit@example.org,8843772118,Delhi,43,2023-05-26
CUST04681,Hemal Chada,pmunshi@example.org,+919720486818,Kolkata,29,2023-04-28
CUST04682,Ekavir Dass,gangabaria@example.com,8321445686,Chennai,67,2024-05-02
CUST04683,Dayamai Rout,rahuja@example.net,+911516695539,Hyderabad,23,2023-04-22
CUST04684,Hardik Chokshi,bhavnaramaswamy@example.com,8807889907,Mumbai,31,2023-03-11
CUST04685,Waida Keer,khannaojas@example.org,+918210215234,Bangalore,42,2024-01-24
CUST04686,Jason Shankar,keerjeremiah@example.org,07177918506,Hyderabad,36,2023-07-17
CUST04687,Widisha Kar,arjunkalla@example.com,+917149870378,Bangalore,25,2024-02-09
CUST04688,Kashvi Som,bshukla@example.net,+911413192993,Kolkata,49,2023-05-17
CUST04689,Chandani Tailor,barmanchandran@example.com,+916715663685,Hyderabad,65,2023-09-17
CUST04690,Dev Banik,qjha@example.net,2904505732,Kolkata,61,2024-02-19
CUST04691,Rushil Bhargava,ojasvi25@example.net,7223709144,Surat,26,2023-05-04
CUST04692,Gayathri Kakar,sanghaabhimanyu@example.com,6091330772,Pune,60,2024-04-28
CUST04693,Manan Tiwari,dpall@example.com,03282485802,Delhi,41,2024-02-08
CUST04694,Nidhi Prasad,vanshadubey@example.com,+910896641728,Jaipur,30,2024-01-29
CUST04695,Kala Chand,falak39@example.com,03452385214,Ahmedabad,46,2023-09-07
CUST04696,Faraj Buch,pillayidika@example.net,7942234132,Hyderabad,48,2023-07-16
CUST04697,Nitesh Trivedi,keyanadkarni@example.org,5654560356,Kolkata,54,2023-08-24
CUST04698,Reyansh Puri,devansh76@example.net,5707794912,Surat,45,2023-02-14
CUST04699,Kalpit Pillai,mpuri@example.com,+912169870912,Delhi,66,2024-06-24
CUST04700,Omisha Shere,somteerth@example.net,+913379713027,Hyderabad,69,2023-03-20
CUST04701,Gaurang Kalita,madhavsankaran@example.net,+911873637627,Pune,57,2024-03-05
CUST04702,Champak Zacharia,cbava@example.org,+919124164479,Bangalore,45,2024-05-30
CUST04703,Aahana Khosla,ronithbumb@example.com,4848741520,Hyderabad,23,2024-03-10
CUST04704,Chandani Shetty,dayamai88@example.org,01747383669,Mumbai,50,2023-07-06
CUST04705,Yoshita Kadakia,avni99@example.net,06472553655,Pune,47,2023-07-20
CUST04706,Harini Goel,sakshamvasa@example.net,2516913068,Chennai,59,2024-06-19
CUST04707,Harshil Gopal,hemabanerjee@example.org,01359070671,Bangalore,49,2023-08-11
CUST04708,Nakul Patla,hgopal@example.com,+910878132991,Jaipur,58,2023-04-01
CUST04709,Isaiah Warrior,trivenimodi@example.org,08273459986,Jaipur,23,2023-08-10
CUST04710,Dalbir Parekh,amritanadkarni@example.com,+913163073359,Kolkata,47,2024-02-22
CUST04711,Suhani Pal,deopatrick@example.net,03769848282,Hyderabad,23,2024-01-17
CUST04712,David Mahajan,amolsekhon@example.org,0156339180,Ahmedabad,37,2023-12-27
CUST04713,Ijaya Tank,small@example.net,+912293307423,Bangalore,26,2023-04-28
CUST04714,Gaurav Baral,chatresh69@example.com,00637213661,Kolkata,33,2024-02-19
CUST04715,Nicholas Golla,rachita38@example.org,06971699175,Jaipur,45,2023-08-16
CUST04716,Gaurav Kibe,azadvarkey@example.org,01130010589,Kolkata,54,2024-02-15
CUST04717,Hritik Kulkarni,thomas42@example.com,4156135466,Mumbai,53,2023-05-23
CUST04718,Ridhi Hayer,bnayar@example.com,6191129490,Delhi,20,2023-07-11
CUST04719,Ekbal Dhawan,tdevan@example.net,+919750288733,Jaipur,24,2023-11-18
CUST04720,Adweta Palla,irya62@example.com,07777832186,Jaipur,45,2023-09-28
CUST04721,Samarth Sawhney,ladlimutti@example.com,8372004516,Hyderabad,24,2024-03-09
CUST04722,Devansh Narang,singhmadhav@example.com,+913502142172,Ahmedabad,60,2023-03-29
CUST04723,Thomas Savant,maxkunda@example.org,2344290712,Surat,70,2024-06-20
CUST04724,Azaan Dugar,tanish00@example.com,+913248444405,Kolkata,40,2023-04-05
CUST04725,Baghyawati Yohannan,wbhalla@example.com,08005725294,Kolkata,55,2023-07-17
CUST04726,Charles Venkataraman,rushilhegde@example.net,+911532823320,Delhi,67,2023-03-27
CUST04727,Hritik Prashad,meghanamangat@example.com,00980787211,Jaipur,19,2023-06-05
CUST04728,Vedika Bhat,chatura22@example.com,09300382955,Delhi,65,2023-06-06
CUST04729,Fariq Palan,dkeer@example.org,+918857726033,Ahmedabad,29,2023-05-18
CUST04730,Avi Sampath,hemanibala@example.com,00231750810,Bangalore,43,2023-07-24
CUST04731,Krishna Chawla,igoel@example.net,05221198644,Mumbai,23,2023-10-09
CUST04732,Vedant Mall,venkataramanikbal@example.org,1686062536,Hyderabad,63,2024-03-19
CUST04733,Samuel Venkataraman,venkataramananamika@example.net,08677711090,Kolkata,38,2024-01-21
CUST04734,Rushil Edwin,sethimitali@example.org,07316956285,Surat,64,2023-11-23
CUST04735,Nidra Biswas,matthew09@example.org,+910366758082,Ahmedabad,66,2024-05-27
CUST04736,Thomas Suri,xseshadri@example.net,9315893657,Ahmedabad,57,2023-07-06
CUST04737,Yauvani Ravel,urishilla32@example.com,04433872341,Kolkata,39,2024-02-29
CUST04738,Tanveer Chopra,samayachana@example.net,02113759648,Bangalore,31,2023-11-11
CUST04739,Bahadurjit Purohit,qshroff@example.org,+918428182695,Bangalore,23,2024-01-17
CUST04740,Darsh Borde,karakshay@example.org,+911924463302,Surat,34,2023-11-27
CUST04741,Harita Dube,cmody@example.org,+919213283906,Delhi,45,2024-01-30
CUST04742,Balveer Bhandari,gavin56@example.org,3513039949,Jaipur,19,2023-04-23
CUST04743,Ekalinga Gupta,chandreshjayaraman@example.com,+912899518243,Mumbai,43,2023-04-17
CUST04744,Harinakshi Aurora,chaitaly64@example.com,06990336545,Delhi,18,2023-06-16
CUST04745,Vanya Mohanty,charitasidhu@example.net,05643273329,Bangalore,59,2023-12-20
CUST04746,Christopher Mall,orinderbhasin@example.net,01121704379,Ahmedabad,47,2023-09-12
CUST04747,Atharv Manda,ranbirshere@example.org,01749097827,Hyderabad,60,2023-09-08
CUST04748,Vasana Choudhury,jmani@example.org,7437517778,Surat,64,2024-06-19
CUST04749,Jasmit Dalal,chakrabartirachita@example.com,8878711967,Ahmedabad,37,2023-06-23
CUST04750,Sudiksha Om,farhanrajagopal@example.org,7970669995,Surat,70,2023-08-08
CUST04751,Bhavika Bhasin,matthewdixit@example.com,+914753666802,Surat,41,2023-11-20
CUST04752,Nimrat Chaudhuri,jeevika54@example.com,+911755958398,Hyderabad,69,2023-04-30
CUST04753,Ria Babu,oviya46@example.org,9567230855,Kolkata,23,2023-07-01
CUST04754,Thomas Sabharwal,avni93@example.com,07908876883,Bangalore,26,2023-10-29
CUST04755,Guneet Sanghvi,vdara@example.com,06289480633,Mumbai,30,2023-08-01
CUST04756,Osha Dhaliwal,dkuruvilla@example.com,8093676617,Delhi,70,2023-09-30
CUST04757,Arjun Ganesan,isaackeer@example.net,+912001450162,Mumbai,62,2023-07-04
CUST04758,Darika Acharya,balayvedant@example.com,+912472424305,Chennai,19,2023-09-02
CUST04759,Anmol Nagar,dharsaksham@example.org,+916799284639,Chennai,48,2024-05-11
CUST04760,Harita Raja,orinder26@example.org,8175970119,Bangalore,59,2023-02-15
CUST04761,Ati Shankar,caleb51@example.com,4888258120,Chennai,45,2024-02-27
CUST04762,Unni Gade,yashica11@example.com,+916895065731,Jaipur,30,2023-06-08
CUST04763,Gaurang Narasimhan,lakshit97@example.com,2866771902,Delhi,37,2023-05-21
CUST04764,Kritika Dixit,uwali@example.org,9707947205,Ahmedabad,27,2024-05-12
CUST04765,Gaurav Talwar,ppandey@example.org,6392776984,Ahmedabad,45,2024-03-19
CUST04766,Jeet Chopra,bhavinibatra@example.net,8604366899,Mumbai,25,2023-07-26
CUST04767,Bhanumati Dada,vartyjhalak@example.org,06423164219,Bangalore,27,2024-04-06
CUST04768,Damini Rao,andrasanya@example.com,9860786381,Ahmedabad,49,2023-05-07
CUST04769,Ekani Srinivasan,lekhadewan@example.net,4837516061,Ahmedabad,19,2024-04-23
CUST04770,Chakradhar Kala,finn95@example.com,+910097465248,Ahmedabad,55,2023-06-09
CUST04771,Frederick Buch,kamala06@example.com,03349569240,Chennai,30,2023-04-05
CUST04772,Rachita Lall,swable@example.net,+918522824874,Kolkata,54,2023-12-29
CUST04773,Lucky Kapur,pgandhi@example.net,2599551140,Hyderabad,21,2023-08-21
CUST04774,Charles Atwal,ramakrishnanurvi@example.net,07199120111,Pune,18,2024-04-16
CUST04775,Rachit Batta,kamya64@example.org,9039709704,Delhi,58,2023-12-17
CUST04776,Girindra Atwal,nitara12@example.org,9975254707,Hyderabad,44,2023-11-08
CUST04777,Januja Mann,suhani25@example.org,+911208655099,Ahmedabad,65,2023-02-19
CUST04778,Hemang Mittal,aarushpillai@example.net,4716344151,Surat,56,2024-04-12
CUST04779,Gunbir Dubey,bachittar36@example.org,+912782709176,Jaipur,36,2023-03-07
CUST04780,Aditya Deep,skeer@example.com,08879552991,Mumbai,49,2023-03-01
CUST04781,Laban Bhavsar,esani@example.org,3238782508,Hyderabad,49,2023-05-21
CUST04782,Bachittar Batta,singhchakradhar@example.com,06400381606,Jaipur,55,2023-02-26
CUST04783,Nimrat Chand,zehaanlal@example.org,+917495688968,Surat,61,2023-05-07
CUST04784,Aachal Subramanian,sawhneyliam@example.com,02599979896,Ahmedabad,32,2023-11-05
CUST04785,Karan Bhargava,gaurika06@example.com,+918236083523,Mumbai,51,2024-05-01
CUST04786,Zaitra Sahota,varshasrinivasan@example.net,+912874892823,Mumbai,45,2024-03-06
CUST04787,Fariq Shanker,devanwridesh@example.org,05533517496,Surat,38,2024-01-28
CUST04788,Dayamai Sani,vcheema@example.net,07143951617,Jaipur,22,2023-05-08
CUST04789,Diya Konda,tanvi72@example.net,+911333614345,Kolkata,59,2023-09-17
CUST04790,Leela Talwar,chanderharini@example.org,5730334160,Hyderabad,48,2023-07-15
CUST04791,Oliver Bedi,mbandi@example.com,+911427552635,Delhi,49,2023-06-24
CUST04792,Widisha Balakrishnan,kotharinirja@example.org,+914938457159,Surat,59,2023-09-14
CUST04793,Fariq Manne,haritabhandari@example.com,01617132714,Pune,46,2024-03-19
CUST04794,Hritik Chada,lopa30@example.com,0661312129,Hyderabad,19,2023-11-19
CUST04795,Aachal Sahni,pvasa@example.com,+916123461192,Bangalore,36,2023-08-29
CUST04796,Rehaan Barad,santidika@example.net,2283009463,Chennai,48,2023-07-15
CUST04797,Omaja Parmer,pahal16@example.net,9149088992,Pune,46,2023-03-16
CUST04798,Saksham Arora,triptikalla@example.net,03656756965,Chennai,50,2024-03-07
CUST04799,Azad Narain,nicholassengupta@example.net,00446567016,Chennai,55,2024-03-08
CUST04800,Daksha Bora,hparmar@example.com,1441686052,Pune,56,2023-08-10
CUST04801,Thomas Maharaj,advik30@example.net,+918924490091,Ahmedabad,26,2024-05-27
CUST04802,Naksh Gade,mittalrudra@example.net,+913074874534,Kolkata,64,2024-03-17
CUST04803,Jatin Bhakta,kmann@example.net,+912573597280,Hyderabad,44,2023-07-14
CUST04804,Nimrat Sawhney,omaja49@example.org,+915164998742,Pune,68,2023-10-19
CUST04805,Ethan Vala,zdugar@example.org,8587980666,Ahmedabad,69,2023-08-11
CUST04806,Alka Varty,udant03@example.com,08673040009,Bangalore,57,2023-08-18
CUST04807,Ijaya Sarin,fiyengar@example.org,2687612884,Chennai,36,2023-06-29
CUST04808,Joshua Pillai,vihaansalvi@example.org,+918690887757,Delhi,60,2023-11-07
CUST04809,Rushil Prakash,bishakha63@example.com,+918535746206,Ahmedabad,26,2024-05-07
CUST04810,Mitesh Suri,forumrai@example.com,02898001769,Bangalore,30,2024-03-22
CUST04811,Meera Sangha,udash@example.com,3075925797,Bangalore,56,2023-10-06
CUST04812,Lajita Bava,bahlonkar@example.com,+911372651255,Ahmedabad,24,2023-11-22
CUST04813,Liam Prakash,yatinlalla@example.net,+912119906436,Hyderabad,49,2023-12-24
CUST04814,Tanvi Mane,suhani74@example.net,+910503182736,Kolkata,33,2023-12-01
CUST04815,Hitesh Chaudhuri,tsrinivas@example.net,01086694793,Chennai,53,2024-05-20
CUST04816,Joshua Hegde,ubikachauhan@example.net,08952786903,Mumbai,19,2023-02-28
CUST04817,Deepa Pai,gargriya@example.net,9167161370,Pune,34,2023-04-05
CUST04818,Gunbir Bajaj,wjaggi@example.com,+917845127105,Pune,61,2024-05-06
CUST04819,Xiti Wason,darikasehgal@example.net,08941567978,Bangalore,29,2023-02-24
CUST04820,Chameli Shroff,vdass@example.net,9967233461,Jaipur,20,2024-01-27
CUST04821,Vyanjana Sood,bhallanaksh@example.org,+917864118947,Delhi,39,2023-06-28
CUST04822,Tanvi Iyengar,qvarma@example.net,08638246987,Hyderabad,25,2023-03-30
CUST04823,Indali Palla,kapurfrederick@example.org,07315281590,Surat,32,2023-07-03
CUST04824,Nidra Chandra,henrynanda@example.net,+916394512858,Delhi,53,2023-11-23
CUST04825,Rishi Agrawal,tankharrison@example.org,5987248343,Chennai,49,2024-06-07
CUST04826,Nimrat Singhal,dhruv67@example.org,+913988913997,Kolkata,39,2023-12-17
CUST04827,Yauvani Tandon,anvihegde@example.com,+914367523563,Pune,67,2024-06-28
CUST04828,Amol Vaidya,mhalder@example.com,6130852471,Mumbai,67,2023-11-29
CUST04829,Inaya Kade,shahshivani@example.org,+918716345784,Jaipur,35,2023-10-29
CUST04830,Bimala Dalal,janujakaul@example.org,2346929783,Bangalore,62,2023-09-23
CUST04831,Ekbal Deep,vrishti10@example.org,+913833311297,Jaipur,56,2024-05-12
CUST04832,Zehaan Kumer,oscar76@example.net,6624282376,Delhi,63,2023-09-03
CUST04833,Yasti Krish,kapoorbalhaar@example.com,07123786894,Mumbai,46,2024-04-29
CUST04834,Sai Handa,qlala@example.com,4827395481,Ahmedabad,66,2023-09-09
CUST04835,Arunima Venkataraman,bchatterjee@example.net,2968292459,Delhi,24,2023-03-15
CUST04836,Upasna Dixit,oommenhemangini@example.com,+912525888582,Surat,57,2024-05-06
CUST04837,Bhavya Bhargava,simonthaker@example.org,00490987313,Delhi,70,2023-05-25
CUST04838,Gautami Sachdeva,rajagopalanwridesh@example.net,08936594557,Jaipur,20,2023-02-14
CUST04839,Noah Sodhi,siddharth98@example.net,7457364149,Jaipur,24,2023-04-23
CUST04840,Baghyawati Agrawal,buchanay@example.org,2900210796,Bangalore,58,2024-01-07
CUST04841,Krisha Ramanathan,deolaayush@example.com,+910932821252,Delhi,31,2023-11-21
CUST04842,Pratyush Bal,xitiborah@example.org,02833882855,Pune,28,2024-01-18
CUST04843,Osha Sridhar,uiyer@example.org,+913598860000,Kolkata,63,2023-02-22
CUST04844,Zaitra Jain,maanas41@example.net,00765233570,Ahmedabad,66,2024-02-09
CUST04845,Oni Nagarajan,devanchatura@example.com,5152701274,Jaipur,49,2023-02-13
CUST04846,Maanav Samra,rsahni@example.org,09547671922,Delhi,27,2024-04-03
CUST04847,Matthew Gandhi,keerliam@example.com,8076129270,Pune,39,2023-09-17
CUST04848,Umang Rajagopalan,jcheema@example.net,+911237928148,Bangalore,25,2023-03-08
CUST04849,Yochana Hegde,yochana74@example.com,04124043842,Chennai,46,2024-02-06
CUST04850,Wriddhish Palla,buchindira@example.net,2702452859,Hyderabad,67,2024-04-03
CUST04851,Bimala Mandal,tkarnik@example.org,+911119470117,Mumbai,33,2024-04-25
CUST04852,Lavanya Kapoor,badalhitesh@example.net,0762378556,Ahmedabad,39,2023-10-03
CUST04853,Teerth Batra,sarinwidisha@example.com,+910212066326,Kolkata,50,2023-09-28
CUST04854,Kamya Verma,yochana32@example.net,6464126630,Bangalore,23,2023-08-01
CUST04855,Yashasvi Kannan,maxkaur@example.org,+917773649335,Kolkata,41,2024-02-01
CUST04856,Megha Chadha,poza@example.com,09587806686,Hyderabad,41,2023-08-22
CUST04857,Lopa Pandya,sulekamala@example.com,03862338841,Chennai,27,2024-03-06
CUST04858,Ekbal Sibal,abdul49@example.com,06035623802,Jaipur,44,2023-08-02
CUST04859,Kamya Srivastava,subramanianbhavika@example.com,+912951467470,Chennai,26,2024-01-07
CUST04860,Unnati Patla,nchokshi@example.org,02446241674,Hyderabad,44,2023-11-29
CUST04861,Ishita Karpe,ybassi@example.com,3182118148,Hyderabad,47,2024-05-11
CUST04862,Pallavi Cheema,psandhu@example.com,4060882479,Jaipur,68,2024-03-18
CUST04863,Lohit Gala,zwalia@example.org,+919917922939,Pune,19,2023-11-11
CUST04864,Yauvani Pandey,udarsh27@example.com,7705503718,Ahmedabad,27,2023-03-22
CUST04865,Luke Morar,asane@example.net,09053497574,Mumbai,63,2023-07-09
CUST04866,Christopher Chokshi,zayan55@example.com,05623217914,Jaipur,22,2024-01-27
CUST04867,Hemang Venkataraman,mkurian@example.net,07161702972,Delhi,39,2023-10-22
CUST04868,Christopher Deol,jagrati54@example.com,7261424483,Pune,43,2024-05-25
CUST04869,Harish Sethi,warda23@example.org,9612694465,Bangalore,45,2024-05-23
CUST04870,George Shroff,urmidesai@example.org,02382389256,Mumbai,43,2023-08-03
CUST04871,Rachana Rai,vasatikaray@example.net,2874259437,Mumbai,60,2024-05-14
CUST04872,Jackson Wali,pallayashawini@example.org,4994766273,Bangalore,54,2023-11-13
CUST04873,Adweta Ray,ekajadivan@example.org,+916933753614,Mumbai,58,2023-05-26
CUST04874,Kamala Kamdar,gsami@example.net,2409194122,Jaipur,36,2023-12-02
CUST04875,Sudiksha Bail,aahanahanda@example.org,2649928982,Hyderabad,43,2024-04-30
CUST04876,Zayan Mangal,ishita98@example.com,03921121961,Jaipur,37,2023-11-01
CUST04877,Azaan Bhasin,aryalaksh@example.net,+917182290944,Pune,40,2023-08-23
CUST04878,Hemangini Bains,bperi@example.com,01224714116,Mumbai,70,2023-10-19
CUST04879,Damini Oak,randhawaxalak@example.com,+914611776969,Kolkata,51,2023-05-29
CUST04880,Isaiah Balan,sudikshahalder@example.net,02736741304,Surat,27,2024-03-05
CUST04881,Advika Sha,anvi24@example.org,3739007136,Hyderabad,46,2024-01-28
CUST04882,Daksh Sankaran,vorasamarth@example.com,04969447107,Chennai,52,2024-04-16
CUST04883,Wyatt Parmer,ekani10@example.com,+915457027892,Surat,68,2024-01-24
CUST04884,Isaiah Morar,irai@example.org,9899242803,Surat,59,2024-05-06
CUST04885,Yauvani Mani,cdar@example.com,2659938788,Ahmedabad,62,2024-03-22
CUST04886,Laksh Dani,drajagopal@example.org,01850814635,Pune,69,2024-02-27
CUST04887,Alexander Patla,bbose@example.org,+919282981186,Hyderabad,67,2023-05-10
CUST04888,Anthony Chandran,tiwarichandresh@example.net,3865030666,Chennai,37,2024-01-06
CUST04889,Watika Nori,ladkevin@example.org,1490066632,Delhi,20,2023-04-19
CUST04890,Rajata Agrawal,masonjohal@example.com,7994505495,Jaipur,39,2023-05-07
CUST04891,Karan Kulkarni,nshere@example.net,02205859277,Hyderabad,64,2024-03-09
CUST04892,Jagdish Kata,khoslavedhika@example.org,+919729140226,Bangalore,51,2024-04-11
CUST04893,Jai Mani,ukoshy@example.com,+916665407913,Jaipur,36,2024-03-06
CUST04894,Avi Natt,hchoudhary@example.org,+917235662578,Chennai,23,2023-05-30
CUST04895,Ladli Wable,baghyawati56@example.com,02013320573,Jaipur,53,2024-06-17
CUST04896,Ati Baria,azadswamy@example.org,+917771910164,Kolkata,51,2024-01-06
CUST04897,Lucky Yogi,isaacganguly@example.com,+916575529327,Pune,66,2023-09-17
CUST04898,Samuel Baral,parthgupta@example.org,4851116088,Bangalore,19,2023-08-21
CUST04899,Jack Saraf,aradhana20@example.org,08183252448,Mumbai,68,2024-05-04
CUST04900,Samar Chaudry,bgola@example.net,+911556719201,Jaipur,55,2023-05-15
CUST04901,Damini Comar,pbhatt@example.com,04396189078,Kolkata,33,2023-05-19
CUST04902,Mohammed Khare,rohan72@example.com,9519132058,Kolkata,64,2023-07-26
CUST04903,Adweta Wali,yutika04@example.net,+917642336939,Hyderabad,50,2023-02-14
CUST04904,Chandani Shroff,arjunanne@example.net,+919125737821,Delhi,64,2023-03-07
CUST04905,Tripti Kata,yochanabali@example.com,05256705534,Mumbai,41,2023-05-21
CUST04906,Janani Rastogi,darpan26@example.com,+915345574044,Kolkata,58,2023-11-30
CUST04907,Vasana Chacko,basuyauvani@example.org,09087980418,Jaipur,40,2023-09-07
CUST04908,Tara Iyer,qushi48@example.net,+910125390532,Delhi,21,2024-05-01
CUST04909,Ishani Rajagopal,ojasvibalakrishnan@example.com,+912451719494,Delhi,46,2024-06-04
CUST04910,Karan Thakkar,farasnarayan@example.org,+918960105282,Kolkata,54,2023-05-18
CUST04911,Sai Majumdar,zarna75@example.com,04436322503,Mumbai,47,2023-04-26
CUST04912,Mekhala Sethi,tvala@example.org,03226571141,Pune,33,2023-10-30
CUST04913,Chakrika Talwar,gshukla@example.com,+916597984362,Surat,54,2023-03-02
CUST04914,Guneet Chowdhury,kundaquincy@example.org,+918183726034,Jaipur,56,2023-09-02
CUST04915,Jatin Sethi,gollayug@example.com,03963699691,Chennai,40,2024-02-11
CUST04916,Balhaar Badal,shankaramaira@example.com,+918832219740,Kolkata,36,2023-05-01
CUST04917,Yagnesh Bose,ployal@example.org,+915901818102,Surat,61,2024-06-02
CUST04918,Ikshita Bhasin,ekanikothari@example.net,+912044697955,Bangalore,63,2023-12-20
CUST04919,Meghana Nayar,ira52@example.org,0859544863,Hyderabad,51,2023-07-12
CUST04920,Dev Vala,pratyushnatarajan@example.org,00810998452,Chennai,24,2024-05-07
CUST04921,Oeshi Chahal,ghoseadweta@example.org,04341842435,Pune,51,2024-02-10
CUST04922,Yauvani Choudhry,inaya39@example.net,08318592493,Surat,30,2023-07-03
CUST04923,Vidhi Deep,shivani73@example.org,03855619080,Pune,47,2023-08-26
CUST04924,Naveen Oommen,csingh@example.org,02576229782,Delhi,27,2024-05-28
CUST04925,Laksh Mital,janani37@example.org,02009299695,Hyderabad,44,2023-05-02
CUST04926,Xalak Barad,eshanker@example.net,1585822793,Delhi,23,2023-08-13
CUST04927,Gautami Parmar,samagarima@example.com,+914967097389,Mumbai,45,2023-05-27
CUST04928,Gavin Dora,chawlaanirudh@example.org,0138052063,Bangalore,48,2023-08-03
CUST04929,Anita Kota,amruta04@example.net,9021772074,Chennai,46,2024-04-20
CUST04930,Kalpit Dey,psaran@example.com,+919117228375,Delhi,41,2023-04-14
CUST04931,Yashvi Seshadri,kumarfalak@example.net,09389787261,Jaipur,43,2023-12-16
CUST04932,Veda Borah,cwadhwa@example.net,05411847629,Surat,53,2023-09-23
CUST04933,Zayan Sem,ravijackson@example.com,+910276309015,Jaipur,67,2023-10-16
CUST04934,Chaitaly Parmer,raghavbutala@example.net,+913437574676,Hyderabad,34,2023-08-22
CUST04935,Madhav Bhat,zpurohit@example.com,00707318144,Surat,49,2024-02-10
CUST04936,Ekbal Bal,aadibarad@example.net,+916744361935,Hyderabad,46,2023-05-23
CUST04937,Yauvani Datta,agastya68@example.com,8938135246,Ahmedabad,64,2023-05-16
CUST04938,Ria Baria,ekalingasrivastava@example.com,+912538369779,Hyderabad,70,2023-04-04
CUST04939,Pranit Deo,rameshjanya@example.net,2517491455,Bangalore,27,2024-06-22
CUST04940,Ishanvi Halder,omaja05@example.net,1195236137,Jaipur,26,2024-02-27
CUST04941,Wyatt Misra,aarinipandey@example.net,+912536858643,Ahmedabad,63,2023-05-20
CUST04942,Amrita Prakash,luckybhardwaj@example.net,07083954063,Ahmedabad,26,2023-07-25
CUST04943,Ayush Trivedi,gavin45@example.net,08303860655,Jaipur,51,2023-03-29
CUST04944,Karan Biswas,dalbir76@example.com,03904907824,Delhi,62,2023-06-03
CUST04945,Jeet Rau,sandalryan@example.org,+915836682406,Chennai,47,2024-06-01
CUST04946,Zarna Kata,radha61@example.org,04953876798,Ahmedabad,20,2024-06-08
CUST04947,Nirja Mitter,sarthak31@example.net,+915475608007,Bangalore,53,2023-12-20
CUST04948,Meghana Gara,bhanumatidas@example.com,1981025078,Pune,25,2024-03-13
CUST04949,Reva Kala,eshanaagrawal@example.org,+916723827814,Surat,44,2023-09-10
CUST04950,Vrinda Purohit,tbuch@example.net,3864887887,Delhi,25,2024-02-03
CUST04951,Yashawini Bhattacharyya,amaraprashad@example.com,06024912469,Pune,54,2024-06-12
CUST04952,Jeevika Raj,sarafpavani@example.com,+911748909013,Kolkata,20,2023-02-24
CUST04953,Veda Upadhyay,ronithdyal@example.net,+916714670312,Jaipur,27,2023-10-28
CUST04954,Yuvraj Dhar,mammenwarda@example.net,02528438632,Delhi,41,2024-04-20
CUST04955,Oliver Bobal,qbhardwaj@example.com,+917578047994,Kolkata,41,2023-03-17
CUST04956,Amara Datta,dseth@example.com,3268667901,Kolkata,36,2023-09-09
CUST04957,Hitesh Chaudhry,upadhriti62@example.org,+911471195266,Ahmedabad,19,2023-08-07
CUST04958,Atharv Ramanathan,xsethi@example.org,5447556825,Bangalore,27,2024-04-16
CUST04959,Nakul Sidhu,jdash@example.com,5168770018,Surat,44,2023-06-30
CUST04960,Ishita Sani,zaitra03@example.com,07611564058,Mumbai,37,2023-10-18
CUST04961,Praneel Gaba,jagratigulati@example.net,01817314309,Kolkata,31,2024-04-01
CUST04962,Oscar Bedi,euppal@example.net,+916912489713,Bangalore,70,2024-03-02
CUST04963,Vrishti Dube,chakradev02@example.com,+912405049113,Ahmedabad,18,2024-03-16
CUST04964,Ekbal Buch,urvashishukla@example.net,2417422654,Delhi,53,2023-11-21
CUST04965,Isaiah Bera,agarwaljonathan@example.org,1334078142,Pune,22,2023-09-17
CUST04966,Yug Gera,kmurthy@example.org,08755355978,Mumbai,44,2024-03-08
CUST04967,Xavier Dutt,rajeshrisandhu@example.com,+919742244175,Ahmedabad,54,2023-05-28
CUST04968,Vasudha Shukla,theodore62@example.org,+912735810790,Kolkata,54,2023-04-29
CUST04969,Kala Rege,sahluwalia@example.com,7021474550,Ahmedabad,39,2024-05-13
CUST04970,Logan Jha,sanya99@example.org,+918457543170,Hyderabad,48,2024-06-03
CUST04971,Ronith Raju,bsandal@example.net,09687992863,Surat,26,2024-02-06
CUST04972,Ekanta Kant,bahlindali@example.com,+911670404922,Bangalore,50,2024-04-24
CUST04973,Champak Sarin,bsalvi@example.com,00646278866,Ahmedabad,66,2023-05-25
CUST04974,Aayush Jani,hemanghans@example.com,08780776775,Ahmedabad,60,2023-11-11
CUST04975,Samarth Chanda,vrindauppal@example.com,02964893988,Ahmedabad,27,2024-03-19
CUST04976,Jeet Comar,ishitanaidu@example.com,+914054162558,Pune,23,2023-03-13
CUST04977,Warhi Tiwari,esunder@example.net,+918873605110,Surat,60,2024-01-18
CUST04978,Siddharth Parikh,falakdeol@example.com,0009631800,Surat,44,2023-11-28
CUST04979,Xavier Hora,ravelmadhavi@example.com,3735010380,Hyderabad,32,2023-02-18
CUST04980,Gautami Tella,aiyengar@example.org,2441892348,Hyderabad,39,2023-05-10
CUST04981,Chaman Shenoy,palleshana@example.net,+915152854895,Jaipur,20,2023-12-20
CUST04982,Girik Chakraborty,ibalasubramanian@example.org,+918686118394,Ahmedabad,65,2024-02-11
CUST04983,Ekani Dhillon,jchaudhry@example.net,0424082746,Kolkata,59,2023-04-06
CUST04984,Panini Mukhopadhyay,vivaan37@example.org,+919009062991,Delhi,28,2024-04-21
CUST04985,Champak Lad,aryaavni@example.org,03314767300,Mumbai,54,2024-02-10
CUST04986,Nidra Mannan,nborde@example.net,+915853089674,Kolkata,53,2023-08-28
CUST04987,Bishakha Oza,ryansangha@example.org,+919036165438,Delhi,59,2023-07-11
CUST04988,Kai Saran,nicholassahota@example.org,+917634596263,Jaipur,23,2024-05-07
CUST04989,Gaurangi Dass,tanvishanker@example.com,0766609654,Chennai,57,2023-08-10
CUST04990,Eesha Loke,geetika17@example.com,02493273848,Jaipur,54,2024-05-07
CUST04991,Oni Borde,bhalladiya@example.net,08270690871,Mumbai,54,2024-06-09
CUST04992,Triya Dugal,yauvani02@example.org,2064602883,Jaipur,30,2023-09-06
CUST04993,Vedhika Walla,ubarad@example.org,08043939881,Ahmedabad,50,2024-01-07
CUST04994,Omisha Singhal,abdul44@example.com,03077207802,Mumbai,25,2023-11-14
CUST04995,Tripti Kar,warrioryasti@example.net,5377476930,Jaipur,29,2023-07-08
CUST04996,Ekbal Bansal,teerth78@example.com,8600542518,Mumbai,35,2023-10-29
CUST04997,Inaya Panchal,swamyurishilla@example.net,4399509181,Chennai,33,2023-07-08
CUST04998,Forum Basu,paninipandit@example.org,7905973077,Surat,46,2023-10-16
CUST04999,Chanakya Wali,kondabanjeet@example.com,05410031699,Delhi,69,2024-06-27
CUST05000,Faraj Jayaraman,ronithwali@example.org,05142432942,Jaipur,56,2023-12-30
CUST05001,Damyanti Andra,vmemon@example.org,+918452479941,Pune,43,2023-12-13
CUST05002,Gauri Sehgal,yadavpranit@example.net,03323195121,Surat,20,2024-06-18
CUST05003,Amruta Wali,csunder@example.net,04674090614,Ahmedabad,19,2023-06-01
CUST05004,Yug Bhatt,yogimichael@example.org,+911115082486,Pune,45,2024-01-03
CUST05005,Chameli Brar,wkalla@example.com,07884145747,Bangalore,44,2023-06-14
CUST05006,Tanmayi Wadhwa,wishi67@example.org,03447798733,Mumbai,51,2023-03-26
CUST05007,Ria Pai,ppillay@example.org,4537074713,Pune,42,2023-03-23
CUST05008,Nisha Dora,kchad@example.net,+918279307504,Kolkata,23,2023-09-22
CUST05009,Darpan Sarna,jason41@example.com,05011595931,Delhi,24,2024-04-21
CUST05010,Vasudha Bora,fnagarajan@example.com,04785894439,Jaipur,28,2023-10-03
CUST05011,Naksh Chacko,varkeyvinaya@example.com,5420848139,Kolkata,27,2024-01-31
CUST05012,Ikbal Arora,vritti71@example.net,07308562623,Bangalore,34,2023-12-19
CUST05013,Amara Chadha,gaurang34@example.net,+911749713641,Delhi,27,2023-04-18
CUST05014,Jacob Venkatesh,andrew81@example.net,6487739786,Kolkata,44,2023-07-21
CUST05015,Sathvik Pandya,jananidhawan@example.net,04704657173,Bangalore,21,2024-04-22
CUST05016,Tanvi Bhavsar,sudiksha87@example.org,3060898192,Surat,38,2023-02-21
CUST05017,Yashasvi Gara,xjohal@example.com,3258788702,Bangalore,19,2023-04-21
CUST05018,Alka Kumer,gmukhopadhyay@example.net,01669459483,Mumbai,37,2024-02-29
CUST05019,Vansha Maharaj,kalejacob@example.net,05422897434,Hyderabad,24,2023-10-14
CUST05020,Pavani Chatterjee,sarrafjagdish@example.net,+919608389216,Pune,27,2023-09-16
CUST05021,Kai Mall,rajkamya@example.com,03868056106,Hyderabad,38,2023-05-06
CUST05022,Forum Sahota,prishadin@example.org,+918331246767,Kolkata,42,2024-06-03
CUST05023,Raksha Yogi,agateyahvi@example.com,3848515969,Delhi,21,2024-03-31
CUST05024,Shivansh Deep,devanshganguly@example.com,5432990325,Chennai,33,2023-05-31
CUST05025,Devika Mallick,abhirampadmanabhan@example.org,08952778340,Surat,55,2024-04-11
CUST05026,Omya Pandey,mangatradha@example.net,3828232668,Chennai,49,2023-03-04
CUST05027,Mahika Jaggi,parikhnathan@example.net,01776746620,Jaipur,66,2024-04-28
CUST05028,Nirja Raghavan,lallaanjali@example.com,7895500479,Jaipur,42,2023-09-08
CUST05029,Nilima Deol,saumya89@example.com,01682968981,Delhi,35,2024-06-07
CUST05030,Ekalinga Aggarwal,fchhabra@example.net,08215658868,Mumbai,38,2023-02-23
CUST05031,Panini Kari,urvashi14@example.net,+911363177626,Ahmedabad,53,2023-02-15
CUST05032,Jagvi Soni,jeet70@example.net,7014506580,Hyderabad,22,2023-07-05
CUST05033,Urvashi Narasimhan,eesha26@example.net,06641557099,Ahmedabad,19,2023-03-20
CUST05034,Tara Mammen,faras74@example.net,+918818040095,Hyderabad,58,2023-09-01
CUST05035,Chameli Lala,tristan22@example.org,08415166175,Chennai,19,2023-11-26
CUST05036,Frederick Jha,mmaharaj@example.net,9621976403,Kolkata,53,2023-12-14
CUST05037,Madhav Sibal,ridhiprasad@example.org,02145478168,Surat,61,2023-12-07
CUST05038,Ishani Palla,balveeryogi@example.com,+910766942170,Delhi,33,2023-02-18
CUST05039,Girindra Wagle,triya57@example.net,02180816360,Jaipur,59,2023-05-10
CUST05040,Jeremiah Sami,qbedi@example.com,+919997570618,Bangalore,37,2023-08-20
CUST05041,Yashvi Thaker,dgill@example.com,+917881581410,Surat,44,2023-11-11
CUST05042,Lipika Nagi,janakisehgal@example.com,6907823944,Ahmedabad,23,2024-02-09
CUST05043,Aahana Wali,rkakar@example.org,07179857539,Jaipur,31,2024-04-28
CUST05044,Ryan Mangat,devanshpillay@example.org,+918258029825,Bangalore,41,2023-03-29
CUST05045,Oliver Warrior,rameshtamanna@example.net,2796641001,Jaipur,28,2023-04-21
CUST05046,Alka Magar,davidsur@example.net,+911083708905,Chennai,52,2024-05-11
CUST05047,Wakeeta Walla,dhruv96@example.com,+918445406497,Hyderabad,53,2024-04-29
CUST05048,Upma Bhardwaj,manbirkannan@example.net,4819500015,Ahmedabad,20,2024-01-30
CUST05049,Sarthak Pandit,fiyaz98@example.net,+912098993659,Mumbai,70,2023-07-27
CUST05050,Vivaan Prashad,agera@example.net,03771578993,Ahmedabad,57,2023-10-20
CUST05051,Robert Wadhwa,zdey@example.org,1788293144,Kolkata,59,2023-11-21
CUST05052,Devika Sidhu,jkhatri@example.com,7260449092,Bangalore,18,2023-08-08
CUST05053,Jonathan Wable,karnikbakhshi@example.net,8025352348,Mumbai,48,2024-03-31
CUST05054,Guneet Din,chasmum97@example.com,7268565505,Kolkata,56,2024-01-25
CUST05055,Warjas Andra,chakrika34@example.org,06452203948,Kolkata,61,2023-03-06
CUST05056,Yuvraj Koshy,wasonkavya@example.com,+917826259458,Hyderabad,40,2024-05-07
CUST05057,Gauri Grewal,merchantinaya@example.com,9576760244,Chennai,55,2023-03-10
CUST05058,Hredhaan Mani,praneelbava@example.com,4880372178,Jaipur,36,2023-11-02
CUST05059,Deepa Mishra,panchalchampak@example.com,08286074852,Mumbai,28,2023-11-25
CUST05060,Triveni Peri,bhavika22@example.net,3924720817,Jaipur,54,2023-05-03
CUST05061,Ikshita Deshmukh,yashawini93@example.net,02596237411,Delhi,37,2024-01-18
CUST05062,Ikbal Kota,jackson16@example.com,+917497622021,Delhi,43,2023-07-30
CUST05063,Kai Kibe,amarasawhney@example.com,4374027806,Delhi,26,2023-12-30
CUST05064,Lohit Gala,gnayar@example.com,9552304514,Jaipur,35,2023-05-05
CUST05065,Rajata Joshi,cchar@example.net,9641249568,Hyderabad,31,2023-11-09
CUST05066,Devansh Das,deyfaras@example.net,04269411172,Surat,50,2023-05-28
CUST05067,Pallavi Raman,kaulabeer@example.net,+911317187180,Pune,61,2023-06-09
CUST05068,Falan Kar,saumya92@example.org,0328717185,Pune,58,2023-08-27
CUST05069,Urishilla Contractor,ekalinga53@example.org,+911073558310,Kolkata,66,2023-09-20
CUST05070,Naveen Varghese,sacharchandani@example.org,09636508829,Ahmedabad,35,2023-02-16
CUST05071,Jack Sama,bhatiaisaiah@example.com,06650856245,Chennai,60,2024-06-08
CUST05072,Ronith Varughese,behlbalhaar@example.com,+919856585137,Pune,39,2024-06-18
CUST05073,Naveen Suri,zehaan58@example.org,03023459992,Chennai,47,2023-10-15
CUST05074,Pahal Garg,routvamakshi@example.net,05576058789,Surat,39,2023-04-12
CUST05075,Tanay Anand,madhavimaharaj@example.org,2184958064,Mumbai,62,2024-04-10
CUST05076,Priya Kata,wallavrishti@example.net,+918798823519,Bangalore,59,2023-09-20
CUST05077,Kamala Toor,vbhat@example.net,+915581479122,Mumbai,56,2023-08-17
CUST05078,Vansha Oak,yauvanibarman@example.net,+915884902891,Ahmedabad,18,2024-02-24
CUST05079,Harish Chopra,shroffonkar@example.net,+916258404093,Mumbai,61,2024-04-06
CUST05080,Samesh Ghosh,jbandi@example.net,+918287238856,Bangalore,44,2024-03-07
CUST05081,Netra Saini,chaman86@example.net,+910263695800,Jaipur,62,2023-02-19
CUST05082,Gavin Ray,dayamai16@example.com,1163993197,Ahmedabad,66,2023-06-16
CUST05083,Chanakya Toor,nupadhyay@example.org,7770425199,Hyderabad,52,2023-08-04
CUST05084,Wazir Bala,apatla@example.net,05974145187,Delhi,68,2023-06-02
CUST05085,Hredhaan Prakash,bhanumati34@example.com,2021348202,Delhi,52,2023-07-03
CUST05086,Rudra Tella,pratyushvarghese@example.org,+918735394117,Mumbai,70,2023-06-11
CUST05087,Ethan Shenoy,jalsa87@example.com,6285743311,Ahmedabad,61,2023-09-09
CUST05088,Mohini Bir,nattraghav@example.net,00743398998,Delhi,40,2024-02-20
CUST05089,Unni Pai,mistrywazir@example.net,+911599988704,Hyderabad,70,2023-09-05
CUST05090,Forum Krish,krishnathaman@example.net,3011606416,Surat,40,2024-04-26
CUST05091,Yatin Oza,psangha@example.org,+919792183160,Hyderabad,29,2023-10-26
CUST05092,Charita Parsa,hemanichacko@example.net,7863858477,Mumbai,25,2024-02-04
CUST05093,Sneha Pai,kallaekani@example.com,8905332557,Ahmedabad,41,2023-08-06
CUST05094,Devika Sunder,csawhney@example.com,+912024458902,Chennai,46,2024-02-08
CUST05095,Bahadurjit De,azaan24@example.net,+918798785928,Mumbai,32,2024-06-26
CUST05096,Radha Tak,kumarfarhan@example.com,6801598851,Mumbai,66,2023-02-14
CUST05097,Harsh Walla,manthan52@example.com,00517958921,Kolkata,61,2023-12-16
CUST05098,Jeevika Parmar,hritikmanda@example.com,+910975917766,Pune,30,2023-07-19
CUST05099,Charles Sawhney,azaankadakia@example.org,2585728285,Delhi,70,2024-01-07
CUST05100,Harshil Dhaliwal,nazarethupasna@example.net,05048680498,Surat,58,2023-09-29
CUST05101,Arjun Mannan,hritikrajan@example.net,2177679771,Kolkata,69,2024-05-20
CUST05102,Warjas Bali,rajajai@example.net,07894445170,Chennai,32,2023-06-03
CUST05103,Madhavi Uppal,pkapoor@example.net,+911584301313,Ahmedabad,41,2023-07-03
CUST05104,Bhavika Gole,waidamagar@example.net,3524143984,Mumbai,35,2023-02-22
CUST05105,Dalaja Verma,sethidalaja@example.com,8019276378,Ahmedabad,63,2023-08-28
CUST05106,Edhitha Balakrishnan,laksh41@example.com,02999914300,Surat,31,2023-06-28
CUST05107,Nikita Guha,ttiwari@example.com,09518656140,Mumbai,30,2024-04-06
CUST05108,Eta Magar,aryan60@example.org,03258974869,Hyderabad,25,2023-10-19
CUST05109,Elijah Amble,nwadhwa@example.com,07397834127,Kolkata,54,2023-03-11
CUST05110,Brinda Pandya,akala@example.com,+911025296573,Jaipur,49,2023-11-22
CUST05111,Rohan Mishra,sennachiket@example.net,0504657846,Bangalore,53,2023-08-29
CUST05112,Maanas Sastry,jayaramandevansh@example.org,4013265373,Chennai,60,2024-06-25
CUST05113,Shivani Warrior,charan37@example.com,+913355499208,Surat,61,2023-08-23
CUST05114,Bakhshi Dalal,rohanmitter@example.com,+916591532763,Surat,54,2023-12-28
CUST05115,Rajeshri Varty,faras42@example.org,00485513138,Bangalore,22,2024-06-10
CUST05116,Nilima Rai,borrarobert@example.com,8884577502,Surat,26,2023-12-26
CUST05117,Indali Amble,boseishaan@example.org,1950528589,Delhi,26,2023-06-08
CUST05118,Nachiket Chaudhuri,sarmaekaraj@example.net,+918779808745,Kolkata,54,2023-09-05
CUST05119,Upasna Khare,vganesh@example.net,+910093063386,Chennai,51,2024-05-15
CUST05120,Pushti Behl,miteshdin@example.com,02178277105,Kolkata,30,2024-01-28
CUST05121,Vihaan Gara,diya12@example.org,+918308339334,Mumbai,62,2023-09-18
CUST05122,Nilima Krishnamurthy,zehaananne@example.org,1742591447,Jaipur,57,2023-06-13
CUST05123,Tristan Kala,csoni@example.com,02809956052,Kolkata,61,2024-04-17
CUST05124,Devika Anne,widisha71@example.org,+912757898687,Jaipur,47,2024-01-18
CUST05125,Jai Saraf,chandran24@example.net,+918966536763,Mumbai,45,2023-03-09
CUST05126,Sneha Dayal,dpant@example.net,+911829131338,Mumbai,38,2023-08-22
CUST05127,Saumya Dugar,zmander@example.net,+912225446396,Hyderabad,44,2024-04-26
CUST05128,Laban Raghavan,mchauhan@example.com,09633024159,Kolkata,25,2023-11-22
CUST05129,Rachana Shanker,deepa71@example.net,07569485648,Jaipur,47,2023-06-18
CUST05130,Yashawini Thakur,bumbeta@example.com,+916403356264,Ahmedabad,41,2024-01-20
CUST05131,Ira Oak,gautam49@example.com,02281605960,Jaipur,66,2023-07-26
CUST05132,Sara Buch,dsharma@example.net,1976731481,Mumbai,64,2023-05-02
CUST05133,Kashish Sandhu,nairandrew@example.net,+910651572024,Chennai,21,2024-01-04
CUST05134,Avi Panchal,krishnadora@example.com,+919638569053,Kolkata,44,2023-08-21
CUST05135,Odika Ranganathan,baghyawati81@example.net,+911170782117,Jaipur,46,2023-09-12
CUST05136,Radha Bali,wsidhu@example.org,07507129725,Pune,18,2023-11-13
CUST05137,Hredhaan Kibe,owenvarkey@example.com,04289005674,Hyderabad,30,2023-03-19
CUST05138,Chandani Jhaveri,narangbaljiwan@example.com,08391730086,Pune,23,2024-02-11
CUST05139,Ucchal Swamy,mammengunbir@example.com,04299432159,Surat,69,2023-09-12
CUST05140,Qadim Sule,charansubramanian@example.org,9370734856,Mumbai,65,2023-10-13
CUST05141,Aarush Bhalla,lkunda@example.net,+917579270855,Chennai,62,2023-05-19
CUST05142,Lajita Ramesh,daksh43@example.com,08466117716,Hyderabad,22,2023-04-30
CUST05143,Qadim Mand,yadavichander@example.org,2027257522,Chennai,30,2023-09-06
CUST05144,Dhriti Nadig,udant15@example.org,2930117968,Bangalore,39,2024-03-06
CUST05145,Chandani Palla,parikhaishani@example.net,1248668001,Kolkata,22,2023-08-02
CUST05146,Warjas D’Alia,siddharth77@example.org,1438920446,Delhi,19,2023-05-26
CUST05147,Joshua Chand,benjason@example.com,9207705772,Ahmedabad,45,2024-06-28
CUST05148,Kavya Handa,tanveernarula@example.com,07329460128,Mumbai,55,2024-04-04
CUST05149,Hema Goyal,okashyap@example.net,4726970727,Pune,34,2023-12-23
CUST05150,Wyatt Jha,fiyazpuri@example.net,05078388655,Chennai,24,2023-11-21
CUST05151,Samesh Narang,mitali65@example.org,+918975339688,Ahmedabad,33,2023-09-14
CUST05152,Champak Gade,mitali98@example.org,9769971468,Pune,21,2024-05-05
CUST05153,Ronith De,vshere@example.com,+915550834840,Pune,51,2023-05-28
CUST05154,Ekta Naik,deepa47@example.net,+918970926898,Chennai,22,2024-06-01
CUST05155,Gautam Chaudhry,gauri33@example.net,2957865095,Surat,57,2024-01-11
CUST05156,Eiravati Ramaswamy,darpanwadhwa@example.org,+910038107412,Ahmedabad,66,2023-09-19
CUST05157,Aditya Chakraborty,kapoorethan@example.org,0729944746,Delhi,58,2024-06-04
CUST05158,Peter Ravi,cmane@example.com,03863186345,Ahmedabad,55,2024-02-09
CUST05159,Chavvi Sinha,sagarbakhshi@example.net,08054071298,Delhi,23,2023-12-21
CUST05160,Abhiram Chopra,swaminathanpooja@example.org,+915887314503,Mumbai,20,2024-02-21
CUST05161,Kamala Desai,janyagara@example.net,5322081274,Hyderabad,38,2023-12-15
CUST05162,Farhan Ben,chatterjeegirik@example.org,4017234467,Delhi,68,2023-10-15
CUST05163,Nihal Rao,walinaksh@example.com,1542382919,Bangalore,21,2023-09-10
CUST05164,Ati Bobal,suleaarush@example.net,+911591977074,Ahmedabad,21,2024-02-24
CUST05165,Aashi Solanki,gabrielshukla@example.net,3891455056,Kolkata,57,2024-01-01
CUST05166,Nathaniel Babu,atiloyal@example.com,02859525292,Hyderabad,22,2024-06-05
CUST05167,Laban Ben,mannmichael@example.net,5843299137,Delhi,61,2024-04-22
CUST05168,Varsha Talwar,nachiketmaharaj@example.com,+914633278845,Mumbai,53,2024-03-19
CUST05169,Aryan Narain,sarkarvinaya@example.com,5257249259,Mumbai,36,2024-06-03
CUST05170,Omisha Lanka,bassimegha@example.net,04690164423,Hyderabad,43,2024-04-14
CUST05171,Aditya Buch,ekaraj55@example.org,0517757861,Delhi,57,2024-01-05
CUST05172,Kashish Tella,yradhakrishnan@example.org,09091196323,Hyderabad,32,2023-08-27
CUST05173,Kashvi Guha,bviswanathan@example.org,+917013168897,Surat,68,2023-11-05
CUST05174,Yuvraj Desai,hardiksamra@example.com,5864917058,Surat,18,2024-03-16
CUST05175,Christopher Subramanian,mannanomya@example.org,+910995872441,Ahmedabad,42,2024-03-06
CUST05176,Xavier Subramanian,advaykakar@example.org,+915196814691,Ahmedabad,68,2023-02-17
CUST05177,Adya Khalsa,neelimajhaveri@example.org,02438224429,Hyderabad,57,2024-05-25
CUST05178,Kavya Khosla,girish02@example.com,+919752606654,Surat,24,2024-02-19
CUST05179,Jatin Chaudhary,aarnavrout@example.org,07401942285,Pune,59,2023-04-19
CUST05180,Deepa Iyer,abhiramahluwalia@example.com,+913050478277,Mumbai,47,2023-05-22
CUST05181,Ubika Iyer,panini52@example.net,07499883519,Jaipur,39,2023-12-12
CUST05182,Riya Koshy,zsankar@example.org,02593772457,Surat,30,2024-03-28
CUST05183,Jacob Palla,keyarandhawa@example.org,6048994018,Delhi,24,2023-08-16
CUST05184,Pavani Sharaf,mayaminhas@example.com,01891349316,Mumbai,56,2024-04-27
CUST05185,Ekiya Balasubramanian,hredhaanacharya@example.net,+918882956379,Delhi,55,2024-05-28
CUST05186,Mohini Sundaram,charnirja@example.org,+913142112534,Chennai,54,2024-05-02
CUST05187,Advika Madan,aadi72@example.org,+911259667956,Bangalore,58,2023-04-03
CUST05188,Rayaan Panchal,calebbobal@example.net,+916339597577,Jaipur,34,2023-10-24
CUST05189,Waida Raju,gangulyraksha@example.com,01492410096,Pune,44,2023-12-13
CUST05190,Anita Chad,khoslanitara@example.com,+910666102011,Ahmedabad,64,2024-01-31
CUST05191,Jasmit Comar,aishanisekhon@example.com,+911011060030,Surat,46,2024-02-25
CUST05192,Urvashi Kapur,ybassi@example.org,+914555195132,Bangalore,33,2023-05-05
CUST05193,Oviya Sankaran,brijesh98@example.org,+917056949045,Bangalore,69,2023-09-23
CUST05194,Vyanjana Dani,shivansh51@example.org,+910451582843,Mumbai,21,2024-03-28
CUST05195,Radha Toor,lipika97@example.net,04302789117,Bangalore,37,2024-02-13
CUST05196,Gaurangi Sarkar,vasagaurangi@example.org,+910540483457,Surat,45,2023-09-14
CUST05197,Hemal Mohan,kapooromkaar@example.org,06077818439,Jaipur,59,2024-01-26
CUST05198,Ridhi Lad,wrout@example.org,04767445313,Pune,37,2024-05-17
CUST05199,Varsha Venkatesh,ryansane@example.org,7842374051,Surat,52,2023-10-09
CUST05200,Reva Pathak,kkaul@example.org,3613814200,Bangalore,27,2023-04-19
CUST05201,Xavier Mane,jainnilima@example.org,05629522429,Ahmedabad,37,2023-06-04
CUST05202,Tripti Kuruvilla,michael08@example.org,00759817311,Surat,39,2023-09-20
CUST05203,Joshua Mani,guptaprisha@example.org,+916082781575,Kolkata,41,2024-01-29
CUST05204,Vaishnavi Parikh,nathaniel81@example.org,9319938963,Mumbai,51,2023-08-14
CUST05205,Vihaan Chander,wrideshnarula@example.net,6268503850,Surat,60,2024-05-05
CUST05206,Lakshmi Bawa,battafarhan@example.com,3290004219,Bangalore,21,2023-12-05
CUST05207,Lila Baral,mhari@example.org,+915661420621,Chennai,50,2023-06-25
CUST05208,Mohammed Loyal,brindadass@example.org,01152231284,Jaipur,21,2023-03-30
CUST05209,Qadim Sharaf,wprashad@example.net,5925324254,Hyderabad,40,2024-01-28
CUST05210,Ishanvi Naik,lramachandran@example.com,2989618752,Chennai,30,2023-11-01
CUST05211,Zansi Dasgupta,kbaral@example.com,+914585224316,Chennai,68,2024-04-27
CUST05212,Charles Karpe,pushti10@example.net,02265919406,Delhi,39,2024-05-07
CUST05213,Laban Narain,pillaigaurika@example.com,2975593384,Chennai,60,2023-04-12
CUST05214,Noah Comar,jagdish55@example.net,3884697538,Ahmedabad,62,2023-07-10
CUST05215,Lekha Om,wakeetasani@example.com,+911317615865,Ahmedabad,56,2024-02-18
CUST05216,Anita Thaman,jbhandari@example.com,+918401067645,Pune,55,2024-01-10
CUST05217,Ishita Sandal,galadalbir@example.net,1873285658,Surat,39,2023-12-24
CUST05218,Inaya Khalsa,palltristan@example.com,05032403070,Surat,37,2024-02-01
CUST05219,Xiti Nigam,qasim34@example.net,8376389560,Hyderabad,39,2023-10-30
CUST05220,Raghav Ranganathan,brinda77@example.com,00110843990,Bangalore,24,2024-04-13
CUST05221,Yuvraj Pant,gpandey@example.com,00025300958,Ahmedabad,68,2024-01-02
CUST05222,Wridesh Loke,ekansh95@example.net,4017749503,Mumbai,49,2024-06-03
CUST05223,Aachal Dass,udant05@example.net,1355126400,Chennai,18,2023-11-21
CUST05224,Sanaya Panchal,mitali80@example.com,6643067387,Chennai,62,2023-07-20
CUST05225,Vansha Sarna,lopagade@example.org,4817745584,Chennai,47,2024-05-11
CUST05226,Fitan Saini,echeema@example.org,4742219914,Surat,31,2023-05-22
CUST05227,Aarav Sarraf,subramaniamhritik@example.net,0202349250,Chennai,48,2023-12-17
CUST05228,Fitan Kari,kashyapyashvi@example.com,+918981899932,Pune,69,2023-11-13
CUST05229,Brijesh Bhakta,ivala@example.com,9313241910,Hyderabad,31,2023-12-30
CUST05230,Kabir Pai,sahaudarsh@example.org,4534210558,Hyderabad,29,2024-01-29
CUST05231,Ekavir Wali,jasonbassi@example.org,+915270344184,Mumbai,41,2023-07-17
CUST05232,Charita Kade,tanejaisha@example.com,00555864452,Mumbai,22,2023-09-02
CUST05233,Janya Bajwa,wgala@example.net,+911341916288,Pune,19,2023-07-12
CUST05234,Kamya Suresh,thomas14@example.net,+918102623332,Jaipur,25,2023-12-21
CUST05235,Fitan Kohli,andrakaran@example.org,09064739580,Bangalore,36,2023-02-24
CUST05236,Vaishnavi Lalla,ekavir17@example.org,02308946662,Ahmedabad,30,2023-12-21
CUST05237,Triya Vaidya,hiraluppal@example.net,03417650360,Surat,66,2023-05-07
CUST05238,Tanveer Bail,jai27@example.org,8109844652,Pune,20,2023-07-15
CUST05239,Pooja Pandya,saimammen@example.org,+914063252956,Mumbai,30,2023-12-08
CUST05240,Akshay Hayre,nathaniel41@example.com,04799581850,Chennai,36,2023-04-11
CUST05241,Samesh Varkey,guneetbir@example.com,+914701654183,Bangalore,32,2024-01-17
CUST05242,Kevin Kakar,gkala@example.com,6197301411,Kolkata,64,2023-04-02
CUST05243,Chaitaly Thakkar,narayanannisha@example.com,8586490796,Bangalore,39,2023-04-13
CUST05244,Charles Madan,hardikchanda@example.com,3340166331,Jaipur,33,2023-06-08
CUST05245,Thomas Soman,neelimaborra@example.com,8448998358,Bangalore,30,2024-05-13
CUST05246,Amruta Vyas,sai12@example.com,+917591648970,Mumbai,29,2023-07-05
CUST05247,Andrew Bhagat,majumdarfarhan@example.org,+917094726216,Kolkata,24,2024-04-03
CUST05248,Hamsini Sidhu,fsama@example.com,04355136493,Mumbai,61,2023-12-25
CUST05249,Leena Mandal,logan96@example.com,2434701492,Bangalore,42,2023-09-27
CUST05250,Chandresh Gaba,ytata@example.com,2890669046,Delhi,39,2023-06-13
CUST05251,Bhanumati Johal,kuriananjali@example.net,7969771576,Chennai,37,2023-03-07
CUST05252,Abeer Badami,ghoshansh@example.org,+914318100982,Ahmedabad,33,2024-02-14
CUST05253,Tarak Kala,thomas65@example.net,4702816236,Pune,69,2023-07-29
CUST05254,Pavani Shere,rbhatnagar@example.net,6857494528,Pune,60,2023-11-13
CUST05255,Ekaja Batta,samarranganathan@example.com,0922735587,Bangalore,51,2023-12-02
CUST05256,Madhav Varma,vdora@example.com,3746863984,Surat,45,2023-12-28
CUST05257,Diya Kade,ggole@example.com,3931340360,Delhi,25,2023-10-09
CUST05258,Vidhi Shenoy,oommenchampak@example.com,+913806490028,Bangalore,26,2023-11-03
CUST05259,Waida Hora,vedantben@example.com,+914794161236,Chennai,30,2023-08-18
CUST05260,Rishi Kari,waida57@example.com,05825742377,Jaipur,42,2023-05-15
CUST05261,Wahab Kalla,forum30@example.org,5194687871,Pune,38,2024-06-25
CUST05262,Ayush Kohli,amrita33@example.com,05819320966,Surat,45,2023-09-29
CUST05263,Hardik Sandal,dhritisani@example.net,07884347585,Chennai,20,2023-02-16
CUST05264,Yashodhara Sanghvi,baraddhriti@example.net,02652846159,Surat,55,2023-08-31
CUST05265,Vedant Dar,panditfitan@example.org,05688673822,Chennai,52,2023-08-26
CUST05266,Shivansh Kade,deolyatin@example.org,5230051665,Kolkata,68,2023-04-26
CUST05267,Chaman Kaul,maharajkrishna@example.com,7499816484,Bangalore,38,2024-04-03
CUST05268,Quincy Luthra,jagatmenon@example.org,06034114625,Chennai,21,2024-04-27
CUST05269,Arya Chaudry,yachanabala@example.net,4930553400,Kolkata,26,2023-12-08
CUST05270,Sudiksha Mangal,maharajhitesh@example.org,05753395157,Jaipur,55,2023-06-28
CUST05271,Amol Sagar,bthakkar@example.net,+911246530722,Ahmedabad,31,2023-12-05
CUST05272,Gautami Dhingra,murthysanaya@example.org,3148897555,Delhi,68,2023-11-26
CUST05273,Jacob Gulati,udyatinayak@example.com,9908569202,Ahmedabad,68,2023-11-07
CUST05274,Hemal Deol,qpurohit@example.com,06673158417,Surat,22,2023-04-04
CUST05275,Ucchal Raj,faris99@example.org,06515203508,Bangalore,50,2023-06-03
CUST05276,Nimrat Balakrishnan,hsolanki@example.com,09641135892,Hyderabad,66,2024-04-30
CUST05277,Abeer Bains,fdoctor@example.net,+919024507624,Jaipur,41,2023-11-07
CUST05278,Adya Zachariah,palanharita@example.org,7743402197,Ahmedabad,51,2024-03-23
CUST05279,Andrew Sachdeva,amritavarughese@example.org,+913486341521,Ahmedabad,29,2023-05-29
CUST05280,Varsha Muni,sarrafishaan@example.com,08590713845,Pune,63,2024-03-21
CUST05281,Jalsa Radhakrishnan,saninathaniel@example.com,4388933044,Pune,51,2023-11-24
CUST05282,Eiravati Varughese,dhartanay@example.net,8673979600,Ahmedabad,63,2023-11-04
CUST05283,Vidhi Viswanathan,mannanbalendra@example.org,+912631251776,Ahmedabad,48,2023-12-10
CUST05284,Niharika Som,khatrianirudh@example.net,5085424012,Kolkata,55,2024-03-08
CUST05285,Vasatika Handa,pillaibrinda@example.org,+912588706570,Hyderabad,58,2023-05-14
CUST05286,Amara Peri,dakshwable@example.org,08185480500,Surat,59,2024-05-11
CUST05287,George Sankar,alexander52@example.net,+915410737208,Mumbai,31,2024-04-05
CUST05288,Qabil Parekh,ylanka@example.com,4480634468,Chennai,30,2023-03-05
CUST05289,Bina Bakshi,lbajaj@example.com,7260188038,Ahmedabad,33,2024-04-16
CUST05290,Bina Mutti,takagastya@example.com,8248149441,Hyderabad,31,2023-03-21
CUST05291,Adweta Sachdev,avni89@example.net,00964965459,Kolkata,45,2023-03-12
CUST05292,Yashawini Bajwa,xkibe@example.org,+915348429814,Hyderabad,54,2023-11-22
CUST05293,Upkaar Bal,balaturvi@example.org,00290280133,Bangalore,41,2024-04-12
CUST05294,Alexander Contractor,choprachanchal@example.net,3773567194,Kolkata,53,2023-12-14
CUST05295,Geetika Ray,fariqacharya@example.com,0884038753,Delhi,26,2024-01-19
CUST05296,Krishna Dua,diyamody@example.com,09538377929,Delhi,36,2023-07-30
CUST05297,Balhaar Narang,dhalder@example.com,+912885529800,Ahmedabad,51,2023-04-17
CUST05298,Meera Bhattacharyya,faqid22@example.com,0484951105,Pune,32,2023-08-15
CUST05299,Vidhi Deol,qwarrior@example.org,5678863216,Surat,20,2023-05-08
CUST05300,Osha Pandya,wgoyal@example.com,04380774421,Ahmedabad,50,2023-07-10
CUST05301,Chaitanya Mohanty,tlad@example.net,06441507958,Surat,39,2023-07-25
CUST05302,Rajata Raju,ikshitagera@example.net,01694442498,Hyderabad,46,2023-10-14
CUST05303,Warjas Narula,svarughese@example.com,+911384513029,Ahmedabad,45,2024-01-15
CUST05304,Wahab Bajwa,vanshadesai@example.org,5625057521,Hyderabad,41,2023-06-24
CUST05305,Aarna Deshpande,battapahal@example.net,04676376076,Ahmedabad,38,2024-03-06
CUST05306,Rachita Master,daviddeol@example.org,2588523841,Kolkata,42,2023-08-21
CUST05307,Saumya Mohanty,bkunda@example.org,0768130103,Mumbai,29,2023-07-27
CUST05308,Adya Kulkarni,ranveerrastogi@example.org,+916774773133,Ahmedabad,32,2023-06-27
CUST05309,Harshil Subramaniam,dhingraunni@example.org,3559732868,Kolkata,59,2024-04-13
CUST05310,Urmi Tara,dakshesh24@example.net,+919912061559,Delhi,40,2023-10-30
CUST05311,Shivansh Setty,lpant@example.net,+913565515192,Delhi,36,2023-10-20
CUST05312,Avni Chandra,samavedhika@example.com,5883462580,Jaipur,50,2023-07-10
CUST05313,Ekapad Choudhury,jthaman@example.org,+918125954250,Jaipur,59,2023-06-30
CUST05314,Charita Menon,paninidass@example.org,07148908049,Delhi,68,2023-07-15
CUST05315,Janya Iyer,vivaan30@example.com,06604523692,Kolkata,32,2023-06-02
CUST05316,Nitesh Bansal,advay25@example.net,+912894683053,Delhi,25,2023-10-09
CUST05317,Andrew Vora,gsami@example.org,8648646659,Delhi,41,2024-03-07
CUST05318,Naveen Kothari,vasatika12@example.org,2270119235,Mumbai,52,2023-09-24
CUST05319,Shivansh Kata,kamalabarad@example.org,2271967031,Chennai,39,2023-02-19
CUST05320,Warda Dalal,wadhwamanan@example.org,03377531284,Chennai,61,2024-04-05
CUST05321,Yatan Kant,patlalucky@example.org,06444507421,Pune,34,2023-10-10
CUST05322,Zilmil Karan,bawahemangini@example.com,02575836492,Kolkata,65,2023-11-19
CUST05323,Neha Brahmbhatt,santveer@example.org,+917218265353,Kolkata,30,2023-11-12
CUST05324,Zansi Chokshi,regebhavini@example.org,4321474935,Surat,26,2023-06-20
CUST05325,Jack Agrawal,hprabhu@example.com,7698796087,Jaipur,34,2024-05-07
CUST05326,Jeevika Loyal,snehasamra@example.org,3177077230,Mumbai,67,2024-01-15
CUST05327,Qushi Memon,sandalquincy@example.org,+911591573143,Kolkata,36,2023-02-28
CUST05328,Ishwar Raju,patilavi@example.com,0351838604,Pune,68,2024-01-15
CUST05329,Anirudh Chokshi,niteshdhar@example.net,+912800655642,Hyderabad,43,2023-06-30
CUST05330,Sneha Dutta,mohinichaudry@example.org,02226167336,Surat,66,2024-03-04
CUST05331,Jhalak Hayer,aachal52@example.com,0541323715,Mumbai,48,2023-06-14
CUST05332,Harinakshi Karpe,geetika59@example.org,1515473653,Jaipur,66,2023-03-29
CUST05333,Rohan Ratti,jnori@example.net,+913546128054,Bangalore,43,2024-04-08
CUST05334,Samesh Desai,kalanatt@example.com,0010145478,Chennai,32,2024-06-05
CUST05335,Anvi Kapadia,glad@example.org,6232986188,Chennai,48,2023-12-19
CUST05336,Yamini Ramesh,indiraborah@example.org,07043124021,Chennai,51,2023-07-06
CUST05337,Baghyawati Dua,lallageorge@example.com,+910191540224,Surat,68,2024-03-15
CUST05338,Oeshi Krishnamurthy,advaymukherjee@example.net,8633200268,Jaipur,66,2023-06-02
CUST05339,Daksh Balan,rgupta@example.net,03810136115,Ahmedabad,64,2024-05-07
CUST05340,Dayita Sawhney,lajita61@example.org,6110764734,Ahmedabad,39,2023-03-01
CUST05341,Pushti Chaudhuri,balendra61@example.com,8546008118,Delhi,38,2023-07-08
CUST05342,Abhimanyu Jayaraman,arjunseth@example.com,2615684933,Chennai,45,2023-04-09
CUST05343,Saanvi Ravel,netra38@example.net,+914863018844,Hyderabad,31,2023-07-30
CUST05344,Neel Pau,amritakant@example.org,+919543130352,Ahmedabad,46,2024-03-08
CUST05345,Shravya Gera,anirudhanne@example.com,02825244233,Jaipur,19,2024-01-14
CUST05346,Gabriel Johal,snehasubramanian@example.org,02176979709,Pune,26,2023-12-20
CUST05347,Janya Gandhi,ayushmannarasimhan@example.net,7988455427,Surat,26,2024-02-11
CUST05348,Idika Varughese,royviraj@example.net,0818328159,Kolkata,65,2023-07-26
CUST05349,Rachana Sekhon,evarughese@example.net,7605912797,Mumbai,49,2024-04-21
CUST05350,Zehaan Sanghvi,idikapai@example.net,3210985565,Pune,39,2024-03-29
CUST05351,Advay D’Alia,iwalia@example.net,2688985155,Chennai,44,2023-12-27
CUST05352,Gaurangi Sarna,routisaac@example.com,+913140415354,Hyderabad,61,2024-05-01
CUST05353,Raghav Singhal,gollapriya@example.net,2005820935,Hyderabad,66,2023-09-27
CUST05354,Dhruv Wable,mangalodika@example.net,5071415804,Jaipur,37,2023-09-11
CUST05355,Karan Brahmbhatt,sekhonmanbir@example.net,8435979035,Pune,55,2023-08-24
CUST05356,Ekaraj Saini,faggarwal@example.com,8403105953,Mumbai,54,2023-05-13
CUST05357,Advik Tripathi,avi42@example.com,02696682494,Mumbai,26,2024-06-24
CUST05358,Amruta Puri,etasarma@example.com,2465840352,Bangalore,39,2023-09-06
CUST05359,Onkar Bhandari,advik78@example.com,03710031539,Surat,58,2023-03-30
CUST05360,Abha Bandi,ravelryan@example.com,03158690451,Surat,56,2023-06-13
CUST05361,Jagat Chahal,suhanicheema@example.net,3483086370,Surat,43,2024-04-29
CUST05362,Mitesh Sani,bsur@example.com,4142824883,Hyderabad,31,2023-03-28
CUST05363,Prisha Walia,danielloyal@example.org,+918079498006,Hyderabad,22,2023-08-08
CUST05364,Udarsh Krishnan,spalla@example.com,05139601313,Jaipur,42,2023-04-18
CUST05365,Vedika Arora,onkarmandal@example.com,+917122463948,Chennai,48,2023-06-24
CUST05366,Yamini Sarin,divyaahluwalia@example.org,5014689773,Delhi,39,2023-08-08
CUST05367,Yutika Samra,zsankar@example.net,6170277591,Surat,46,2024-06-06
CUST05368,Siya Ganesan,tanish51@example.net,6701037756,Kolkata,23,2023-08-17
CUST05369,Ekaja Mahal,ssrinivasan@example.org,5221976645,Bangalore,24,2024-03-31
CUST05370,Unni Chadha,regeati@example.com,00024629566,Jaipur,29,2023-10-25
CUST05371,Jagvi Bora,mittertamanna@example.org,09487761268,Mumbai,70,2023-08-03
CUST05372,Barkha Aggarwal,balaypranit@example.org,06736051713,Surat,49,2024-04-17
CUST05373,Aradhana Nazareth,yagneshsamra@example.com,9798512461,Mumbai,29,2024-02-06
CUST05374,Hema Pal,ojasvi92@example.org,+918314256035,Chennai,22,2023-04-02
CUST05375,Urmi Jani,hemangthaker@example.com,8606150485,Hyderabad,36,2023-07-17
CUST05376,Devika Joshi,balasubramanianneel@example.net,+918914096466,Chennai,32,2023-07-02
CUST05377,Bhanumati Bora,vamakshinaidu@example.com,3071417471,Kolkata,60,2024-02-29
CUST05378,Anvi Rastogi,tripti23@example.com,01176147027,Jaipur,22,2023-12-16
CUST05379,David Kumar,gbora@example.org,02478914653,Ahmedabad,21,2024-02-18
CUST05380,Finn Gera,bakhshi01@example.net,+910298955481,Pune,51,2024-03-19
CUST05381,Nidhi Sood,ekavirdhar@example.net,+914047211745,Mumbai,28,2023-12-28
CUST05382,Darpan Dhillon,esodhi@example.com,+916209631786,Pune,44,2023-06-20
CUST05383,Gopal Krishnan,radhikasachar@example.net,0098678000,Hyderabad,28,2024-06-20
CUST05384,Saksham Baral,binaatwal@example.org,07510819390,Delhi,26,2024-05-30
CUST05385,Damini Bajaj,mitali26@example.net,5951975398,Jaipur,44,2024-06-07
CUST05386,Chaaya Sengupta,kandra@example.com,+915863195903,Ahmedabad,65,2023-08-03
CUST05387,Niharika Gole,amarabrahmbhatt@example.org,2942872765,Delhi,42,2023-03-19
CUST05388,Charita Banerjee,brijeshbadami@example.net,03106526776,Chennai,26,2023-10-01
CUST05389,Jack Sheth,balakrishnanbimala@example.net,+914106286479,Chennai,37,2023-05-13
CUST05390,Varenya Rajagopalan,chaudharialka@example.com,8824481564,Hyderabad,70,2023-04-20
CUST05391,Rudra Sandhu,irya91@example.com,+911613148971,Ahmedabad,28,2024-05-19
CUST05392,Gauri Choudhury,lakshmi23@example.org,1371893276,Surat,54,2023-09-14
CUST05393,Nisha Thakur,yug07@example.com,4014366446,Kolkata,55,2023-11-26
CUST05394,Anusha Sangha,wsaini@example.net,05029971893,Chennai,50,2023-06-18
CUST05395,Reva Dass,gaurangigala@example.net,08807196314,Ahmedabad,35,2023-04-26
CUST05396,Gaurika Borde,yvala@example.org,+912439081597,Chennai,18,2024-01-04
CUST05397,Amrita Guha,chackoekani@example.net,02968945729,Bangalore,46,2023-12-22
CUST05398,Om Ravel,sureshhritik@example.net,00975285132,Delhi,70,2024-06-20
CUST05399,Ucchal Comar,ridhikakar@example.net,4958343584,Hyderabad,56,2023-12-14
CUST05400,Veda Shroff,kaladevika@example.com,+919483261676,Chennai,51,2023-06-26
CUST05401,Varenya Mody,cprasad@example.com,08634058290,Pune,54,2023-12-16
CUST05402,Chandran Mitra,nvenkatesh@example.org,+917359471455,Ahmedabad,47,2024-04-28
CUST05403,Azad Choudhary,rameshojasvi@example.net,4799073707,Ahmedabad,54,2024-02-25
CUST05404,Ryan Mahajan,rpal@example.org,+912980965590,Mumbai,65,2023-07-06
CUST05405,Leela Varghese,fiyaz63@example.com,07208979188,Delhi,36,2023-06-15
CUST05406,Rachana Mitter,manya93@example.net,2161199588,Ahmedabad,40,2024-03-01
CUST05407,Aradhana Deshmukh,vwalia@example.org,0830007537,Kolkata,43,2024-04-22
CUST05408,Oliver Gaba,mrattan@example.org,3626443327,Surat,70,2023-11-13
CUST05409,Ishanvi Sule,kabir62@example.com,07302360316,Bangalore,44,2023-08-12
CUST05410,Kamya Pai,tanejatheodore@example.net,2051771888,Chennai,29,2024-05-16
CUST05411,Zayan Kumer,peter31@example.net,+911407319197,Surat,64,2023-08-08
CUST05412,Thomas Gill,bsrinivasan@example.com,06987634865,Hyderabad,47,2023-06-19
CUST05413,Kevin Joshi,handaayush@example.net,09388705676,Hyderabad,60,2023-10-29
CUST05414,Anirudh Jain,sachi23@example.org,+912278081088,Bangalore,62,2023-10-25
CUST05415,Darsh Iyengar,anya48@example.net,+917738345365,Surat,24,2024-05-31
CUST05416,Nidhi Nadig,rthaker@example.org,9050526866,Hyderabad,62,2024-03-16
CUST05417,Jhalak Rout,arjun60@example.org,3037400639,Mumbai,33,2023-04-23
CUST05418,Amara Bhakta,harishkarnik@example.net,+918377428428,Bangalore,35,2024-04-02
CUST05419,Reva Talwar,priya56@example.com,8469181654,Jaipur,36,2024-03-31
CUST05420,Wahab Purohit,parikhnitesh@example.com,07951706495,Delhi,62,2023-04-29
CUST05421,Kritika Chada,wpalla@example.org,+912664265197,Chennai,49,2023-09-17
CUST05422,Kalpit Ramaswamy,ukhatri@example.org,07059178766,Hyderabad,66,2023-12-24
CUST05423,Pratyush Kar,loganjohal@example.net,8356273711,Jaipur,25,2023-11-26
CUST05424,Abdul Rattan,minhasira@example.com,+919682301134,Pune,22,2023-11-13
CUST05425,Oviya Pillay,frado28@example.net,08348195714,Delhi,50,2024-03-22
CUST05426,Vivaan Soni,aryarohan@example.com,5297096501,Pune,44,2023-10-04
CUST05427,Vedika Khare,samarthgara@example.net,7691131883,Ahmedabad,28,2023-06-07
CUST05428,Aradhana Dube,pupadhyay@example.net,+916453766141,Kolkata,31,2023-11-20
CUST05429,Gaurang Khare,lmittal@example.com,7116714227,Jaipur,20,2023-08-16
CUST05430,Chandresh Nadkarni,amunshi@example.net,04206671249,Ahmedabad,19,2023-06-29
CUST05431,Daksha Trivedi,aishani20@example.net,9860978483,Delhi,58,2023-11-03
CUST05432,Qasim Modi,yutikabir@example.org,+913629382887,Ahmedabad,42,2023-09-25
CUST05433,Saksham Dasgupta,divyaarya@example.org,07433950397,Pune,65,2023-11-06
CUST05434,Upkaar Agate,avi74@example.org,8888663183,Hyderabad,30,2023-08-28
CUST05435,Nirja Jaggi,charleskoshy@example.com,4670276806,Hyderabad,20,2023-10-06
CUST05436,Chanakya Hayre,bishakhagulati@example.net,+916903556416,Mumbai,34,2023-09-27
CUST05437,Charan Anand,jdani@example.org,+918980326310,Delhi,63,2023-03-27
CUST05438,Yashodhara Bawa,mdyal@example.net,6629231912,Bangalore,38,2023-05-13
CUST05439,Riya Pandit,hemangini38@example.org,03579987346,Ahmedabad,49,2023-11-08
CUST05440,Guneet Om,ishaankumer@example.com,5993869383,Ahmedabad,22,2024-04-10
CUST05441,Yash Pillay,suhani28@example.net,09421145856,Delhi,53,2023-04-14
CUST05442,Yashvi Bala,hardik89@example.net,0290181814,Chennai,63,2023-03-02
CUST05443,Amrita Walla,dominicviswanathan@example.org,+910705737733,Ahmedabad,26,2023-11-27
CUST05444,Hardik Mammen,ranaekbal@example.net,4322032544,Ahmedabad,70,2023-03-04
CUST05445,Zaid Tailor,vedhikasodhi@example.com,3115136651,Kolkata,28,2024-03-12
CUST05446,Arin Sant,zbuch@example.org,+918434631847,Bangalore,19,2023-08-27
CUST05447,Dayita Bali,mdin@example.net,+917895404777,Surat,24,2023-12-04
CUST05448,Daksh Tiwari,dakshachawla@example.net,8946958471,Bangalore,36,2023-05-27
CUST05449,Zansi Sama,rayaan68@example.org,+918117310521,Delhi,52,2023-07-28
CUST05450,Wishi Johal,dassutkarsh@example.com,+919926476965,Hyderabad,28,2024-03-30
CUST05451,Advik Bhattacharyya,andrew77@example.org,+919559771436,Delhi,60,2023-11-23
CUST05452,Sai Bhavsar,frederick20@example.com,04446274139,Mumbai,61,2023-10-15
CUST05453,Omya Ravi,dakshasant@example.com,0575207248,Kolkata,27,2024-01-05
CUST05454,Ryan Chhabra,khareanjali@example.org,+918132016076,Ahmedabad,40,2023-04-27
CUST05455,Ayushman Sandhu,ayaan36@example.net,00697225723,Bangalore,31,2024-01-01
CUST05456,Hritik Bansal,wgour@example.com,02725160964,Mumbai,61,2023-10-02
CUST05457,Netra Narang,ikshitamalhotra@example.org,06994805718,Jaipur,31,2023-03-28
CUST05458,Finn Sule,mbanerjee@example.com,03292373235,Ahmedabad,62,2023-04-12
CUST05459,Nachiket Karnik,chandani43@example.org,00863283168,Mumbai,58,2024-02-25
CUST05460,Parth Solanki,varghesenilima@example.net,5021360806,Jaipur,59,2023-03-07
CUST05461,Farhan Soman,laksh74@example.com,9988168834,Delhi,42,2023-10-22
CUST05462,Om Saha,kashishbahri@example.com,+911855657610,Kolkata,46,2023-11-18
CUST05463,Zansi Keer,priya90@example.net,+916955456335,Mumbai,56,2023-04-30
CUST05464,Osha Borra,quincy68@example.org,0562506680,Mumbai,21,2023-05-21
CUST05465,Charan Ganguly,hnadig@example.net,03537323429,Hyderabad,67,2023-03-12
CUST05466,Aarnav Kumar,wsaini@example.com,4592680873,Chennai,33,2023-03-05
CUST05467,Eta Gala,theodoreraja@example.org,+914546152255,Pune,33,2024-04-15
CUST05468,Manya Tank,vrishti76@example.org,04804210006,Chennai,23,2024-04-21
CUST05469,Orinder Kade,pavani36@example.org,8789314890,Mumbai,44,2023-07-15
CUST05470,Qabil Roy,rramakrishnan@example.com,00269148040,Mumbai,18,2023-08-19
CUST05471,Max Sundaram,sarthakmangat@example.com,+915635384762,Pune,70,2023-05-31
CUST05472,Mitesh Verma,krishabhandari@example.com,+913579669943,Chennai,61,2023-07-26
CUST05473,Harrison Karnik,udyati59@example.com,+914967787371,Delhi,32,2024-01-13
CUST05474,Xalak Hegde,dakshbehl@example.com,+917727113569,Delhi,69,2024-03-17
CUST05475,Ekalinga Ganguly,osundaram@example.com,00733140749,Bangalore,64,2024-06-03
CUST05476,Abeer Sandhu,nicholassarin@example.org,+912123090861,Bangalore,20,2023-05-03
CUST05477,Siddharth Bhatia,znarayan@example.net,+913536853024,Hyderabad,50,2023-03-23
CUST05478,Divya Swamy,theodoresankar@example.com,+913067509919,Delhi,70,2024-01-30
CUST05479,Eiravati Nadkarni,alexander47@example.com,6390565295,Pune,38,2024-05-07
CUST05480,Maya Hayer,charan43@example.com,+910757766130,Jaipur,58,2023-06-06
CUST05481,Abdul Cherian,lekha77@example.org,+918842247893,Chennai,57,2023-03-16
CUST05482,Arin Oza,chaaya38@example.org,+918582943800,Chennai,52,2023-05-16
CUST05483,Gopal Gara,nbali@example.com,02585958013,Hyderabad,45,2023-04-17
CUST05484,Chanchal Sundaram,aahanasrivastava@example.org,7486531285,Delhi,32,2023-08-20
CUST05485,Shivani Issac,lramesh@example.com,08010317487,Chennai,24,2023-02-27
CUST05486,Ucchal Sarraf,ykorpal@example.org,08180659733,Pune,38,2023-12-26
CUST05487,Charvi Khare,shravya33@example.com,1155241577,Bangalore,18,2023-12-10
CUST05488,Edhitha Kalita,dharnicholas@example.com,05823814493,Hyderabad,59,2023-05-16
CUST05489,Harinakshi Seshadri,vartydaksh@example.com,+913785122295,Pune,18,2023-12-29
CUST05490,Gaurika Sankar,nitara00@example.com,01410488689,Hyderabad,31,2023-09-01
CUST05491,Devansh Lall,rthakur@example.net,7289630812,Ahmedabad,32,2024-02-23
CUST05492,Rachita Seshadri,vasudhadas@example.org,6377273014,Delhi,60,2023-02-28
CUST05493,Ayush Taneja,varghesehemal@example.org,06751610277,Kolkata,59,2023-12-01
CUST05494,Wyatt Kannan,nchana@example.org,8107828367,Surat,41,2023-12-14
CUST05495,Liam Andra,kpathak@example.com,+919321418184,Mumbai,22,2023-06-08
CUST05496,Charan Chandra,bmander@example.org,7223421543,Chennai,44,2023-11-13
CUST05497,Tanmayi Dayal,shauryasama@example.com,7989146856,Kolkata,67,2024-02-13
CUST05498,Mitesh Sane,krishnamurthyowen@example.org,02540148612,Surat,49,2023-09-22
CUST05499,Aryan Narula,nitaradayal@example.com,+917713538990,Delhi,63,2023-11-25
CUST05500,Bishakha Raman,kdora@example.org,00580736561,Jaipur,68,2023-03-26
CUST05501,Aarna Bedi,nlad@example.net,1155390159,Surat,28,2023-12-23
CUST05502,Rehaan Ratta,vedant50@example.net,00192950508,Kolkata,24,2023-09-12
CUST05503,Farhan Amble,sankaranjalsa@example.org,09398050442,Surat,38,2023-03-28
CUST05504,Jackson Dass,krishlibni@example.org,05336564369,Hyderabad,61,2023-06-19
CUST05505,Aarnav Sekhon,baghyawati25@example.com,+913493241568,Bangalore,39,2023-11-17
CUST05506,Sudiksha Dhawan,rachita00@example.com,+918895018051,Bangalore,58,2024-06-27
CUST05507,Jackson Buch,fradomane@example.com,+914115822825,Pune,60,2023-10-24
CUST05508,Sara Anand,balvanseth@example.net,+919560528562,Ahmedabad,22,2023-08-03
CUST05509,Xavier Saha,frege@example.net,0097245955,Pune,19,2023-04-27
CUST05510,Krishna Cheema,kala63@example.org,4404568477,Surat,55,2023-07-26
CUST05511,Neel Rai,maniparth@example.net,+919271069767,Ahmedabad,42,2023-07-22
CUST05512,Zarna Kota,buchdaksh@example.net,+912348932364,Jaipur,58,2023-12-30
CUST05513,Jackson Sankaran,gabriel76@example.org,0794661303,Chennai,50,2023-02-24
CUST05514,Idika Rajagopal,patrickchada@example.org,00647209587,Surat,63,2023-09-04
CUST05515,Naveen Chana,tristanbedi@example.net,07151959337,Mumbai,32,2024-05-09
CUST05516,Faris Joshi,rachitakala@example.net,7546823857,Mumbai,57,2023-05-23
CUST05517,Jyoti Sem,udantmagar@example.org,03399026592,Delhi,37,2023-09-19
CUST05518,Garima Bail,vasudhaiyer@example.org,+911638817722,Chennai,65,2023-02-20
CUST05519,Advaith Gulati,yutikakannan@example.org,+911039747295,Hyderabad,66,2023-09-19
CUST05520,Pallavi Minhas,pborah@example.net,+917206102834,Chennai,57,2023-11-27
CUST05521,Netra Chokshi,smalhotra@example.net,+911230681258,Delhi,21,2024-05-06
CUST05522,Frado Bhat,hemalgoel@example.com,+916122606142,Bangalore,41,2023-06-18
CUST05523,Anita Bumb,gayathri82@example.org,+913842873330,Ahmedabad,36,2023-09-22
CUST05524,Unnati Pingle,dayitatata@example.com,04640230554,Chennai,27,2024-01-28
CUST05525,Ishwar Dugar,maanav83@example.com,9461060140,Hyderabad,31,2023-06-14
CUST05526,Warhi Sane,deshpandetristan@example.com,7910033167,Mumbai,33,2024-02-05
CUST05527,Aditya Rana,bahadurjitswaminathan@example.org,8679514316,Surat,46,2024-06-27
CUST05528,Yahvi Patel,wakeeta75@example.com,08160717215,Pune,26,2023-09-06
CUST05529,Priya Gola,rpatel@example.net,3040648710,Kolkata,38,2023-04-25
CUST05530,Amruta Johal,gmahajan@example.org,07449401361,Mumbai,51,2023-09-07
CUST05531,Triveni Nadig,chaudhryayush@example.org,0128370256,Hyderabad,59,2024-06-06
CUST05532,Luke Wason,janujaravel@example.org,0438950054,Kolkata,66,2023-03-19
CUST05533,Lopa Nadkarni,jdani@example.org,00122327132,Mumbai,32,2023-02-24
CUST05534,Dayita Rajagopal,idani@example.net,03115697171,Pune,39,2024-06-13
CUST05535,Omisha Tata,farhanmadan@example.com,6747502615,Chennai,31,2023-11-02
CUST05536,Krishna Bora,dalajasen@example.org,06137988674,Jaipur,21,2024-05-03
CUST05537,Varenya Kalla,qsandhu@example.org,05911799639,Chennai,69,2023-03-26
CUST05538,Orinder Kamdar,anushabadami@example.net,+915862638086,Chennai,56,2023-12-16
CUST05539,Warjas Datta,atwaltamanna@example.org,07424435648,Hyderabad,51,2023-02-14
CUST05540,Dakshesh Ramesh,rakshakanda@example.org,07964388733,Pune,29,2023-07-06
CUST05541,Naveen Gade,neelima44@example.org,7223130400,Ahmedabad,58,2023-12-31
CUST05542,Nicholas Kuruvilla,vgulati@example.org,09536403527,Mumbai,22,2023-03-03
CUST05543,Abeer Iyengar,obose@example.com,+916398384248,Ahmedabad,22,2023-03-26
CUST05544,Aarav Palla,gaurang35@example.org,02289810850,Chennai,21,2024-04-17
CUST05545,Azad Chaudhari,vraman@example.com,4105031971,Bangalore,31,2024-03-06
CUST05546,Tanmayi Ahuja,jdhaliwal@example.org,5547684767,Bangalore,23,2023-07-20
CUST05547,Lipika Issac,zayyan70@example.net,04427407664,Bangalore,55,2023-07-12
CUST05548,Chandran Purohit,ganesanchakradhar@example.net,4122203876,Jaipur,68,2023-09-28
CUST05549,Laksh Bhatti,lajita12@example.org,+919182451406,Chennai,33,2024-06-02
CUST05550,Wahab Merchant,gandhipratyush@example.com,07316785043,Jaipur,23,2023-10-19
CUST05551,Bhavika Khare,sehgaljanuja@example.com,+913972801870,Hyderabad,64,2024-03-31
CUST05552,Yasti Kumar,vivaan11@example.com,7079148139,Ahmedabad,37,2023-10-31
CUST05553,Yoshita Borde,varmameera@example.org,04159385098,Bangalore,64,2023-03-20
CUST05554,Avni Purohit,pmadan@example.com,+913715974333,Chennai,33,2023-07-12
CUST05555,Ekavir Dash,jananichauhan@example.com,6402294830,Hyderabad,29,2024-01-27
CUST05556,Lucky Anand,zarna72@example.net,04394358621,Surat,33,2023-06-13
CUST05557,Anamika Buch,sridharjackson@example.net,08098865985,Kolkata,36,2024-06-03
CUST05558,Waida Jhaveri,rishimerchant@example.net,+915138617556,Surat,46,2023-07-27
CUST05559,Samarth Kuruvilla,nandinidoshi@example.net,+916194348520,Chennai,35,2024-03-06
CUST05560,Tamanna Acharya,bhavna12@example.com,4788430050,Ahmedabad,23,2023-10-04
CUST05561,Eshana Handa,rayaan24@example.com,09295797861,Pune,43,2023-04-21
CUST05562,Abhimanyu Bhakta,aachaldevi@example.net,+912562467751,Hyderabad,28,2023-08-31
CUST05563,Utkarsh Agarwal,farajtandon@example.net,+911162442169,Ahmedabad,46,2023-08-24
CUST05564,Rachita Baria,amblechandani@example.org,8393666662,Hyderabad,50,2023-08-28
CUST05565,Yashica Nazareth,yashasvi37@example.org,+913558453779,Surat,65,2023-10-12
CUST05566,Bhavika Dani,amukherjee@example.com,01592912135,Hyderabad,66,2024-03-23
CUST05567,Ayaan Kulkarni,luckybanik@example.net,+914689900988,Bangalore,70,2024-06-06
CUST05568,Eshana Sankar,mhegde@example.net,05984071752,Ahmedabad,19,2023-07-11
CUST05569,Viraj Narayan,doraabhimanyu@example.org,02956426245,Hyderabad,45,2023-11-14
CUST05570,Raghav Mallick,erai@example.com,00012880143,Delhi,66,2023-07-15
CUST05571,Barkha Parmar,zarnaacharya@example.com,07224339069,Kolkata,56,2023-07-21
CUST05572,Nathan Gandhi,girindrabahri@example.org,+915128337079,Jaipur,27,2024-03-25
CUST05573,Shaurya Bhat,praneelmall@example.net,+917931663241,Jaipur,64,2024-06-06
CUST05574,Yoshita Chakrabarti,vasudha84@example.net,+915235882803,Bangalore,34,2023-03-21
CUST05575,Samuel Wadhwa,fbhakta@example.com,09314027849,Hyderabad,47,2024-03-16
CUST05576,Manan Gupta,vasudhaganguly@example.net,04593550629,Kolkata,47,2023-07-12
CUST05577,Amara Swaminathan,ojohal@example.org,+911205144984,Kolkata,42,2023-04-20
CUST05578,Kashvi Sawhney,balanjacob@example.org,03978645167,Jaipur,56,2024-06-27
CUST05579,Anirudh Pingle,virkaadi@example.net,00131508062,Ahmedabad,22,2024-02-21
CUST05580,Onkar Som,elijah27@example.net,2223423223,Pune,26,2023-03-02
CUST05581,Daksh Chand,libnidesai@example.org,+913423743622,Ahmedabad,30,2023-05-22
CUST05582,Vasudha Bhalla,rajupavani@example.org,4397242279,Bangalore,30,2023-05-19
CUST05583,Pavani Dugar,somanhemal@example.org,+917758887143,Mumbai,18,2024-01-24
CUST05584,Zaid Issac,ubika97@example.org,+912884044656,Jaipur,64,2023-08-03
CUST05585,Wyatt Ramakrishnan,ddeep@example.net,4561210757,Pune,49,2024-03-25
CUST05586,Mohammed Samra,edara@example.org,+913635300465,Hyderabad,44,2024-01-24
CUST05587,Sanaya Varughese,arinshenoy@example.com,+915948271682,Hyderabad,65,2023-03-16
CUST05588,Isha Chandran,msant@example.org,4983413457,Pune,42,2024-04-09
CUST05589,Harsh Talwar,rmutti@example.net,+914337479945,Ahmedabad,37,2023-08-14
CUST05590,Avi Pingle,vaishnavisaha@example.org,3800563474,Surat,22,2024-06-16
CUST05591,Mitesh Tella,gaurisodhi@example.net,04555041587,Hyderabad,20,2024-01-03
CUST05592,Ati Tiwari,raibalveer@example.com,09244939231,Delhi,42,2023-11-19
CUST05593,Forum Ben,mitali84@example.org,9409434747,Surat,28,2023-12-23
CUST05594,Vedhika Varty,oshauppal@example.com,+914583140917,Chennai,66,2023-04-09
CUST05595,Parth Sarraf,keerrudra@example.net,04983533622,Hyderabad,34,2023-12-22
CUST05596,Unnati Nair,sarkarrudra@example.net,7932554904,Pune,50,2024-06-06
CUST05597,Jagvi Tripathi,mdutta@example.net,+913967743414,Ahmedabad,58,2023-08-21
CUST05598,Ekbal Tank,birrajeshri@example.com,02735290133,Pune,62,2023-07-10
CUST05599,Lekha Misra,wmani@example.net,04500401776,Mumbai,59,2024-04-27
CUST05600,Liam Balay,kaurdamyanti@example.net,4115299264,Hyderabad,45,2023-07-17
CUST05601,Girish Badami,jsodhi@example.com,+913054658787,Chennai,33,2024-03-12
CUST05602,Rachana Tella,frederick93@example.net,+919863273112,Ahmedabad,20,2023-12-13
CUST05603,Zilmil Keer,maharajimaran@example.com,9376970863,Pune,58,2023-05-06
CUST05604,Maya Taneja,amaira93@example.org,7436271417,Mumbai,62,2023-05-11
CUST05605,Wyatt Bahl,yoshita67@example.net,+918853783814,Bangalore,34,2023-12-02
CUST05606,Patrick Khare,aditya21@example.com,06671934298,Surat,47,2023-09-10
CUST05607,Kevin Golla,aahanakara@example.org,+917115235781,Bangalore,34,2023-07-06
CUST05608,Darsh Gole,pillaibaghyawati@example.org,08279914041,Chennai,56,2024-02-16
CUST05609,Dalbir Pall,gkhare@example.org,00045525265,Surat,60,2023-07-02
CUST05610,Netra Suri,nilimathakur@example.net,3345809696,Bangalore,18,2023-06-13
CUST05611,Nandini Solanki,ekani03@example.com,04789133900,Delhi,67,2023-10-11
CUST05612,Nicholas Varughese,hcheema@example.org,00683587766,Delhi,59,2023-05-21
CUST05613,Rajata Borah,pkrishnamurthy@example.org,03767041510,Hyderabad,43,2023-09-01
CUST05614,Gautami Dhar,ravaldavid@example.com,09934121488,Surat,23,2023-07-23
CUST05615,Harinakshi Suresh,neelima05@example.com,+917377118824,Jaipur,30,2024-04-29
CUST05616,Eiravati Das,kavyakeer@example.org,+910619417371,Hyderabad,28,2024-05-14
CUST05617,Aadhya Goyal,maniarin@example.org,+919210283486,Hyderabad,34,2023-05-18
CUST05618,Eesha Sathe,qmurthy@example.org,7295412521,Kolkata,50,2024-02-22
CUST05619,Meghana Sarraf,meghanarattan@example.com,00800438652,Jaipur,60,2023-09-05
CUST05620,Frado Sani,nadigsaksham@example.net,+910905848136,Hyderabad,55,2024-01-21
CUST05621,Omya Nadig,aoza@example.com,03308025437,Kolkata,64,2023-05-28
CUST05622,Saumya Saini,hmurthy@example.net,4646062510,Hyderabad,66,2023-06-28
CUST05623,Yamini Bera,shanbhavini@example.com,06966264897,Delhi,24,2023-05-24
CUST05624,Henry Goyal,devanshpatla@example.net,06269795536,Surat,67,2024-03-04
CUST05625,Avni Ramaswamy,jagdishsubramanian@example.com,08860812511,Pune,70,2024-05-25
CUST05626,Zinal Tata,wghose@example.com,+919416840615,Bangalore,35,2023-10-14
CUST05627,Panini Khanna,nitara19@example.net,+916283600651,Chennai,65,2023-04-08
CUST05628,Timothy Chandra,gaurang37@example.com,9261264040,Hyderabad,62,2023-09-21
CUST05629,Aryan Samra,yatinchandran@example.com,0679264207,Kolkata,18,2023-03-26
CUST05630,Hardik Hayre,xdani@example.org,00839715348,Bangalore,70,2024-06-26
CUST05631,Girish Jaggi,balendra83@example.net,05713495522,Ahmedabad,18,2024-02-26
CUST05632,Widisha Saraf,abdul07@example.com,09142234719,Delhi,22,2024-06-09
CUST05633,Harita Shere,jai79@example.org,2154409874,Hyderabad,51,2024-03-11
CUST05634,Nikita Contractor,nayarmaanav@example.com,8148871069,Hyderabad,59,2023-08-03
CUST05635,Quincy Nair,misramegha@example.com,9269631777,Kolkata,64,2024-01-29
CUST05636,Viraj Bala,kdasgupta@example.org,+916834231966,Hyderabad,28,2024-04-22
CUST05637,Chakradhar Pai,vmitra@example.net,9453110290,Bangalore,41,2023-05-27
CUST05638,Yadavi Majumdar,srivastavadayita@example.org,8387731879,Bangalore,63,2023-11-13
CUST05639,Faqid Cheema,qasimsarna@example.net,5821062612,Bangalore,30,2023-08-25
CUST05640,Anmol Tella,ladlibalan@example.org,6249872495,Ahmedabad,29,2024-04-02
CUST05641,Qushi Pathak,advaydhaliwal@example.org,3315413938,Jaipur,25,2023-08-10
CUST05642,Tripti Talwar,halderekanta@example.com,1575140444,Ahmedabad,54,2024-03-07
CUST05643,Vyanjana Rana,bhatnirja@example.com,03306655621,Chennai,29,2023-04-24
CUST05644,Raghav Shukla,ranachasmum@example.org,+912487357000,Chennai,21,2024-03-14
CUST05645,Girindra Sani,setharya@example.org,7861487314,Bangalore,69,2024-01-10
CUST05646,Abdul Dalal,kumarsachi@example.com,05314301711,Chennai,34,2023-03-05
CUST05647,Yahvi Guha,liam77@example.net,+918289758551,Hyderabad,46,2024-02-14
CUST05648,Amaira Mandal,yashasvi70@example.net,9346744846,Surat,24,2023-12-09
CUST05649,Kritika Kohli,lratti@example.org,07042787711,Bangalore,23,2023-05-18
CUST05650,Yashvi Boase,mdada@example.org,08881399017,Kolkata,23,2023-10-28
CUST05651,Pallavi Rajagopal,tamanna20@example.org,01208133241,Hyderabad,25,2024-03-29
CUST05652,Bhavani Sandal,chandransamuel@example.org,08536819098,Kolkata,22,2023-10-17
CUST05653,Pooja Solanki,nitara71@example.net,4712509370,Pune,19,2024-03-21
CUST05654,Finn Contractor,mmutti@example.com,05462840616,Surat,33,2024-01-11
CUST05655,Yahvi Jhaveri,cswaminathan@example.com,7298540714,Ahmedabad,49,2023-11-28
CUST05656,Harish Saraf,girikpatla@example.org,3823141046,Delhi,18,2023-11-12
CUST05657,Inaya Sagar,dharquincy@example.org,06715556504,Mumbai,35,2024-06-24
CUST05658,Riya Rajagopal,harinakshi05@example.com,+915723647483,Mumbai,60,2023-02-13
CUST05659,Advay Srivastava,fsrivastava@example.net,06235118222,Surat,68,2023-06-28
CUST05660,Hema Warrior,nagarpranit@example.com,01131517678,Mumbai,24,2024-06-04
CUST05661,Wazir Parikh,faras35@example.org,+917592351994,Chennai,51,2023-03-07
CUST05662,Urvi Sheth,dev45@example.org,8852838664,Mumbai,42,2024-01-02
CUST05663,Yashoda Sachdev,oviyashenoy@example.net,03395956422,Surat,51,2023-06-07
CUST05664,Brinda Barman,shethpraneel@example.org,08039727819,Kolkata,49,2023-09-05
CUST05665,Tanay Rege,geetika69@example.net,+917578401366,Ahmedabad,66,2023-04-21
CUST05666,Pooja Kakar,neelimabalakrishnan@example.com,00275945425,Pune,56,2023-06-09
CUST05667,Xalak Bal,yatin08@example.net,1695787230,Hyderabad,39,2023-10-01
CUST05668,Deepa Oommen,champakpanchal@example.org,2206387078,Pune,61,2023-03-29
CUST05669,Faras Vora,puriupasna@example.com,02574641574,Pune,38,2024-05-30
CUST05670,Xiti Rajagopal,fhari@example.com,4895935361,Chennai,41,2024-06-22
CUST05671,Yatin Wali,jmittal@example.com,+916445690200,Hyderabad,42,2024-03-17
CUST05672,Yash Dada,amander@example.net,+917965891497,Surat,21,2024-06-09
CUST05673,Fariq Acharya,sridharanusha@example.net,3837978570,Pune,39,2024-06-15
CUST05674,Vasana Bhakta,csehgal@example.net,+910425276959,Delhi,18,2024-01-29
CUST05675,Vincent Manne,bhagatunni@example.com,03032081401,Ahmedabad,62,2023-10-30
CUST05676,Neelima Mittal,lukeiyengar@example.com,6053962489,Hyderabad,64,2023-10-18
CUST05677,Bhavini Varma,bimalavasa@example.com,+912634267243,Bangalore,19,2023-10-11
CUST05678,Azaan Uppal,niharikaratta@example.org,1892901544,Surat,25,2024-04-01
CUST05679,Ekaraj Mistry,chauhangarima@example.org,5030064641,Jaipur,35,2023-10-21
CUST05680,Girish Iyer,azad99@example.com,5672681110,Chennai,41,2023-07-08
CUST05681,Harita Brahmbhatt,lmody@example.org,04635114019,Ahmedabad,57,2023-03-10
CUST05682,Irya Kala,devanshkalita@example.net,9557179436,Ahmedabad,50,2023-08-02
CUST05683,Laksh Konda,sachikarnik@example.org,09180250226,Hyderabad,60,2023-08-31
CUST05684,Onkar Rau,harshil31@example.org,+914304968564,Chennai,18,2023-12-26
CUST05685,Raghav De,daksheshsubramanian@example.org,+918425658928,Pune,19,2023-07-04
CUST05686,Ira Bhat,lbhatnagar@example.org,2214264847,Pune,20,2024-01-24
CUST05687,Advika Bhavsar,fkeer@example.com,+910887834618,Pune,61,2023-10-26
CUST05688,Qadim Krishnamurthy,bhavyamurty@example.org,03680170838,Ahmedabad,32,2023-10-03
CUST05689,Abhiram Barad,aditya85@example.org,+911757514695,Surat,49,2023-07-02
CUST05690,Warhi Raval,rohancheema@example.net,05761102251,Hyderabad,65,2023-07-11
CUST05691,Arya Mishra,karoliver@example.com,7179328586,Surat,68,2023-06-30
CUST05692,Vidhi Bhavsar,sara01@example.com,3943665112,Delhi,40,2024-01-13
CUST05693,Dalaja Sen,ekapadwable@example.com,00621527381,Hyderabad,48,2023-11-12
CUST05694,Gayathri Rau,dayita57@example.net,+917526142207,Delhi,64,2023-12-11
CUST05695,Vritti Kapadia,shenoymax@example.org,0705342026,Hyderabad,36,2024-03-19
CUST05696,Kritika Barman,rbajaj@example.net,5194121031,Surat,30,2023-07-21
CUST05697,Ranveer Choudhry,wdalal@example.org,0830223779,Bangalore,51,2023-09-07
CUST05698,Samaksh Chanda,abeerdate@example.org,7170354807,Surat,68,2023-03-20
CUST05699,Jairaj Ranganathan,daniel76@example.org,+915004385286,Jaipur,20,2023-12-04
CUST05700,Indrajit Joshi,vedabakshi@example.com,+919179830323,Bangalore,49,2024-02-28
CUST05701,Jason Bava,yashodharasinha@example.net,1295656359,Delhi,37,2023-10-16
CUST05702,Ekavir Goswami,pahaltripathi@example.net,+919756988647,Jaipur,47,2024-02-24
CUST05703,Aachal Sarma,mahika92@example.org,06017943433,Bangalore,46,2023-10-19
CUST05704,Amrita Warrior,semmaanas@example.net,3122868351,Delhi,48,2024-03-18
CUST05705,Aachal Dutt,oviya34@example.com,+911216909079,Jaipur,33,2023-05-22
CUST05706,Ayushman Rana,triptibahri@example.org,7625996214,Chennai,31,2023-12-11
CUST05707,Fariq Mander,ishanvibhatt@example.net,08675683633,Bangalore,66,2023-06-18
CUST05708,Zaid Jaggi,owenmistry@example.com,00937328201,Delhi,24,2023-07-22
CUST05709,Chandran Sarkar,ppandya@example.org,+911860321446,Hyderabad,63,2023-07-23
CUST05710,Maya Bandi,kom@example.org,02043814121,Mumbai,28,2023-07-02
CUST05711,Gaurika Salvi,rmannan@example.net,07720080508,Pune,42,2023-03-07
CUST05712,Jagrati Malhotra,yachananayak@example.org,+911589983224,Kolkata,32,2024-04-23
CUST05713,Ridhi Kade,zsaini@example.org,00107945098,Kolkata,60,2024-04-08
CUST05714,Gaurav Parsa,zparmar@example.org,5721789402,Ahmedabad,60,2024-02-03
CUST05715,Vrishti Ravel,arunima38@example.net,03805334326,Delhi,60,2023-08-01
CUST05716,Urvi Rege,panchalagastya@example.net,8500299907,Bangalore,52,2023-09-25
CUST05717,Liam Walla,sharafmadhav@example.com,+915867428058,Ahmedabad,23,2023-11-04
CUST05718,Gaurangi Balay,aarushchahal@example.net,+917128379000,Pune,32,2023-04-29
CUST05719,Pushti Kapoor,vkapadia@example.net,9441437259,Surat,67,2023-10-25
CUST05720,Ikbal Dey,yashodharadhar@example.net,5027494060,Surat,22,2023-08-29
CUST05721,Ubika Basu,rudrarajan@example.net,7671223739,Pune,42,2023-04-23
CUST05722,Balhaar Kadakia,shuklakashish@example.org,5702660790,Hyderabad,59,2024-06-06
CUST05723,Triveni Chada,fariqrastogi@example.org,09018926500,Jaipur,45,2023-06-08
CUST05724,Janaki Raghavan,dayamaijha@example.com,01135139592,Chennai,32,2024-04-04
CUST05725,Leela Chatterjee,adoshi@example.org,08837157140,Kolkata,25,2023-09-04
CUST05726,Chanchal Tandon,choudhryluke@example.org,01735957244,Kolkata,23,2024-02-28
CUST05727,Tanmayi Rama,ekalingajain@example.org,+918556049917,Delhi,23,2023-08-31
CUST05728,Chasmum Biswas,csinha@example.com,2316586470,Pune,65,2024-03-30
CUST05729,Ayaan Chad,qbasu@example.com,03694680546,Surat,30,2023-06-08
CUST05730,Frederick Nanda,chakradevmunshi@example.org,8637725392,Delhi,54,2024-02-07
CUST05731,Daksha Saran,wvora@example.org,+916739086943,Pune,26,2024-01-06
CUST05732,Vidhi Krishnamurthy,dugarjanya@example.net,02840035324,Pune,42,2024-04-21
CUST05733,Reva Rout,shauryanagi@example.org,06077386673,Surat,65,2024-03-19
CUST05734,Libni Seth,shanhenry@example.net,+912092326772,Mumbai,37,2023-05-05
CUST05735,Widisha Divan,nathanielkala@example.org,0756818819,Mumbai,55,2023-08-10
CUST05736,Sanaya Manda,riya69@example.com,+919016921098,Jaipur,30,2023-06-13
CUST05737,Luke Mann,chakradhar04@example.net,08708936162,Hyderabad,45,2023-05-05
CUST05738,Chatresh Bath,netrachanda@example.com,09534329506,Pune,67,2024-01-10
CUST05739,Arjun Balakrishnan,pingleirya@example.org,06072898658,Pune,69,2024-03-31
CUST05740,Yutika Kapur,psalvi@example.com,1650765673,Bangalore,51,2023-11-10
CUST05741,Tara Pillai,sekhongaurav@example.com,02241491090,Surat,55,2023-12-26
CUST05742,Anthony Mander,bhallaamrita@example.net,04181769350,Chennai,24,2023-11-18
CUST05743,Upma Balay,ramandipta@example.net,08923379206,Hyderabad,18,2023-05-24
CUST05744,Vansha Ramesh,jtank@example.net,+910643842823,Jaipur,47,2023-12-08
CUST05745,Vincent Dash,xkhanna@example.net,8870527683,Pune,27,2023-09-28
CUST05746,Ganga Lanka,krau@example.org,02554255599,Kolkata,32,2023-05-01
CUST05747,Warjas Iyengar,urattan@example.net,05824083415,Ahmedabad,61,2023-10-28
CUST05748,Shaurya Halder,dratti@example.com,03782915950,Ahmedabad,27,2024-04-19
CUST05749,Pavani Dass,xthakur@example.com,07429057895,Surat,36,2024-01-05
CUST05750,Mitesh Narayan,bhanumatisachar@example.com,+916961912380,Bangalore,65,2023-07-30
CUST05751,Udant Murthy,muniojas@example.com,5386835119,Mumbai,56,2023-03-14
CUST05752,Irya Hayre,zpathak@example.org,8568531935,Pune,37,2024-05-20
CUST05753,Chasmum Gara,urvashisetty@example.net,+913681314342,Jaipur,62,2023-02-14
CUST05754,Devika Kar,hsani@example.com,8490006032,Delhi,35,2024-02-16
CUST05755,Shaurya Contractor,ekiya66@example.org,02825164653,Surat,48,2024-01-05
CUST05756,Ranbir Yohannan,aahana04@example.com,7515256628,Chennai,49,2023-10-30
CUST05757,Jagrati Kanda,goelgaurav@example.com,03804767783,Kolkata,63,2023-12-16
CUST05758,Yahvi Joshi,ati03@example.net,0103490225,Hyderabad,21,2023-07-30
CUST05759,Nidra Bhavsar,idewan@example.org,5303367983,Pune,27,2023-05-10
CUST05760,Lipika Sahni,deleena@example.net,1182493283,Chennai,64,2023-05-04
CUST05761,Tamanna Manne,damyanti56@example.net,+915835410326,Chennai,62,2023-10-03
CUST05762,Pallavi Salvi,dashwarjas@example.org,+914444104868,Mumbai,67,2023-12-21
CUST05763,Pooja Kapadia,zranganathan@example.org,4489065937,Bangalore,49,2024-05-18
CUST05764,Aarav Bhatnagar,harrisonbhasin@example.com,7169943918,Hyderabad,37,2024-03-13
CUST05765,Lopa Saran,pmistry@example.net,4758621875,Bangalore,19,2023-07-05
CUST05766,Qushi Nadig,tahuja@example.org,+914585277130,Jaipur,43,2024-01-05
CUST05767,Prisha Chopra,contractorjeevika@example.net,01334123150,Pune,45,2024-01-19
CUST05768,Yug Som,qsule@example.net,07467389600,Ahmedabad,40,2023-03-09
CUST05769,Azad Prashad,ekarpe@example.net,7712280442,Hyderabad,43,2023-07-03
CUST05770,Lakshmi Sama,suronveer@example.net,9895534575,Delhi,51,2023-08-31
CUST05771,Chakrika Wable,lukesekhon@example.com,9348433336,Kolkata,36,2023-04-27
CUST05772,Yashoda Behl,bahrihardik@example.net,+919387614733,Chennai,62,2023-05-15
CUST05773,Darsh Ratta,udarshprakash@example.net,+914103455501,Jaipur,43,2023-06-25
CUST05774,Samarth Bhalla,wkamdar@example.org,+912290077376,Delhi,26,2023-07-27
CUST05775,Balendra Mani,maya22@example.org,3699957538,Pune,66,2023-03-07
CUST05776,Hemang Grewal,decharan@example.org,+913264011662,Surat,69,2023-10-29
CUST05777,Riya Khurana,zachariagirik@example.net,05507861308,Mumbai,63,2023-07-27
CUST05778,Anmol Bhagat,sekhonpooja@example.net,2099072780,Kolkata,47,2024-05-12
CUST05779,Yashoda Patil,haritamani@example.com,+910896469624,Bangalore,54,2024-04-14
CUST05780,Indrajit Khanna,maanav55@example.com,5952892167,Bangalore,46,2023-04-21
CUST05781,Daksha Balasubramanian,tarapatel@example.com,+916375995324,Ahmedabad,36,2024-02-26
CUST05782,Leena Ratti,sraj@example.org,+916173696540,Bangalore,31,2023-12-26
CUST05783,Ekanta Sani,tmistry@example.org,1293043113,Chennai,69,2023-03-01
CUST05784,Madhav Bora,januja00@example.org,09225664187,Chennai,65,2024-06-18
CUST05785,Max Mahal,raghavanavni@example.net,0685806984,Mumbai,41,2023-06-11
CUST05786,Janaki Sule,zaitra23@example.org,07114627720,Surat,24,2023-11-14
CUST05787,Tanvi Mishra,ekajapingle@example.org,1066612816,Bangalore,42,2023-07-01
CUST05788,Qarin Bala,ojayaraman@example.com,7921295916,Hyderabad,61,2023-02-20
CUST05789,Avi Patil,harrisonnigam@example.org,07419229153,Bangalore,21,2024-03-18
CUST05790,Frado Chahal,dvyas@example.com,2735623261,Delhi,40,2023-03-01
CUST05791,Upasna Balay,jairajmody@example.com,2510110900,Ahmedabad,29,2024-04-27
CUST05792,Ria Bava,xdar@example.com,+919288322983,Mumbai,25,2024-02-29
CUST05793,Osha Brahmbhatt,omkaarbajwa@example.com,+917319717576,Jaipur,59,2023-05-15
CUST05794,Reva Radhakrishnan,ypatel@example.com,+917637335472,Pune,55,2024-03-02
CUST05795,Azaan Bhatti,patelhardik@example.org,5688615553,Hyderabad,27,2023-07-21
CUST05796,Warjas Naik,darpansharma@example.com,07988996842,Hyderabad,33,2024-03-26
CUST05797,Falguni Master,oramaswamy@example.org,+914496227876,Mumbai,25,2024-04-20
CUST05798,Abhimanyu Panchal,hbalan@example.org,+919134342966,Chennai,43,2023-07-18
CUST05799,Mitesh Dada,isaiah82@example.org,6420009098,Ahmedabad,37,2023-09-25
CUST05800,Ridhi Dutt,pillaysiya@example.net,1010353048,Surat,29,2023-06-22
CUST05801,Wishi Gupta,zdash@example.com,09909742235,Hyderabad,67,2023-03-03
CUST05802,Rishi Kar,groverteerth@example.net,+919149673310,Delhi,67,2023-09-03
CUST05803,Mekhala Dugal,pathakanika@example.net,+915869195639,Ahmedabad,70,2024-03-02
CUST05804,Yadavi Roy,hredhaan60@example.com,6912906582,Hyderabad,35,2023-11-12
CUST05805,Hardik Kapadia,jason61@example.org,05705948292,Ahmedabad,41,2023-12-17
CUST05806,Sudiksha Hari,aditya16@example.net,+919336159072,Mumbai,25,2023-09-20
CUST05807,Varenya Boase,qdeshpande@example.com,02665781657,Delhi,23,2024-03-13
CUST05808,Yauvani Bains,yadavide@example.com,+912101923702,Delhi,49,2024-05-09
CUST05809,Henry D’Alia,vidhi26@example.com,+911365243943,Jaipur,32,2024-06-25
CUST05810,Prisha Kulkarni,baradneha@example.net,08615843581,Mumbai,55,2023-07-17
CUST05811,Yamini Wagle,chaitalyjha@example.com,7580066227,Surat,54,2023-10-20
CUST05812,Hredhaan Anne,chanakyasuresh@example.com,+912105690171,Ahmedabad,35,2023-09-01
CUST05813,Kala Magar,jagat12@example.com,+917384175022,Delhi,68,2023-10-13
CUST05814,Hemang Dara,jom@example.org,09392209032,Surat,29,2024-04-14
CUST05815,Ayaan Sethi,hritikdeol@example.org,7854270209,Hyderabad,48,2024-05-06
CUST05816,Ekta Oommen,skulkarni@example.com,+919904331682,Hyderabad,37,2023-02-27
CUST05817,Jyoti Gala,pnatarajan@example.org,0613419271,Surat,26,2023-05-20
CUST05818,Aashi Nigam,gabajacob@example.com,03115974978,Delhi,38,2023-12-31
CUST05819,Barkha Issac,kalaqasim@example.com,+914550925408,Delhi,63,2024-05-27
CUST05820,Ijaya Borra,girindranagi@example.net,7095263627,Jaipur,29,2023-06-30
CUST05821,Ekantika Murty,omajakhurana@example.com,+912998355708,Hyderabad,70,2024-05-04
CUST05822,Adya Sethi,inarain@example.net,08384324761,Mumbai,43,2024-05-20
CUST05823,Upkaar Lall,yastikanda@example.org,00689744468,Jaipur,70,2024-01-15
CUST05824,Jatin Sen,abhimanyu95@example.com,+919807179653,Jaipur,68,2023-05-14
CUST05825,Aarush Contractor,takurvashi@example.net,6496465889,Jaipur,49,2024-03-12
CUST05826,Lucky Borde,warda58@example.com,00409926436,Delhi,51,2023-12-20
CUST05827,Kabir Prabhu,falguni25@example.org,01295401795,Surat,52,2023-08-14
CUST05828,Aadhya Hans,kbasu@example.com,+910528359633,Delhi,66,2023-03-14
CUST05829,Ridhi Lall,taraparth@example.com,+914778096020,Chennai,60,2023-03-22
CUST05830,Quincy Varty,sben@example.com,3200242636,Delhi,29,2023-06-16
CUST05831,Mitali Bora,triveni60@example.com,3712183538,Surat,62,2023-07-03
CUST05832,Ria Kannan,balaoeshi@example.net,+918151804963,Bangalore,18,2023-10-08
CUST05833,Om Tank,balakrishnanowen@example.org,+910580998262,Jaipur,46,2023-09-16
CUST05834,Ojasvi Banik,maanav85@example.org,+918853671765,Pune,25,2023-05-30
CUST05835,Vaishnavi Kari,janyagoel@example.net,+914180471883,Mumbai,26,2023-02-25
CUST05836,Harshil Bandi,braroliver@example.com,07054098567,Surat,31,2023-03-04
CUST05837,Frado Pradhan,zayan64@example.com,7618574386,Bangalore,23,2023-09-06
CUST05838,Ishita Bawa,yachanamammen@example.com,+918185381243,Jaipur,34,2023-11-22
CUST05839,Gagan Chawla,hredhaan00@example.net,5782941997,Mumbai,23,2023-09-05
CUST05840,Charles Lal,suhanidevan@example.org,05039680116,Delhi,50,2023-11-19
CUST05841,Sudiksha Kumar,ramachandranaarini@example.net,+912073556202,Kolkata,41,2024-01-24
CUST05842,Zayan Mandal,gopal31@example.net,9484707173,Jaipur,28,2024-03-21
CUST05843,Frederick Parekh,gbalan@example.org,9947659845,Hyderabad,60,2023-10-02
CUST05844,Ekansh Bassi,nathan06@example.net,+910696138734,Mumbai,33,2023-06-06
CUST05845,Faras Chander,dassveer@example.com,07047290238,Kolkata,20,2024-06-21
CUST05846,Tarak Kalita,kdeol@example.net,1876322108,Jaipur,68,2024-05-25
CUST05847,Arya Lala,kalaanthony@example.com,4827214846,Kolkata,60,2023-06-14
CUST05848,Parth Seshadri,qchana@example.org,04633072731,Jaipur,46,2023-04-21
CUST05849,Rachita Ramakrishnan,tchandran@example.com,09561426605,Bangalore,54,2023-06-08
CUST05850,Abhiram Johal,aayushbabu@example.net,9893961574,Ahmedabad,62,2023-07-08
CUST05851,Jonathan Wable,dasguptayashvi@example.com,02982010722,Pune,51,2024-01-10
CUST05852,Jack Buch,hmangal@example.net,7898337320,Pune,56,2024-03-25
CUST05853,Shivansh Narula,oeshimutti@example.net,00278656074,Jaipur,50,2023-03-22
CUST05854,Faqid Karpe,nimrat98@example.com,+919855389317,Chennai,62,2023-08-04
CUST05855,Agastya Natt,qbrar@example.net,0193943493,Delhi,60,2023-11-07
CUST05856,Fariq Kaur,chandani39@example.org,09367535946,Mumbai,33,2023-07-16
CUST05857,Ishani Gopal,zdutt@example.org,3387960204,Mumbai,30,2023-04-12
CUST05858,Yuvraj Ben,charnitara@example.com,03121283310,Bangalore,37,2024-02-03
CUST05859,Megha Divan,jackson24@example.net,9092189000,Chennai,26,2023-12-03
CUST05860,Kai Pradhan,ethanchauhan@example.org,0472700318,Surat,53,2023-08-11
CUST05861,Onveer Patla,patilwyatt@example.org,+914658555024,Chennai,55,2023-06-10
CUST05862,Bahadurjit Morar,chaudrybahadurjit@example.org,04086004512,Pune,35,2024-06-01
CUST05863,Amrita Srinivasan,daksha37@example.net,01092594452,Bangalore,64,2023-11-08
CUST05864,Ikbal Luthra,joshichanchal@example.org,07919291268,Surat,45,2023-06-27
CUST05865,Lila Swamy,borahbalvan@example.org,09851921804,Delhi,53,2024-04-16
CUST05866,Naksh Suri,sehgalrajata@example.net,+914317523035,Kolkata,34,2024-01-15
CUST05867,Abhiram Grewal,yahvi69@example.com,03573462321,Hyderabad,59,2023-08-31
CUST05868,Bhavya Chaudhari,pnarayan@example.org,+918409394235,Bangalore,43,2024-03-31
CUST05869,Victor Guha,ananda@example.com,+918162309270,Ahmedabad,23,2023-10-21
CUST05870,Finn Bassi,shettynathaniel@example.net,+914299906396,Kolkata,61,2023-10-17
CUST05871,Peter Kapoor,gaurikadalal@example.org,+916833174301,Hyderabad,62,2023-10-16
CUST05872,Chaitanya Ray,devansh74@example.com,0997416492,Bangalore,52,2023-09-26
CUST05873,Hema Padmanabhan,ishwarmangat@example.org,00218129957,Chennai,22,2024-04-21
CUST05874,Abdul Banik,samasneha@example.net,+917395623812,Kolkata,58,2024-06-13
CUST05875,Amaira Bedi,raoyadavi@example.net,7274856136,Chennai,63,2023-08-25
CUST05876,Patrick Sathe,chakrikamanda@example.net,06219821121,Pune,54,2023-10-19
CUST05877,Advaith Chaudhary,nidhiapte@example.org,03248405991,Jaipur,56,2023-06-21
CUST05878,Manthan Ranganathan,christopher64@example.net,+913796135782,Bangalore,44,2023-09-06
CUST05879,Rishi Dyal,finn11@example.net,6866989094,Bangalore,38,2024-04-21
CUST05880,Faraj Sankaran,mistryanthony@example.com,+919227728663,Hyderabad,42,2024-04-13
CUST05881,Ira Karpe,andraanvi@example.com,+913194164443,Mumbai,56,2023-06-07
CUST05882,Chanchal Grewal,raagini70@example.net,05043737125,Chennai,22,2023-08-31
CUST05883,Guneet Apte,upasna48@example.com,+911824670178,Kolkata,25,2023-11-22
CUST05884,Ishita Lalla,labanbuch@example.net,+912641507956,Jaipur,25,2023-10-17
CUST05885,Ubika Sane,golachakradhar@example.org,+915834229826,Jaipur,44,2024-03-12
CUST05886,Gunbir Nagy,gaurangikumer@example.com,7281362276,Delhi,39,2023-10-05
CUST05887,Sanya Bath,aarini13@example.org,+917946238363,Delhi,41,2023-09-06
CUST05888,Hema Agarwal,ekanda@example.com,01204746395,Pune,67,2023-05-14
CUST05889,Netra Raju,maanaschad@example.com,+913808073651,Kolkata,27,2023-03-27
CUST05890,Rohan Dutta,qlata@example.net,05014821880,Chennai,35,2024-01-29
CUST05891,Bakhshi Bhavsar,yagnesh73@example.net,07400122633,Mumbai,24,2024-03-18
CUST05892,Atharv Bose,brijeshdhar@example.net,2005508569,Hyderabad,32,2023-03-30
CUST05893,Jhalak Lanka,agrewal@example.org,+912216828081,Hyderabad,24,2023-08-23
CUST05894,Urmi Khatri,aggarwalnathaniel@example.com,+913462538443,Delhi,29,2023-09-18
CUST05895,Manan Bhandari,hitesh02@example.com,0330769500,Jaipur,64,2024-04-30
CUST05896,Onveer Khatri,kashishchawla@example.com,8014312228,Kolkata,55,2024-06-23
CUST05897,Kai Ranganathan,jonathan58@example.org,02448639877,Ahmedabad,24,2024-02-06
CUST05898,Krisha Narayan,bhatiachakradev@example.org,0356721524,Jaipur,40,2023-02-24
CUST05899,Wahab Parikh,widishanadig@example.com,+917139796727,Surat,36,2023-09-25
CUST05900,Fariq Goswami,neelima24@example.net,08199357256,Jaipur,35,2024-01-11
CUST05901,Aditya Bassi,eiravatidani@example.org,+918196263365,Surat,24,2024-03-11
CUST05902,Zinal Majumdar,cshenoy@example.org,+916234252896,Mumbai,28,2023-09-14
CUST05903,Neha Kuruvilla,nnazareth@example.org,05738240793,Pune,66,2024-03-19
CUST05904,Quincy Toor,eta05@example.net,+910633706791,Hyderabad,29,2023-02-27
CUST05905,Eshana Murty,msrinivasan@example.net,+911628230880,Pune,69,2024-05-10
CUST05906,Jeevika Pillay,qchahal@example.org,+919236466604,Jaipur,53,2024-01-27
CUST05907,Gaurika Kota,amritakara@example.com,08847154159,Surat,43,2023-10-20
CUST05908,Aadhya Chada,dalajapanchal@example.org,+914533566572,Ahmedabad,55,2023-09-15
CUST05909,Irya Sachar,mekhalaparmer@example.net,09625608108,Bangalore,34,2023-07-25
CUST05910,Aditya Mody,yadavi89@example.org,01996176443,Mumbai,61,2023-04-19
CUST05911,Upma Reddy,kevin44@example.net,9877498548,Jaipur,63,2023-08-09
CUST05912,Ucchal Varghese,kurianchaaya@example.com,09459924859,Bangalore,60,2024-02-25
CUST05913,Brijesh Saran,padmanabhanvedant@example.com,+913667128810,Bangalore,27,2024-01-23
CUST05914,Elijah Bahl,yasti24@example.org,09465225662,Hyderabad,54,2023-12-16
CUST05915,Sarthak Aggarwal,thomas05@example.org,+912708725466,Kolkata,21,2023-05-02
CUST05916,Banjeet Varkey,vdalia@example.net,2507133395,Pune,63,2023-12-11
CUST05917,Eesha Dave,jalsasetty@example.net,05931491707,Chennai,61,2023-10-09
CUST05918,Avni Barad,lipikaaggarwal@example.org,02011970256,Surat,44,2023-04-25
CUST05919,Damini Bath,gjhaveri@example.com,+916057470767,Ahmedabad,29,2023-03-10
CUST05920,Balveer Bassi,jagdish11@example.net,+917761386729,Ahmedabad,40,2024-06-18
CUST05921,Ishita Sani,jalsa81@example.org,4855056353,Ahmedabad,50,2024-03-28
CUST05922,Riya Virk,jkapadia@example.com,+911073429464,Kolkata,35,2024-02-26
CUST05923,Vrinda Comar,rayaanraman@example.org,+918582592982,Hyderabad,51,2024-03-16
CUST05924,Nihal Dhaliwal,sanghvijackson@example.net,2332941946,Chennai,37,2024-04-08
CUST05925,Vanya Narayanan,virkhitesh@example.com,7750411905,Delhi,37,2023-02-16
CUST05926,Jackson Garg,iganguly@example.net,+919668729363,Hyderabad,67,2024-02-26
CUST05927,Yochana Sarkar,tripathijoshua@example.net,+919005223892,Pune,23,2024-05-11
CUST05928,Naveen Pradhan,dhayer@example.com,06266184070,Delhi,22,2024-03-27
CUST05929,Rishi Sharma,charlavanya@example.org,04135270087,Chennai,23,2023-10-26
CUST05930,Qadim Mandal,suleikbal@example.com,+918347548002,Bangalore,54,2023-12-16
CUST05931,Rachana Taneja,nikitaaurora@example.net,6016072238,Mumbai,23,2024-03-06
CUST05932,Balhaar Nigam,banjeetvala@example.org,1490018710,Kolkata,53,2024-03-23
CUST05933,Qabil Sahota,erao@example.net,+918283103193,Ahmedabad,69,2023-12-10
CUST05934,Akshay Khurana,vasatika41@example.org,+911577073301,Mumbai,45,2024-04-30
CUST05935,Vrishti Dewan,kotaimaran@example.net,+913163098408,Jaipur,64,2023-09-13
CUST05936,Yatan Ratti,divya88@example.com,09344078858,Bangalore,48,2023-09-11
CUST05937,Zaid Dar,saibrar@example.net,8263035994,Ahmedabad,50,2024-01-22
CUST05938,Mohammed Kari,zchatterjee@example.com,00333979058,Jaipur,62,2023-10-22
CUST05939,Hamsini Sahota,ryan12@example.org,01577501441,Delhi,43,2024-04-10
CUST05940,Balvan Sengupta,kbrar@example.org,+911275092448,Mumbai,57,2023-10-22
CUST05941,Veda Goyal,tanvisolanki@example.net,+911559005376,Chennai,65,2024-01-04
CUST05942,Azad Chawla,fsarna@example.net,+910809649271,Mumbai,63,2023-08-23
CUST05943,Omya Dar,libnibava@example.net,03934923067,Hyderabad,62,2023-12-11
CUST05944,Sneha Kala,devanshramakrishnan@example.com,+919884661339,Jaipur,65,2023-04-21
CUST05945,Mason Virk,venkataramanrohan@example.net,08952649254,Pune,33,2023-08-17
CUST05946,Ishani Deol,elijah61@example.com,03872395174,Jaipur,61,2023-07-23
CUST05947,Amaira Wadhwa,keermanan@example.net,6733441683,Surat,20,2023-09-24
CUST05948,Megha Patel,januja27@example.net,01320313310,Surat,46,2023-06-16
CUST05949,Yug Kata,lchakraborty@example.org,+914316917339,Bangalore,61,2024-05-02
CUST05950,Ojas Pai,chatresh11@example.net,5287763825,Jaipur,32,2023-05-25
CUST05951,Upma Shukla,gacharya@example.org,+916843114906,Bangalore,22,2024-03-14
CUST05952,Ladli Shukla,owenhayer@example.com,00536105151,Pune,26,2024-02-13
CUST05953,Advika Bhatia,hdhillon@example.org,05146906153,Jaipur,40,2024-06-13
CUST05954,Ishaan Hans,guneetshah@example.org,03397190223,Mumbai,45,2023-05-25
CUST05955,Adya Sarkar,bhatiapallavi@example.org,+910086386499,Ahmedabad,42,2023-11-30
CUST05956,Widisha Dhawan,karan89@example.net,8185609189,Bangalore,41,2023-06-27
CUST05957,Atharv Randhawa,janakirajagopalan@example.com,+919193056751,Delhi,39,2023-06-22
CUST05958,Patrick Sandal,rbhalla@example.com,+912097688481,Chennai,52,2023-12-04
CUST05959,Rishi Kala,shereikbal@example.net,0351645465,Delhi,36,2024-06-09
CUST05960,Umang Bora,nbala@example.com,3102511735,Kolkata,48,2023-05-22
CUST05961,Vansha Bumb,dayamaide@example.org,8555459504,Kolkata,34,2023-03-27
CUST05962,Chaitanya Swamy,aradhana38@example.net,00983783219,Chennai,18,2024-05-29
CUST05963,Ansh Kara,gkapur@example.net,0338371327,Surat,43,2023-11-24
CUST05964,Vincent Ganesh,harinakshikala@example.net,+914910089145,Chennai,37,2023-10-27
CUST05965,Samaksh Bajwa,ybahri@example.com,2772594721,Jaipur,70,2023-07-08
CUST05966,Pranit Swamy,ganeshlohit@example.net,5728655902,Mumbai,47,2024-06-26
CUST05967,Sneha Contractor,utiwari@example.net,+918489172864,Surat,49,2024-06-19
CUST05968,Idika Buch,manesamesh@example.net,+913328291171,Mumbai,40,2023-03-15
CUST05969,Daksh Munshi,kavya41@example.net,+919817146421,Mumbai,57,2024-02-09
CUST05970,Chasmum Dey,indali88@example.net,2270734332,Ahmedabad,39,2023-10-17
CUST05971,Kalpit Date,krishcharan@example.net,7672544917,Kolkata,40,2024-04-02
CUST05972,Laban Warrior,kalakashvi@example.net,+914586247574,Delhi,18,2023-02-25
CUST05973,Isaiah Sahni,tgrover@example.com,7564346820,Pune,64,2023-09-23
CUST05974,Jagvi Chahal,lankasiddharth@example.com,6845686004,Bangalore,43,2023-04-21
CUST05975,Nilima Chana,umangshere@example.org,8040450673,Pune,18,2024-06-01
CUST05976,Onkar Mohan,akshayjoshi@example.com,07148201657,Delhi,45,2023-09-13
CUST05977,Vrishti Tandon,jissac@example.net,+913416427165,Ahmedabad,30,2024-05-19
CUST05978,Ekbal Hayer,zashilmemon@example.org,2785968317,Delhi,51,2023-07-02
CUST05979,Warhi Purohit,bhandariekbal@example.com,8202250789,Jaipur,27,2023-07-28
CUST05980,Hemang Wali,faras66@example.net,+914255439417,Hyderabad,25,2024-02-27
CUST05981,Pranit Wadhwa,xjoshi@example.org,+914682124320,Ahmedabad,18,2023-12-05
CUST05982,Ekansh Shukla,arjundeshmukh@example.net,+912786922923,Bangalore,67,2024-01-14
CUST05983,Yuvraj Chandran,anandnakul@example.com,5421467616,Kolkata,32,2024-06-27
CUST05984,Varsha Divan,yug93@example.net,4264008879,Ahmedabad,43,2023-03-26
CUST05985,Qasim Aggarwal,lpau@example.com,03638031062,Pune,37,2024-04-03
CUST05986,Christopher Sachdeva,kgade@example.net,+916347013635,Pune,45,2023-05-02
CUST05987,Nitara Malhotra,radhikamahal@example.net,+919071329753,Bangalore,52,2024-05-29
CUST05988,Harinakshi Sundaram,lajitadar@example.org,00844068443,Kolkata,24,2023-08-08
CUST05989,Omaja Kohli,jhalak12@example.net,9065001595,Ahmedabad,60,2023-11-19
CUST05990,Radha Saran,ozakeya@example.org,09834995666,Ahmedabad,28,2023-06-01
CUST05991,Baghyawati Kata,nagixiti@example.org,3766507834,Bangalore,40,2024-05-14
CUST05992,Rushil Vig,avnivora@example.org,+913712584543,Hyderabad,18,2024-06-22
CUST05993,Vinaya Mallick,darpandate@example.net,8281088438,Pune,63,2023-06-15
CUST05994,Rayaan Dhaliwal,kondagirik@example.net,+910752789628,Chennai,25,2023-11-11
CUST05995,Yashasvi Das,mohini85@example.net,02172608213,Chennai,36,2023-12-26
CUST05996,Onveer Gaba,jairajanand@example.com,4669561718,Mumbai,26,2024-06-29
CUST05997,Om Tandon,kalpitsinha@example.net,7413973177,Hyderabad,44,2023-02-16
CUST05998,Eshana Sanghvi,modybalhaar@example.com,8584521129,Pune,20,2024-04-04
CUST05999,Samesh Pal,atharv06@example.org,1748819096,Bangalore,60,2023-02-26
CUST06000,Dakshesh Mann,omya50@example.org,03857319684,Chennai,48,2023-10-02
CUST06001,Harshil Madan,baljiwan82@example.net,+917838526353,Kolkata,25,2023-05-04
CUST06002,Hema Kala,sarnashivansh@example.org,0191346800,Hyderabad,49,2024-01-20
CUST06003,Gavin Patla,anusha26@example.org,+916761518193,Jaipur,49,2023-06-16
CUST06004,Anjali Kashyap,tara46@example.com,1316381288,Bangalore,38,2023-09-05
CUST06005,Avni Wason,dugaldaksha@example.net,8545749989,Hyderabad,50,2023-06-27
CUST06006,Yahvi Bhasin,ishanvimodi@example.com,00869919775,Hyderabad,26,2023-08-16
CUST06007,Kritika Srivastava,ikulkarni@example.org,09090959444,Delhi,24,2023-07-16
CUST06008,Jagvi Sankaran,janya51@example.net,01718231300,Mumbai,26,2023-10-18
CUST06009,Janya Dewan,qsaxena@example.net,00226854027,Bangalore,40,2023-10-08
CUST06010,Utkarsh Loyal,dharlavanya@example.net,+911819892407,Jaipur,18,2023-10-18
CUST06011,Eta Kakar,akeer@example.com,08954967160,Chennai,21,2023-11-06
CUST06012,Nidra Majumdar,tdixit@example.net,+912131550902,Pune,45,2023-05-19
CUST06013,Siya Pandya,kuruvillaisaiah@example.com,4260408997,Surat,65,2023-08-11
CUST06014,Nirja Pai,smodi@example.org,+912490179363,Mumbai,45,2023-08-01
CUST06015,Udyati Basak,darpan80@example.com,+919282382664,Ahmedabad,36,2023-09-03
CUST06016,Qarin Mohanty,eshana07@example.net,4902965917,Kolkata,49,2024-05-15
CUST06017,Joshua Chatterjee,simon00@example.org,3066862381,Delhi,66,2023-04-20
CUST06018,Hemangini Yadav,tarak08@example.net,+914141369987,Hyderabad,33,2023-12-07
CUST06019,Janaki Mohan,mmanne@example.com,3816747427,Surat,27,2023-08-24
CUST06020,Falguni Chacko,lajita12@example.net,4465808682,Jaipur,29,2023-04-09
CUST06021,Ranveer Nath,lekhamorar@example.org,09154339748,Chennai,35,2024-02-21
CUST06022,Xalak Sastry,baniknetra@example.net,+918434517929,Delhi,34,2023-09-07
CUST06023,Sachi Deol,viswanathanchaitaly@example.com,+917662772864,Chennai,60,2024-06-07
CUST06024,Simon Din,warindermorar@example.net,+916813224118,Hyderabad,30,2024-01-22
CUST06025,Lucky Manne,lohit65@example.com,+918408876474,Ahmedabad,63,2023-12-14
CUST06026,Hemal Pant,darshbava@example.com,8588713811,Delhi,62,2024-06-17
CUST06027,Arya Garg,utkarshsangha@example.com,00815341301,Jaipur,57,2023-08-30
CUST06028,Ganga Bath,okar@example.net,+911836515623,Bangalore,30,2024-04-22
CUST06029,Chandran Srivastava,kalasamar@example.com,2249472865,Surat,58,2024-02-27
CUST06030,Zarna Oommen,pingleyug@example.com,05255362280,Bangalore,32,2023-12-04
CUST06031,Janya Butala,gunbir05@example.net,7254290743,Delhi,26,2023-06-05
CUST06032,Meera Nadig,mgera@example.org,3992015041,Hyderabad,20,2023-04-22
CUST06033,Harinakshi Bains,vmander@example.net,2149512942,Kolkata,30,2024-05-18
CUST06034,Omaja Choudhry,aganguly@example.com,+915928265509,Bangalore,45,2023-06-12
CUST06035,Zansi Vohra,varenyacomar@example.net,06707272974,Mumbai,57,2024-01-07
CUST06036,Falan Gill,sarafdev@example.org,00655898840,Chennai,23,2024-02-22
CUST06037,Anusha Dugal,falanwalla@example.org,+914105970881,Mumbai,42,2023-05-10
CUST06038,Qasim Menon,kai76@example.org,+916508728008,Hyderabad,51,2023-11-03
CUST06039,Rishi Memon,vanya29@example.net,9233536438,Kolkata,62,2024-04-11
CUST06040,Balvan Khurana,pranitnanda@example.com,08368437164,Chennai,32,2023-03-03
CUST06041,Jonathan Kulkarni,ishwar05@example.com,+917757525156,Pune,45,2023-08-19
CUST06042,Dhruv Vohra,mohammedganesh@example.net,1073367333,Ahmedabad,21,2023-12-11
CUST06043,Peter Gera,lavanya27@example.org,1100717917,Jaipur,45,2023-02-25
CUST06044,Kamya Karpe,wsavant@example.org,+918897779767,Mumbai,37,2023-08-14
CUST06045,Garima Sane,snagy@example.org,9527450363,Delhi,35,2024-02-05
CUST06046,Qabil Minhas,advikanagarajan@example.com,+911637039548,Pune,35,2023-05-23
CUST06047,Deepa Doshi,pavanisekhon@example.net,+918211272939,Pune,63,2023-06-19
CUST06048,Lavanya Divan,cray@example.org,0430663817,Hyderabad,33,2023-09-30
CUST06049,Vaishnavi Bail,girikkurian@example.com,+918916867967,Pune,21,2023-03-29
CUST06050,Jeremiah Pant,yganesan@example.net,+918923710603,Bangalore,20,2023-12-13
CUST06051,Nicholas Mutti,jasonverma@example.org,03209980714,Mumbai,21,2024-06-23
CUST06052,Odika Sami,sandhugagan@example.org,00568760947,Pune,31,2023-07-18
CUST06053,Abdul Rai,aarini63@example.net,6097952552,Kolkata,48,2023-03-22
CUST06054,Tanmayi Trivedi,jason25@example.net,+910710972841,Kolkata,56,2023-10-19
CUST06055,Manan Thakur,noritanay@example.net,2438004607,Delhi,45,2023-08-05
CUST06056,Harish Ramanathan,cchoudhary@example.com,7043913246,Bangalore,34,2023-10-21
CUST06057,Eshana Tripathi,shroffbhavini@example.net,9545487925,Ahmedabad,41,2023-06-05
CUST06058,Deepa Borra,deviati@example.com,8749586723,Pune,37,2023-10-11
CUST06059,Gunbir Mangat,chaudhurigavin@example.com,+918406350878,Delhi,24,2024-05-12
CUST06060,Raksha Venkataraman,nvaidya@example.com,+915557059339,Mumbai,61,2023-05-22
CUST06061,Omisha Shah,cbakshi@example.net,+916829403683,Jaipur,67,2023-07-13
CUST06062,Nilima Dewan,rkara@example.org,3120967145,Bangalore,39,2023-04-19
CUST06063,Kalpit Sahni,malhotrafarhan@example.org,2363483452,Pune,65,2023-10-14
CUST06064,Mohammed Lall,yatanrattan@example.net,03339029651,Pune,65,2023-07-14
CUST06065,Jai Kara,libnidyal@example.org,09585563903,Surat,51,2023-12-31
CUST06066,Yasti Dube,vkurian@example.org,00057357379,Surat,41,2023-07-26
CUST06067,Ayaan Shetty,devansh52@example.net,00982380773,Chennai,59,2023-08-16
CUST06068,Ojasvi Sodhi,dparsa@example.com,+911886782651,Kolkata,31,2023-08-19
CUST06069,Yashoda Kota,daniel93@example.net,01147766845,Surat,42,2024-04-05
CUST06070,Wakeeta Sidhu,rachitbutala@example.com,04387475162,Delhi,24,2023-08-10
CUST06071,Harshil Dhingra,karanyadav@example.net,9814952924,Bangalore,58,2023-10-13
CUST06072,Aayush Mangat,sethiosha@example.net,4151700069,Surat,25,2024-02-27
CUST06073,Prisha Varghese,hiral08@example.com,01016722216,Mumbai,55,2023-09-19
CUST06074,Unni Varghese,omagar@example.com,08159668492,Chennai,30,2023-09-29
CUST06075,Leena Garde,ekajamisra@example.com,+917598352578,Ahmedabad,24,2023-12-06
CUST06076,Osha Garde,ganga82@example.net,+914308669341,Delhi,52,2023-10-15
CUST06077,Ubika Swaminathan,ishachauhan@example.net,6278629158,Surat,39,2024-06-19
CUST06078,Bimala Talwar,eiravati73@example.com,04275131010,Kolkata,64,2024-04-15
CUST06079,Christopher Atwal,acomar@example.org,+913113567771,Ahmedabad,66,2023-03-21
CUST06080,Umang Deo,ladmax@example.net,00396633266,Chennai,52,2023-04-25
CUST06081,Maanav Peri,idua@example.net,6515397280,Bangalore,20,2023-09-12
CUST06082,Indira Cherian,asami@example.org,2855029406,Bangalore,30,2023-04-30
CUST06083,Alka Bandi,matthew51@example.com,7463497535,Hyderabad,53,2023-06-15
CUST06084,Garima Dass,quincy56@example.org,8470711763,Kolkata,66,2024-03-17
CUST06085,Kritika Chaudhuri,pillaidominic@example.com,4728412958,Jaipur,40,2023-08-14
CUST06086,Anmol Bajaj,kadakianeelima@example.org,06005894551,Pune,46,2023-09-06
CUST06087,Fitan Sheth,shaurya82@example.org,+918715955471,Delhi,45,2023-10-14
CUST06088,Ria Bawa,surihenry@example.org,+919090433706,Delhi,48,2024-05-19
CUST06089,Sanaya Gour,gunbirshan@example.com,07933676117,Hyderabad,51,2023-12-05
CUST06090,Jack Reddy,ysani@example.com,1571871820,Jaipur,68,2023-04-14
CUST06091,Vedika Nayar,tnarain@example.com,6190227934,Mumbai,28,2024-02-02
CUST06092,Chasmum Verma,ishwar88@example.com,+913636213796,Surat,35,2024-06-29
CUST06093,Harish Chatterjee,ysrinivas@example.org,05563693479,Bangalore,36,2024-01-18
CUST06094,Zashil Bawa,sameshkohli@example.com,00261376103,Mumbai,54,2023-07-24
CUST06095,Tanish Bumb,takorinder@example.net,00103389480,Mumbai,68,2023-06-12
CUST06096,Nandini Bhatti,buchchandran@example.org,6226081959,Chennai,65,2024-06-02
CUST06097,Hritik Varughese,wseshadri@example.com,07495134985,Hyderabad,49,2024-03-19
CUST06098,Tara Kant,sarthakshanker@example.com,08326886219,Jaipur,50,2024-02-15
CUST06099,Lekha Dalal,baillopa@example.net,00825726967,Delhi,28,2024-05-08
CUST06100,Bhavini Narula,rnagi@example.net,9603356348,Ahmedabad,66,2023-06-02
CUST06101,Ojas Kashyap,pavanisethi@example.net,+917450335717,Jaipur,42,2024-06-06
CUST06102,Nitara Purohit,ramanathanbaghyawati@example.com,+912056159980,Jaipur,67,2024-01-01
CUST06103,Waida Peri,timothybhandari@example.net,+919311026431,Hyderabad,43,2023-10-14
CUST06104,Maanas Pall,pranitdyal@example.net,1184002520,Surat,35,2023-10-19
CUST06105,Bhavika Saran,jeet86@example.net,4256379973,Chennai,29,2023-11-11
CUST06106,Isha Ganguly,abdul96@example.com,08651890247,Mumbai,28,2024-06-15
CUST06107,Noah Kanda,bsem@example.net,+919980682132,Surat,31,2024-06-24
CUST06108,Falan Shah,darajanaki@example.net,3164937808,Surat,62,2023-08-11
CUST06109,Charles Balasubramanian,ekapad57@example.org,+911969381021,Mumbai,68,2023-02-25
CUST06110,Gaurang Vig,zarna23@example.com,1858467842,Jaipur,47,2024-03-06
CUST06111,Nathan Buch,jtripathi@example.com,+917532081593,Jaipur,63,2023-12-28
CUST06112,Amrita Bava,horaviraj@example.com,04653652053,Jaipur,34,2023-11-26
CUST06113,Chakradhar Loyal,yashawini04@example.com,+919288930599,Kolkata,32,2023-09-23
CUST06114,Ishanvi Bhatti,faqidgarde@example.net,09820254200,Kolkata,63,2023-06-05
CUST06115,Anthony Tandon,chadhahema@example.com,+916413184803,Kolkata,53,2023-04-19
CUST06116,Jeet Mane,vedikasundaram@example.net,+910846842516,Delhi,28,2023-11-12
CUST06117,Anirudh Minhas,ypadmanabhan@example.net,02324545419,Chennai,20,2023-03-26
CUST06118,Chakrika Pingle,qarin27@example.org,01832848935,Jaipur,33,2023-11-24
CUST06119,Isaac Bhasin,shahupasna@example.org,+914672657937,Kolkata,20,2023-05-12
CUST06120,Vansha Sundaram,indaliparsa@example.net,+918493646696,Bangalore,35,2023-03-04
CUST06121,Damini Ahluwalia,bpuri@example.org,+913462979151,Bangalore,35,2024-02-05
CUST06122,Reyansh Bal,tanejasara@example.net,8600939161,Mumbai,59,2023-10-20
CUST06123,Henry Bansal,lkrishna@example.com,04169238129,Chennai,70,2024-06-29
CUST06124,Adya Dey,mandaldaksh@example.net,+911748383612,Chennai,52,2024-01-28
CUST06125,Theodore Dey,omangat@example.net,0730463747,Delhi,18,2023-08-06
CUST06126,Samaksh Nagy,aroy@example.com,00150353943,Pune,58,2024-03-08
CUST06127,Jagat Mitra,nitara37@example.net,+917451598657,Surat,41,2023-06-09
CUST06128,Ubika Zachariah,harish47@example.com,+911228665161,Pune,23,2023-09-08
CUST06129,Gaurang Hans,ramawarinder@example.com,+913048210236,Jaipur,34,2024-03-30
CUST06130,Oliver Singh,cpandya@example.net,+916032099152,Bangalore,44,2023-03-24
CUST06131,Krisha Lalla,rbansal@example.net,+913855328228,Surat,36,2023-08-23
CUST06132,Indrajit Lal,jainaishani@example.com,09508418436,Pune,21,2024-02-02
CUST06133,Chasmum Gupta,harikalpit@example.com,03508340030,Mumbai,70,2023-11-13
CUST06134,Darsh Mannan,oommenpavani@example.org,08944455319,Pune,32,2023-03-08
CUST06135,Fitan Tella,yatin44@example.net,08590072749,Kolkata,29,2023-08-08
CUST06136,Nimrat Sarkar,tripathidarika@example.org,+911440740522,Kolkata,19,2023-08-11
CUST06137,Ishita Borra,anirudhanne@example.org,3752994558,Jaipur,60,2023-04-28
CUST06138,Victor Dhingra,odugar@example.net,7127519993,Surat,24,2023-09-17
CUST06139,Yashasvi Mangat,sampathsarthak@example.com,6795615109,Hyderabad,59,2023-02-19
CUST06140,Manan Dey,ridhi93@example.org,04837768103,Kolkata,58,2023-05-18
CUST06141,Vanya Chand,ukannan@example.com,08608822351,Surat,53,2023-09-05
CUST06142,Nicholas Parmar,ysawhney@example.org,07589161972,Chennai,70,2023-05-23
CUST06143,Fariq Trivedi,samuelmurty@example.org,0987691749,Ahmedabad,32,2023-09-26
CUST06144,Libni Pillay,riasaran@example.org,+914220392101,Pune,35,2024-01-16
CUST06145,Dayamai Thaker,dashurmi@example.com,4527630965,Chennai,55,2023-03-05
CUST06146,Bakhshi Chhabra,saranchaman@example.com,1797822941,Hyderabad,27,2023-07-01
CUST06147,Frederick Dua,fitanmadan@example.net,+914130389773,Ahmedabad,32,2024-03-12
CUST06148,Lekha Pall,bhallasneha@example.net,04063122555,Hyderabad,41,2024-06-07
CUST06149,Jason Shetty,oeshikala@example.org,02720655194,Bangalore,48,2023-12-01
CUST06150,Shaurya Tiwari,bhayer@example.org,0261386725,Delhi,49,2023-05-15
CUST06151,Isaac Sawhney,mangatkamya@example.org,3740347633,Bangalore,47,2024-02-23
CUST06152,Indali Misra,sarthakkant@example.org,09650382052,Bangalore,70,2023-10-20
CUST06153,Aditya Bassi,zsheth@example.net,03694882595,Bangalore,30,2023-04-14
CUST06154,Faras Aurora,pyadav@example.net,1105930783,Surat,49,2024-01-29
CUST06155,Nidra Gill,tamanna74@example.com,3075584859,Bangalore,59,2024-06-12
CUST06156,Jagdish Khare,qbadami@example.net,+915158709787,Kolkata,19,2023-04-19
CUST06157,Tanish Nanda,mannchakradev@example.net,+916511920453,Kolkata,28,2024-05-24
CUST06158,Ucchal Balan,virajbadal@example.org,06456789754,Bangalore,70,2023-08-30
CUST06159,Tarak Bajaj,ubikagill@example.com,06397599843,Hyderabad,61,2023-05-14
CUST06160,Ojasvi Mani,hbaria@example.net,00587737459,Surat,30,2023-04-12
CUST06161,Manan Chakraborty,dararunima@example.net,+916875749222,Delhi,27,2023-03-06
CUST06162,Aarna Chatterjee,rsandhu@example.com,04667291554,Delhi,45,2023-10-27
CUST06163,Patrick Memon,osubramanian@example.net,05679847508,Chennai,47,2023-10-30
CUST06164,Krishna Grover,sarafgauri@example.net,00083118327,Hyderabad,24,2023-05-10
CUST06165,Ekaraj Sodhi,hemal13@example.com,2767699417,Jaipur,26,2024-06-23
CUST06166,Charan Sane,shravyasachdeva@example.com,+917829936671,Mumbai,56,2023-06-12
CUST06167,Benjamin Pillay,dhawanojasvi@example.com,1872389696,Delhi,42,2024-06-20
CUST06168,Ekbal Pai,ayushsachdev@example.net,02321808116,Hyderabad,19,2023-09-14
CUST06169,Radha Mukherjee,vanne@example.org,3223497279,Delhi,70,2023-02-19
CUST06170,Zayyan Sur,wableabhiram@example.com,+919860203493,Mumbai,66,2023-07-09
CUST06171,Siddharth Bassi,leena82@example.org,1023103808,Mumbai,26,2024-06-06
CUST06172,Ekalinga Hegde,lmander@example.org,+913640220825,Chennai,67,2023-10-14
CUST06173,Chaitanya Batta,onighosh@example.net,+911267536248,Delhi,35,2024-01-23
CUST06174,Yashoda Patla,kdasgupta@example.net,04991760663,Bangalore,58,2023-07-22
CUST06175,Aarna Ghose,chaudhuriishaan@example.com,3899214611,Surat,18,2023-12-03
CUST06176,Jackson Kalla,oliver31@example.com,+910610843231,Mumbai,68,2024-03-25
CUST06177,Charan Brar,unnati35@example.com,06259740151,Delhi,52,2023-10-18
CUST06178,Chaman Kala,mitali28@example.org,01540835630,Pune,63,2024-02-21
CUST06179,Ikshita Chaudry,nlala@example.net,7674684799,Delhi,30,2023-03-10
CUST06180,Kashvi Bora,janaki93@example.net,+919184882421,Bangalore,48,2023-03-21
CUST06181,Waida Banerjee,wahabsaha@example.org,9563364549,Surat,46,2024-03-12
CUST06182,Andrew Desai,samarth14@example.net,1864516251,Bangalore,37,2023-02-27
CUST06183,Nathan Divan,tsom@example.org,04022110811,Pune,48,2023-04-14
CUST06184,Ishwar Pathak,azadaggarwal@example.org,1965685468,Bangalore,33,2023-05-24
CUST06185,Urmi Varkey,ldara@example.com,06727106788,Mumbai,52,2023-08-03
CUST06186,Odika Guha,yborde@example.net,4622076937,Kolkata,58,2023-10-04
CUST06187,Chakrika Din,somanpeter@example.org,6587846786,Jaipur,25,2024-02-10
CUST06188,Xavier Lal,dugarmadhav@example.com,+910902113600,Mumbai,70,2023-08-01
CUST06189,Yashica Varughese,kamyabarad@example.org,04094087204,Mumbai,24,2023-10-17
CUST06190,Jalsa Badami,indalibhakta@example.com,00964678268,Jaipur,36,2023-03-15
CUST06191,Arunima Chaudhuri,vkuruvilla@example.com,+919345891433,Delhi,50,2024-03-26
CUST06192,Ekansh Pillai,hdora@example.org,+912647874876,Hyderabad,27,2023-05-19
CUST06193,Abha Din,vrishti49@example.org,8827963101,Mumbai,32,2023-05-03
CUST06194,Simon Peri,qarin49@example.com,09269469468,Mumbai,32,2023-06-17
CUST06195,Indrajit Hora,bhatnagaromisha@example.net,+913588166598,Hyderabad,42,2023-03-29
CUST06196,Tanmayi Barad,dbora@example.net,05540743486,Bangalore,40,2023-10-02
CUST06197,Sai Randhawa,zayyanbhattacharyya@example.com,+917622679911,Kolkata,32,2023-12-31
CUST06198,Omaja Chadha,georgechanda@example.com,4104339260,Hyderabad,61,2023-10-24
CUST06199,Michael Saha,evora@example.org,0108163600,Delhi,49,2023-08-15
CUST06200,Rohan Hora,champak90@example.org,2158625101,Bangalore,25,2024-05-19
CUST06201,Oliver Chandran,ekiya73@example.org,09070714582,Chennai,24,2023-05-13
CUST06202,Upma Barman,avipatla@example.org,8071015955,Kolkata,40,2023-12-18
CUST06203,Urmi Bhardwaj,upadhritidutta@example.org,4082959460,Delhi,57,2023-08-28
CUST06204,Jackson Khosla,saranatt@example.com,+911550277136,Pune,25,2024-05-22
CUST06205,Dominic Tiwari,eiravati13@example.com,+913063368839,Pune,23,2023-05-22
CUST06206,Viraj Anand,alka61@example.com,06370277025,Mumbai,56,2023-06-18
CUST06207,Ikshita Dutta,gsandal@example.net,07461275050,Bangalore,29,2024-03-15
CUST06208,Oviya Bhandari,lilacontractor@example.org,+910176501280,Hyderabad,51,2024-03-20
CUST06209,Tanmayi Dyal,dugalfrado@example.org,+917642512426,Pune,56,2023-09-23
CUST06210,Anmol Kulkarni,kalejacob@example.org,+914617469671,Bangalore,61,2024-03-29
CUST06211,Alexander Jha,prisha96@example.com,+915462288514,Hyderabad,27,2024-05-09
CUST06212,Oliver Dugal,ypatla@example.com,01199587901,Kolkata,57,2024-06-18
CUST06213,Ikshita Bhakta,gsingh@example.net,04235913567,Kolkata,40,2023-11-17
CUST06214,Ekbal Mitter,udyatisur@example.org,+917157426969,Delhi,35,2023-05-24
CUST06215,Ikshita Jaggi,bchad@example.com,+913810155163,Ahmedabad,60,2023-07-19
CUST06216,Hemangini Narayanan,daveryan@example.com,+912964289216,Pune,34,2023-07-30
CUST06217,Anthony Oommen,seshadriabha@example.org,5072389542,Delhi,68,2023-11-13
CUST06218,Yadavi Dey,anirudhmani@example.net,+910710314210,Mumbai,27,2023-08-24
CUST06219,Bachittar Kashyap,nairfalguni@example.net,00384457055,Bangalore,38,2023-11-06
CUST06220,Indira Borde,vshere@example.org,+914561664873,Bangalore,42,2024-01-22
CUST06221,Krishna Minhas,yugvasa@example.net,9250000463,Ahmedabad,64,2023-09-07
CUST06222,Farhan Mahajan,warhi89@example.com,+912067715041,Ahmedabad,70,2023-09-11
CUST06223,Meghana Datta,neelnagar@example.com,+919831500776,Delhi,25,2023-05-31
CUST06224,Atharv Kumar,lajitagandhi@example.net,07375684696,Surat,45,2023-04-22
CUST06225,Quincy Bhatnagar,dhingrabrinda@example.org,01624327195,Kolkata,27,2023-12-14
CUST06226,Jairaj Bajwa,mahika60@example.org,8790231499,Delhi,38,2024-04-30
CUST06227,Triya Soman,lila57@example.net,+912316283298,Bangalore,29,2024-01-09
CUST06228,Owen Korpal,ishanvi20@example.net,1197975075,Hyderabad,40,2023-11-16
CUST06229,Yashica Pillai,xkeer@example.net,2441672981,Pune,49,2023-06-07
CUST06230,Balvan Natt,indirashere@example.org,+915742367580,Hyderabad,48,2023-08-10
CUST06231,Balendra Kumar,shawishi@example.com,06011085281,Hyderabad,56,2023-11-27
CUST06232,Lekha Mutti,abdul21@example.net,01437091256,Pune,26,2023-12-08
CUST06233,Manan Murthy,rkala@example.org,06167414831,Chennai,42,2023-07-31
CUST06234,Ishita Devan,zbhargava@example.com,09003891079,Hyderabad,53,2024-03-16
CUST06235,Abha Puri,spatla@example.net,01477814690,Ahmedabad,52,2023-05-01
CUST06236,Aditya Pai,farhansubramanian@example.net,08322077748,Jaipur,49,2024-01-11
CUST06237,Krish Prasad,kbanerjee@example.com,08017486387,Jaipur,52,2023-11-04
CUST06238,Chakradhar Rana,ydeol@example.com,1966842923,Chennai,42,2023-11-23
CUST06239,Oscar Garde,falguniravi@example.org,+919755979063,Delhi,55,2023-10-26
CUST06240,Neha Borde,nkarpe@example.net,+911983324823,Hyderabad,51,2023-09-19
CUST06241,Ekapad Din,yashdhaliwal@example.org,04083447448,Surat,67,2023-09-20
CUST06242,Umang Garg,madhaviswamy@example.org,3488148442,Chennai,62,2024-05-09
CUST06243,Aishani Ganesan,tanveerwalia@example.net,+916700369042,Delhi,33,2023-08-22
CUST06244,Baljiwan Peri,vgandhi@example.org,08447314682,Pune,18,2024-03-06
CUST06245,Chatura Sanghvi,oni32@example.org,+913745209147,Chennai,19,2023-12-07
CUST06246,Fariq Pai,loganbalay@example.net,+912717244223,Pune,53,2023-04-18
CUST06247,Jyoti Gara,ybhatti@example.org,+915330055630,Ahmedabad,26,2023-05-14
CUST06248,Bachittar Desai,bobalaadi@example.net,09678806252,Delhi,21,2023-11-26
CUST06249,Ria Kade,nathan20@example.org,07032951707,Pune,41,2024-01-14
CUST06250,Tripti Panchal,xalak70@example.com,3215632373,Bangalore,36,2024-01-16
CUST06251,Parth Ravi,ydoctor@example.net,0726310681,Ahmedabad,27,2024-01-09
CUST06252,Zashil Mangal,amaira52@example.net,3764683189,Jaipur,44,2023-10-20
CUST06253,Ikshita Chokshi,zprasad@example.com,03444092301,Chennai,31,2024-03-08
CUST06254,Vrishti Arya,balhaarbath@example.com,+914244761770,Chennai,21,2024-02-09
CUST06255,Oni Pingle,aarinikrishnan@example.com,+912609304821,Bangalore,25,2024-05-23
CUST06256,Samar Krishna,iagrawal@example.com,04834918874,Bangalore,42,2024-02-12
CUST06257,Ucchal Lata,radhikaseshadri@example.org,3290898415,Mumbai,62,2023-10-10
CUST06258,Damyanti Ganguly,gaurav10@example.com,8882887248,Hyderabad,41,2023-02-21
CUST06259,Hiral Ramanathan,asura@example.net,00938012660,Mumbai,62,2024-02-24
CUST06260,Adweta Mitter,jaggineel@example.com,+914502090542,Delhi,60,2023-06-20
CUST06261,Akshay Shankar,cheemaadya@example.net,+912780972810,Surat,22,2023-12-15
CUST06262,Pranit Agate,nakshsood@example.org,+916344362990,Ahmedabad,56,2024-06-19
CUST06263,Jackson Chatterjee,dugarvasana@example.com,00720515853,Bangalore,19,2023-05-31
CUST06264,Eesha Mangat,kulkarnibhavna@example.com,8130100830,Bangalore,41,2024-06-22
CUST06265,Christopher Keer,ojani@example.com,+913616223593,Bangalore,23,2023-09-18
CUST06266,Nachiket Johal,alata@example.net,0208525456,Chennai,22,2024-04-09
CUST06267,Tripti Chandra,dgaba@example.net,0272419875,Mumbai,54,2023-08-21
CUST06268,Harinakshi Sarin,tkohli@example.org,+914267748711,Hyderabad,27,2024-01-12
CUST06269,Varsha Sastry,anirudhthakkar@example.net,08243055818,Bangalore,48,2023-08-28
CUST06270,Kashvi Manda,meghapandey@example.net,05107562692,Bangalore,65,2023-04-19
CUST06271,Mohammed Bal,patrickchakraborty@example.org,00579792702,Jaipur,62,2023-06-09
CUST06272,Falak Hayre,tarak22@example.net,+914763944572,Kolkata,48,2024-03-27
CUST06273,Lipika Comar,lsom@example.com,09272599849,Hyderabad,64,2023-11-17
CUST06274,Faris Tata,ppalla@example.net,06221714674,Pune,46,2024-01-06
CUST06275,Arin Murthy,oakrushil@example.net,1462189417,Mumbai,36,2023-11-25
CUST06276,Kamala Viswanathan,chauhanmekhala@example.org,09076699361,Delhi,27,2024-03-07
CUST06277,Manan Singhal,mittalishanvi@example.net,3918732514,Mumbai,59,2023-07-24
CUST06278,Omisha Badami,dbatta@example.com,09037918944,Mumbai,56,2023-12-11
CUST06279,Baljiwan Shanker,moregeetika@example.net,08213549759,Bangalore,50,2024-02-04
CUST06280,Kashish Hora,oni12@example.net,5559221463,Bangalore,18,2024-01-01
CUST06281,Upasna Dasgupta,sampathkai@example.com,9839135083,Hyderabad,45,2023-05-02
CUST06282,Madhav Kari,farhan66@example.net,+910746443992,Ahmedabad,53,2023-02-18
CUST06283,Jairaj Bhavsar,luthranidra@example.com,08295787755,Kolkata,54,2023-02-16
CUST06284,Yutika Brahmbhatt,gokhalekashvi@example.com,0843234497,Jaipur,37,2024-03-12
CUST06285,Indali Pillai,qushi70@example.com,+919161708460,Chennai,45,2023-12-15
CUST06286,Megha Sunder,anmol94@example.net,+910133959075,Bangalore,35,2023-07-11
CUST06287,Elijah Halder,bhanumaticontractor@example.org,2464063498,Delhi,51,2024-03-30
CUST06288,Zashil Bhatt,deyjanaki@example.org,+919024413616,Hyderabad,26,2023-10-06
CUST06289,Vansha Singhal,aaditandon@example.net,8324835611,Chennai,43,2024-06-01
CUST06290,Shivani Kapadia,yochanasibal@example.net,+919183878332,Surat,21,2023-09-20
CUST06291,Nimrat Kala,pshroff@example.org,00361792860,Chennai,43,2024-04-16
CUST06292,Sanaya Shukla,kaisundaram@example.net,02882095097,Bangalore,70,2024-06-05
CUST06293,Ganga Tripathi,singhdaniel@example.net,09191588345,Jaipur,56,2023-05-16
CUST06294,Aradhana Reddy,vsur@example.org,+910821914380,Delhi,70,2023-05-12
CUST06295,Vasatika Comar,cheriannikita@example.org,1268975395,Ahmedabad,48,2023-06-02
CUST06296,Veda Bakshi,gpadmanabhan@example.org,01336769519,Pune,59,2023-07-14
CUST06297,Osha Merchant,dalaledhitha@example.net,07814658973,Hyderabad,70,2023-09-30
CUST06298,Tara Bahri,subramaniamoscar@example.net,+919759923046,Hyderabad,28,2023-08-04
CUST06299,Teerth Kota,golladalaja@example.net,00972068814,Mumbai,69,2023-10-04
CUST06300,Ranbir Chopra,mekhalamanne@example.com,+918688081261,Pune,59,2023-11-01
CUST06301,Triveni Barad,sastrysaanvi@example.com,5101751676,Hyderabad,30,2024-03-12
CUST06302,Chaaya Dave,pagate@example.com,1101415203,Kolkata,24,2023-10-28
CUST06303,Nathaniel Roy,saanvi16@example.org,+913044048874,Delhi,22,2023-08-29
CUST06304,Guneet Amble,dominic23@example.com,07727057865,Pune,56,2023-08-03
CUST06305,Aayush Narain,teerth74@example.com,0647640590,Pune,19,2024-03-09
CUST06306,Aishani Arya,ranbirramakrishnan@example.net,+911526064416,Chennai,36,2023-04-24
CUST06307,Rishi Lal,oyohannan@example.com,+918954771604,Bangalore,52,2023-11-05
CUST06308,Upadhriti Keer,xiti44@example.com,08124615709,Delhi,22,2023-11-08
CUST06309,Karan Amble,ayushmankakar@example.org,8135581039,Chennai,56,2023-03-12
CUST06310,Vihaan Garde,chakrika28@example.com,4449476614,Mumbai,66,2023-05-15
CUST06311,Vedhika Khurana,tripti09@example.com,01241794245,Kolkata,30,2023-03-05
CUST06312,Chakradhar Khatri,chadhainaya@example.org,+918502471527,Jaipur,30,2024-05-22
CUST06313,Yash Raju,evohra@example.org,8904508394,Mumbai,33,2024-04-03
CUST06314,Chatura Sheth,mpatla@example.com,9222898783,Kolkata,23,2024-03-13
CUST06315,Varsha Basu,nidrashukla@example.com,8813528590,Surat,54,2024-05-23
CUST06316,Ishani Parekh,dakshesh09@example.com,+919849704703,Mumbai,54,2024-02-10
CUST06317,Gaurika Desai,ekapad91@example.com,08929708206,Ahmedabad,20,2024-03-12
CUST06318,Zilmil Ravi,mahikasane@example.org,1313071695,Mumbai,38,2023-05-05
CUST06319,Mitali Bakshi,lakshmi98@example.com,+915269090148,Delhi,37,2023-12-21
CUST06320,Jalsa Minhas,fiyaz19@example.net,07563387933,Mumbai,40,2023-05-15
CUST06321,Nidhi Chandra,shahenry@example.org,02645629212,Kolkata,43,2023-04-23
CUST06322,Maya Minhas,turvirai@example.org,00464878278,Jaipur,30,2023-09-25
CUST06323,Osha Parekh,shauryapuri@example.org,+916277789283,Pune,66,2023-11-22
CUST06324,Mitesh Wason,lila23@example.org,1656950226,Hyderabad,64,2023-10-15
CUST06325,Ekapad Sengupta,rajanadweta@example.com,4871125673,Pune,26,2024-01-04
CUST06326,Kai Shanker,mmishra@example.com,06593962183,Delhi,39,2023-08-03
CUST06327,Aishani Bose,ycheema@example.org,2668182392,Hyderabad,65,2024-05-15
CUST06328,Ubika Ravi,ojas29@example.org,+916793857359,Jaipur,24,2024-01-07
CUST06329,Bakhshi Nadkarni,prishanarayanan@example.com,01061163894,Jaipur,69,2024-04-02
CUST06330,Darika D’Alia,aaravgoel@example.com,3726128822,Bangalore,19,2023-10-14
CUST06331,Simon Gala,zedwin@example.org,+910569076476,Surat,68,2024-05-29
CUST06332,Kiaan Dugar,hiral48@example.com,06308483013,Hyderabad,48,2023-04-27
CUST06333,Madhav Gulati,aishaninayar@example.net,+917502190324,Surat,20,2024-05-08
CUST06334,Warjas Karpe,praneellala@example.net,07783379370,Kolkata,28,2023-11-08
CUST06335,Yauvani Dhaliwal,kiaan49@example.com,02111320815,Bangalore,61,2023-06-20
CUST06336,Irya Bahri,borahqushi@example.net,06873756168,Ahmedabad,23,2024-02-26
CUST06337,Robert Shetty,zayyan74@example.org,+914052543263,Delhi,63,2023-08-15
CUST06338,Oscar Sankar,nehabhargava@example.org,08077630327,Chennai,31,2023-04-13
CUST06339,Simon Kibe,tamannapal@example.net,+917086044297,Bangalore,67,2023-09-03
CUST06340,Aachal Sami,boraxalak@example.org,6355631559,Bangalore,50,2024-05-07
CUST06341,Avi Mistry,vermaleena@example.org,+917672809504,Jaipur,64,2024-03-21
CUST06342,Siya Boase,dhingrabachittar@example.net,03147914394,Surat,59,2023-04-26
CUST06343,Watika Palla,kallazinal@example.net,2444293454,Jaipur,67,2024-03-19
CUST06344,Ojasvi Reddy,upasna54@example.org,+917209440302,Pune,46,2024-04-05
CUST06345,Isha Mane,imaranmukhopadhyay@example.org,+916794332031,Bangalore,39,2023-12-25
CUST06346,Maya Narang,reyanshdua@example.org,+913230424414,Kolkata,41,2023-11-28
CUST06347,Isaac Tandon,samakshkhosla@example.net,3992535816,Surat,45,2024-06-02
CUST06348,Amol Hans,jpatel@example.com,+910752891162,Mumbai,63,2023-09-04
CUST06349,Vasatika Chadha,logangala@example.net,+913168885116,Hyderabad,33,2023-05-25
CUST06350,Hardik Peri,krishna76@example.net,01603500869,Chennai,57,2023-10-10
CUST06351,Radhika Deshpande,radhika53@example.org,0384354097,Surat,22,2023-06-30
CUST06352,Bhavani Mitter,sharmayashawini@example.net,0071921071,Bangalore,54,2023-06-20
CUST06353,Mason Jhaveri,ubaral@example.com,+910190069547,Ahmedabad,24,2024-03-13
CUST06354,Damini Bhargava,bchahal@example.com,1889874315,Mumbai,27,2023-10-08
CUST06355,Samaksh Parmer,fitanissac@example.org,1066994759,Kolkata,53,2023-06-15
CUST06356,Urishilla Sinha,tanmayi30@example.com,6210477167,Delhi,49,2024-05-07
CUST06357,Victor Khurana,charitaedwin@example.com,+911058683082,Delhi,47,2023-08-30
CUST06358,Hardik Padmanabhan,jalsa01@example.com,5385319348,Pune,28,2023-08-21
CUST06359,Vyanjana Radhakrishnan,rkohli@example.net,+917219158792,Kolkata,28,2024-06-03
CUST06360,Akshay Saraf,zgade@example.com,+919419743627,Delhi,35,2024-03-13
CUST06361,Matthew Bora,urvashichaudry@example.com,09193227985,Surat,41,2023-12-04
CUST06362,Nidra Rau,garaekansh@example.net,06910851197,Pune,23,2024-06-20
CUST06363,Nirja Mand,hsrinivas@example.org,6140045681,Delhi,29,2023-07-31
CUST06364,Victor Ramesh,vchoudhury@example.org,3264269226,Ahmedabad,34,2024-05-06
CUST06365,Aayush Bali,lalharshil@example.com,02563201901,Ahmedabad,34,2023-12-01
CUST06366,Falguni Raghavan,xrama@example.net,+919667149639,Ahmedabad,59,2023-09-22
CUST06367,Garima Sundaram,advika12@example.net,01730717853,Bangalore,25,2023-08-08
CUST06368,Yash Jayaraman,tiwaribalveer@example.org,+916501809905,Surat,49,2024-01-16
CUST06369,Omisha Kanda,ira38@example.com,2147700828,Mumbai,41,2024-04-13
CUST06370,Tanish Arora,aggarwalsamarth@example.com,6474682122,Kolkata,43,2023-10-16
CUST06371,Pallavi Munshi,balveercontractor@example.com,00093457465,Hyderabad,57,2023-05-08
CUST06372,Nathan Banik,goelijaya@example.com,+913333657610,Bangalore,46,2023-06-30
CUST06373,Hemal Zacharia,zchawla@example.com,1392341868,Pune,50,2023-09-19
CUST06374,Anita Goyal,eshana90@example.com,04165057143,Surat,38,2024-04-17
CUST06375,Yutika Gupta,nachiketnarayan@example.com,03800694666,Pune,23,2023-10-15
CUST06376,Charita Arya,sudiksha18@example.net,06892658951,Hyderabad,50,2023-10-17
CUST06377,Ekantika Deol,gourrehaan@example.com,01912286698,Ahmedabad,34,2023-11-10
CUST06378,Aashi Hari,garashaurya@example.com,+911712733647,Mumbai,57,2024-04-14
CUST06379,Viraj Narula,udarshdutt@example.net,8288349538,Mumbai,65,2023-10-09
CUST06380,Wazir Dey,kundayashasvi@example.net,+912423952896,Chennai,62,2023-08-26
CUST06381,Kamala Vora,janimanbir@example.com,+913657167303,Jaipur,18,2023-05-09
CUST06382,Yatin Chada,twali@example.com,1826048591,Bangalore,24,2024-01-23
CUST06383,Girish Kothari,kalazansi@example.net,9655997679,Kolkata,42,2023-04-16
CUST06384,Peter Balasubramanian,oeshimangat@example.com,+910987773564,Bangalore,54,2024-06-03
CUST06385,Saumya Prabhakar,pbhalla@example.net,7906454660,Hyderabad,22,2024-03-20
CUST06386,Aachal Wadhwa,vanya45@example.org,06600977537,Chennai,42,2024-01-02
CUST06387,Isha Bhardwaj,tanmayi86@example.net,08107378638,Ahmedabad,60,2023-08-23
CUST06388,Anirudh Banik,suhani96@example.com,3441143376,Delhi,40,2023-09-09
CUST06389,Priya Sehgal,liammall@example.org,7623978311,Ahmedabad,47,2024-04-04
CUST06390,Andrew Desai,farisvarkey@example.com,06753340440,Jaipur,70,2024-03-12
CUST06391,Om Narain,sureshnidra@example.net,+914760492846,Ahmedabad,24,2023-03-19
CUST06392,Devika Cherian,samarsolanki@example.net,0143555095,Delhi,29,2023-06-28
CUST06393,Charvi Nayak,ekaniwalia@example.com,09244983922,Delhi,43,2024-03-04
CUST06394,Upasna Lall,qroy@example.net,7503259414,Hyderabad,30,2023-03-06
CUST06395,Upasna Palla,dipta96@example.com,+913128015115,Hyderabad,39,2023-05-29
CUST06396,Raghav Ramesh,issacchaman@example.com,05741924659,Delhi,38,2023-06-24
CUST06397,Faraj Thaman,dhillonluke@example.net,2290957502,Pune,56,2023-05-05
CUST06398,Elijah Swaminathan,ojasvi09@example.org,+917732864786,Ahmedabad,31,2023-05-11
CUST06399,Ekbal Gola,anmol55@example.com,02327297027,Ahmedabad,25,2023-11-07
CUST06400,Anika Chowdhury,victordalia@example.net,01453874715,Kolkata,47,2023-07-29
CUST06401,Ira Maharaj,grewalrachana@example.com,2718641453,Mumbai,52,2024-02-27
CUST06402,Upkaar Sarkar,kbawa@example.org,4025134579,Bangalore,48,2024-03-25
CUST06403,Yochana Upadhyay,ncherian@example.net,+919411014506,Bangalore,58,2023-03-26
CUST06404,Garima Bassi,tgour@example.net,+919606144948,Chennai,38,2023-04-22
CUST06405,Mitesh Sinha,qpau@example.com,1099358522,Surat,20,2023-09-27
CUST06406,Nidhi Krishnamurthy,kbiswas@example.net,2128185716,Surat,67,2024-05-22
CUST06407,Brijesh Kapadia,chandrabanjeet@example.org,+919970351557,Hyderabad,21,2023-12-19
CUST06408,Viraj Raval,matthew13@example.net,09115699715,Pune,68,2024-05-28
CUST06409,Aarna Bandi,aray@example.net,09178374643,Hyderabad,48,2023-10-23
CUST06410,Tarak Saini,mdhar@example.org,+917915460601,Chennai,21,2023-08-03
CUST06411,Shivani Dugar,adityababu@example.com,9787848990,Chennai,19,2024-03-02
CUST06412,Zashil Sanghvi,lparikh@example.net,+917542014296,Hyderabad,35,2023-11-26
CUST06413,Triya Kamdar,anamikadash@example.org,1391405456,Kolkata,58,2023-11-15
CUST06414,Eta Lall,dasyamini@example.org,03882972361,Bangalore,23,2023-04-14
CUST06415,Suhani Tak,gnagy@example.org,4179843398,Bangalore,22,2023-05-13
CUST06416,Charvi Choudhury,onkarmand@example.net,00644234168,Kolkata,43,2023-09-28
CUST06417,Omkaar Thakkar,borahmanya@example.com,00220992460,Delhi,37,2023-10-03
CUST06418,Pratyush Sane,nachiketsengupta@example.com,2561285393,Ahmedabad,44,2023-05-27
CUST06419,Xavier Ghose,bariakalpit@example.org,5810769381,Jaipur,31,2024-01-21
CUST06420,Dalbir Datta,sampathishaan@example.com,+918576247275,Kolkata,29,2024-01-14
CUST06421,Balvan Venkataraman,narasimhanchaaya@example.net,00031082773,Mumbai,23,2023-04-09
CUST06422,Amol Taneja,jhalak63@example.com,+910034094884,Hyderabad,39,2023-07-17
CUST06423,Ria Kara,singhalzaitra@example.net,08533956823,Kolkata,28,2023-09-26
CUST06424,Varsha Pradhan,oramaswamy@example.net,5321151302,Chennai,40,2024-04-10
CUST06425,Panini Raman,eta95@example.com,+918751434286,Hyderabad,48,2024-02-15
CUST06426,Mohammed Chowdhury,gilldipta@example.com,+912935533605,Ahmedabad,52,2023-06-03
CUST06427,Xalak Bassi,yagnesh02@example.net,+918545148181,Bangalore,62,2023-07-08
CUST06428,Karan Dara,oagarwal@example.org,0003773087,Hyderabad,40,2023-03-18
CUST06429,Ekalinga Goswami,warjas83@example.net,7469596237,Surat,42,2024-06-14
CUST06430,Laksh Gala,majumdarranbir@example.com,+916483024390,Mumbai,53,2023-11-29
CUST06431,Amol Pillay,ridhikanda@example.com,09189022484,Surat,30,2023-11-29
CUST06432,Vidhi Balasubramanian,rtaneja@example.com,+910844440371,Delhi,64,2023-03-13
CUST06433,Widisha Nori,qbutala@example.org,2173534581,Surat,57,2023-03-19
CUST06434,Oeshi Natarajan,fghose@example.org,1064395951,Bangalore,38,2023-04-20
CUST06435,Nirja Sankaran,victorsunder@example.com,+914069457571,Pune,18,2024-04-22
CUST06436,Triya Shukla,baradkeya@example.net,+915174126831,Bangalore,47,2023-10-26
CUST06437,Lohit Khare,jason28@example.net,+915318557751,Bangalore,49,2024-03-01
CUST06438,Bishakha Sehgal,yahvidass@example.com,4358072317,Pune,25,2023-08-06
CUST06439,Brijesh Chokshi,zarnabawa@example.net,07934205177,Hyderabad,34,2023-11-06
CUST06440,Pranav Rajagopalan,ubikakhosla@example.org,+913553372315,Jaipur,64,2023-10-22
CUST06441,Qasim Tripathi,fiyaz50@example.net,+912611337399,Mumbai,46,2023-04-26
CUST06442,Rajeshri Bahl,kundaanthony@example.com,+910445762323,Bangalore,58,2024-04-10
CUST06443,Lipika Balan,savantwilliam@example.org,+918094502548,Ahmedabad,58,2023-05-06
CUST06444,Bishakha Sarkar,prasadekaja@example.net,3741030113,Surat,24,2023-07-22
CUST06445,Lohit Sidhu,prabhuhemangini@example.com,6963540362,Mumbai,31,2023-07-11
CUST06446,Nathan Karnik,grovertanvi@example.org,4310082245,Chennai,44,2023-02-26
CUST06447,Girik Goswami,hkalita@example.com,05149318856,Jaipur,67,2023-03-28
CUST06448,Guneet Goda,abha43@example.org,2854582627,Bangalore,56,2023-03-22
CUST06449,Niharika Contractor,vermaidika@example.org,+911770305445,Hyderabad,31,2024-01-07
CUST06450,Amol Rastogi,kavya12@example.com,1445422034,Pune,31,2024-05-07
CUST06451,Aadi Dasgupta,kamdardayita@example.net,7622456878,Chennai,61,2024-02-13
CUST06452,Aryan Nagar,aryan47@example.net,4392839285,Surat,18,2024-04-06
CUST06453,Urvi Amble,warhimurty@example.org,7727990881,Pune,70,2023-02-20
CUST06454,Jack Sarna,rdave@example.com,3789200109,Pune,19,2023-03-31
CUST06455,Andrew Halder,uthaker@example.org,+914982734929,Kolkata,37,2024-01-19
CUST06456,Oeshi Lalla,anitamandal@example.net,9780481090,Jaipur,70,2024-05-23
CUST06457,Hemangini Mishra,akata@example.com,+919966455436,Delhi,62,2024-06-06
CUST06458,Imaran Bawa,asrinivasan@example.org,07018123446,Ahmedabad,59,2023-08-24
CUST06459,Praneel Iyer,lbutala@example.com,+917697678412,Ahmedabad,44,2024-03-19
CUST06460,Hamsini Prashad,birumang@example.org,08463700446,Hyderabad,40,2023-06-29
CUST06461,Alexander Wadhwa,pathakleela@example.com,+919211921330,Pune,52,2023-12-20
CUST06462,Libni Suresh,ykunda@example.net,0390756113,Hyderabad,51,2023-10-30
CUST06463,Damini Bhargava,adhingra@example.com,09174554681,Pune,25,2024-03-12
CUST06464,Ridhi Ranganathan,wgaba@example.net,06630496618,Bangalore,47,2023-12-28
CUST06465,Vedant Doctor,panttanish@example.net,+916490858794,Hyderabad,41,2024-05-09
CUST06466,Yashoda Baria,vartytanveer@example.org,+914887646113,Bangalore,53,2023-05-06
CUST06467,Samar Kanda,adas@example.com,9007117758,Surat,28,2023-02-26
CUST06468,Henry Wason,anitagoda@example.net,0380695131,Jaipur,45,2024-05-23
CUST06469,Gaurang Swamy,gkapoor@example.org,+913100267993,Hyderabad,36,2023-07-21
CUST06470,Azad Choudhry,ssaraf@example.org,+919761386906,Hyderabad,58,2023-02-23
CUST06471,Chavvi Gaba,ramakai@example.net,1451059625,Kolkata,62,2023-06-26
CUST06472,Ayushman Subramanian,bobaledhitha@example.net,4801408099,Surat,24,2024-03-06
CUST06473,Laksh Narayan,karaudyati@example.com,05058080155,Delhi,69,2024-01-14
CUST06474,Gabriel Krishna,horaaadhya@example.com,4776463772,Delhi,23,2023-04-22
CUST06475,Eiravati Chacko,zsethi@example.org,+914931531141,Mumbai,57,2023-04-21
CUST06476,Wahab Choudhary,ikala@example.net,+916428551530,Hyderabad,24,2024-02-28
CUST06477,Rishi Soni,gkhare@example.net,+919332813840,Ahmedabad,65,2024-04-10
CUST06478,Panini Mohan,ishabhattacharyya@example.org,09087577774,Surat,52,2023-07-18
CUST06479,Abeer Rajagopalan,bathfaris@example.org,+919958509115,Delhi,58,2024-04-24
CUST06480,Matthew Dhaliwal,prajan@example.net,0348478800,Ahmedabad,50,2023-06-24
CUST06481,Aarini Pingle,lbobal@example.net,07728072009,Surat,69,2023-03-12
CUST06482,Avni Sant,fbansal@example.net,08425539611,Mumbai,60,2023-09-03
CUST06483,Ridhi Vaidya,mukherjeeabhimanyu@example.com,02458974196,Kolkata,44,2023-12-26
CUST06484,Rushil Sinha,vinaya39@example.com,+916610995833,Chennai,32,2023-02-15
CUST06485,Gaurang Issac,edasgupta@example.com,9271147934,Ahmedabad,53,2023-07-16
CUST06486,Manya Sachar,deepa23@example.org,+916178961419,Hyderabad,25,2024-05-27
CUST06487,Radha Sankaran,damyanti53@example.net,00752218509,Chennai,48,2023-06-04
CUST06488,Anmol Raghavan,leena70@example.net,+917376149981,Delhi,40,2023-05-05
CUST06489,Vasudha Basu,christophersaini@example.net,06727062198,Ahmedabad,44,2023-09-25
CUST06490,Lopa Bhattacharyya,dattachakradev@example.org,05051499228,Hyderabad,18,2023-11-24
CUST06491,Farhan Madan,periira@example.net,01531747059,Pune,68,2024-01-09
CUST06492,Yochana Palan,emore@example.com,00465847514,Chennai,50,2024-06-04
CUST06493,Advaith Dey,godadakshesh@example.com,5616265771,Kolkata,35,2023-05-01
CUST06494,Chakradev Singh,bhardwajqasim@example.net,05823238516,Kolkata,37,2023-03-12
CUST06495,Aayush Koshy,labansoman@example.org,7666416342,Hyderabad,61,2024-04-26
CUST06496,Shivani Vig,daliaabha@example.com,04880873612,Chennai,18,2024-06-02
CUST06497,Harsh Gokhale,khans@example.net,+913504936777,Hyderabad,20,2023-09-16
CUST06498,Urmi Deo,adora@example.org,06141892341,Mumbai,19,2023-12-27
CUST06499,Gaurang Rege,ojaswali@example.net,02508763971,Bangalore,68,2023-12-18
CUST06500,Bachittar Khatri,xitigaba@example.net,+917984197102,Pune,70,2024-04-17
CUST06501,Gauri Bobal,sridharvihaan@example.net,+911697462798,Jaipur,70,2024-05-22
CUST06502,Turvi Banik,thakurom@example.com,9067653363,Surat,38,2024-02-10
CUST06503,George Sane,reva24@example.com,7468850162,Pune,28,2024-01-07
CUST06504,Aradhana Vala,munshikrishna@example.net,+913802251750,Surat,45,2023-12-18
CUST06505,Praneel Desai,nattaarush@example.com,7445500986,Chennai,53,2023-04-03
CUST06506,Balvan Devi,anya05@example.com,07905549601,Hyderabad,30,2023-07-22
CUST06507,Warhi Bandi,vinaya43@example.org,+915655948847,Surat,59,2023-08-06
CUST06508,Aarna Chatterjee,quincyradhakrishnan@example.org,09435292305,Hyderabad,21,2023-09-04
CUST06509,Indira Goda,fdhawan@example.com,+918202640765,Surat,45,2024-06-19
CUST06510,Balendra Kashyap,yashica72@example.net,+910002341432,Bangalore,58,2023-05-24
CUST06511,Kamala Pandit,wpatil@example.org,02033833790,Hyderabad,64,2023-10-27
CUST06512,Ladli Arora,oeshisathe@example.com,8457694158,Bangalore,43,2023-09-08
CUST06513,Osha Pandya,chaudhurifiyaz@example.net,01181298716,Pune,51,2023-12-12
CUST06514,Hemal Patel,gunbir24@example.com,+912220877546,Bangalore,45,2024-01-13
CUST06515,Keya Kamdar,shivani21@example.com,+918421451009,Chennai,24,2023-10-17
CUST06516,Ekta Goda,bansalbalendra@example.com,+913388700079,Bangalore,50,2024-02-26
CUST06517,Siddharth D’Alia,david45@example.org,+915618741851,Delhi,58,2023-12-22
CUST06518,Chaitaly Tata,libni84@example.com,+913750987104,Surat,68,2023-04-23
CUST06519,Kai Garg,upadhritimanda@example.com,7203348289,Hyderabad,66,2023-12-22
CUST06520,Naveen Sundaram,lsheth@example.org,06019308447,Kolkata,53,2024-06-02
CUST06521,Chasmum Prabhu,manthannanda@example.org,01476842838,Bangalore,38,2023-11-17
CUST06522,Ansh Borde,chakrika33@example.com,00524345292,Chennai,23,2023-10-07
CUST06523,Timothy Doshi,bhattacharyyayochana@example.com,+913393983437,Delhi,19,2023-10-30
CUST06524,Eesha Kota,hmisra@example.org,04834599619,Hyderabad,18,2023-07-19
CUST06525,Yash Varughese,dkeer@example.com,+911026989450,Surat,27,2024-04-22
CUST06526,Kamya Nagar,narayansuhani@example.com,5344346748,Mumbai,57,2023-11-05
CUST06527,Nachiket Grover,hemaniprashad@example.net,+915614768624,Jaipur,23,2023-11-28
CUST06528,Omya Swamy,nprakash@example.net,+919300344647,Surat,42,2024-03-16
CUST06529,Hardik Minhas,aryasarkar@example.com,04000561618,Mumbai,65,2023-07-07
CUST06530,Ridhi Anne,dbera@example.net,9608522329,Bangalore,47,2024-05-15
CUST06531,Timothy Lall,choudhuryadvik@example.com,02388506509,Pune,29,2023-07-09
CUST06532,Azaan Raju,maharajneha@example.net,+915723479646,Chennai,59,2024-05-24
CUST06533,Aayush Lall,knair@example.net,+911369662609,Chennai,37,2023-05-24
CUST06534,Tanveer Chhabra,zgupta@example.org,+913778746187,Chennai,52,2023-04-24
CUST06535,Advika Sawhney,bishakha23@example.net,2365675430,Chennai,64,2024-04-21
CUST06536,Ronith Raja,aahana51@example.org,9772483037,Hyderabad,67,2023-08-01
CUST06537,Dipta Pal,avnichad@example.org,+913291403722,Kolkata,60,2023-12-06
CUST06538,Manya Shukla,narayananqushi@example.com,6534693289,Mumbai,35,2024-05-23
CUST06539,Jason Kaur,othaman@example.org,6528084754,Delhi,27,2024-05-26
CUST06540,Gaurang Som,mekhalakamdar@example.com,+912731137495,Mumbai,58,2023-12-22
CUST06541,Nachiket Mann,lohitmallick@example.com,9959677616,Surat,24,2024-04-05
CUST06542,Kala Bera,jackprakash@example.net,+911972456710,Delhi,47,2023-08-22
CUST06543,Ishita Bhandari,hiteshshere@example.net,0709160444,Surat,25,2023-10-15
CUST06544,Gautam Bahl,abhimanyuvirk@example.net,+910269266992,Delhi,27,2023-12-12
CUST06545,Wyatt Warrior,akshayandra@example.org,4431320471,Kolkata,34,2023-05-24
CUST06546,Ati Karnik,mekhalakhare@example.com,07692706042,Bangalore,23,2024-01-02
CUST06547,Dominic Gandhi,mahajanwarhi@example.org,06970339445,Delhi,49,2023-07-13
CUST06548,Shaurya Srinivas,ranveersha@example.org,8218019428,Pune,31,2023-12-24
CUST06549,Orinder Sankar,ishaanprabhu@example.org,+918820497763,Hyderabad,24,2023-10-22
CUST06550,Upkaar Ravel,omya58@example.net,4106922764,Ahmedabad,68,2023-03-29
CUST06551,Hritik Bhargava,hvirk@example.net,+917160973051,Mumbai,44,2023-03-22
CUST06552,Abhiram Sidhu,omajabhavsar@example.net,09597821412,Delhi,49,2023-10-11
CUST06553,Ishani Sha,mahajanvictor@example.org,00445667394,Delhi,31,2024-01-06
CUST06554,Waida Atwal,ekapaddeep@example.com,+917106795178,Hyderabad,42,2023-10-19
CUST06555,Irya Vig,chakrabartibakhshi@example.org,09145667684,Pune,58,2024-02-26
CUST06556,Wazir Chaudhuri,pauisha@example.net,06721011962,Ahmedabad,69,2023-02-21
CUST06557,Kashish Arya,zchandran@example.org,8849640543,Bangalore,29,2023-04-16
CUST06558,Lipika Varkey,nitara49@example.org,07316306274,Kolkata,18,2024-01-20
CUST06559,Manthan Din,amolboase@example.net,4536451254,Bangalore,60,2023-05-26
CUST06560,Zayan Mammen,desaibrinda@example.com,5302092644,Surat,58,2023-12-13
CUST06561,Aditya Bumb,acharyachavvi@example.com,07202079559,Surat,20,2024-05-18
CUST06562,Zansi Shan,petergoswami@example.net,+916520090490,Delhi,39,2023-09-29
CUST06563,Pushti Sur,kulkarnimohammed@example.com,07056806640,Pune,48,2023-03-05
CUST06564,Mohini Manda,siddharthsahni@example.com,5562542265,Surat,56,2024-06-27
CUST06565,Nikita Kapadia,mitterzehaan@example.org,07284945352,Jaipur,18,2023-12-25
CUST06566,Hardik Bali,krishachaudhary@example.net,02887508650,Bangalore,51,2023-09-08
CUST06567,Logan Kadakia,vrindapradhan@example.net,0291069743,Kolkata,25,2023-09-06
CUST06568,Lipika Shere,fjha@example.com,6832408218,Chennai,56,2023-03-28
CUST06569,Ekiya Chakrabarti,jackson94@example.com,02881006393,Mumbai,52,2024-05-24
CUST06570,Chanakya Chadha,vaishnavisrinivas@example.com,+912343157594,Mumbai,51,2023-08-06
CUST06571,Frado Kari,shaurya60@example.net,6077131314,Jaipur,66,2024-05-10
CUST06572,Rachita Kala,gaurangisankar@example.net,+913725926675,Bangalore,31,2024-05-05
CUST06573,Fiyaz Nair,aptetimothy@example.org,+917672000732,Pune,25,2023-10-22
CUST06574,Anika Date,jhaadvaith@example.net,01247412754,Chennai,19,2023-06-11
CUST06575,Anya Goel,qtella@example.com,+918373769895,Pune,26,2024-06-27
CUST06576,Anmol Gole,wishi40@example.org,+910422021585,Chennai,23,2024-03-05
CUST06577,Gaurangi Lal,shivansh59@example.org,6539764223,Bangalore,35,2024-04-24
CUST06578,Vyanjana Kuruvilla,taradalal@example.org,01143393143,Kolkata,48,2023-07-06
CUST06579,Yashvi Kale,ronith42@example.com,+910157794090,Chennai,23,2023-07-26
CUST06580,Anay Kannan,nbhavsar@example.net,0768384123,Pune,63,2023-09-05
CUST06581,Ishaan Kade,ksrinivasan@example.org,0619015525,Jaipur,59,2023-09-11
CUST06582,Radhika Sridhar,yoshita85@example.com,02131705895,Kolkata,47,2023-06-04
CUST06583,Chasmum Parmar,ysem@example.net,+913050305100,Ahmedabad,45,2024-02-24
CUST06584,Advik Garde,samesh25@example.net,+913963317763,Jaipur,43,2023-06-14
CUST06585,Tripti Das,megha83@example.net,8190254483,Chennai,34,2023-03-10
CUST06586,Faqid Shenoy,ojasgera@example.org,+916517792411,Bangalore,30,2023-10-17
CUST06587,Charvi Zachariah,evala@example.com,07914525203,Kolkata,43,2024-05-07
CUST06588,Aadhya Borah,indiravarughese@example.org,8017647179,Delhi,55,2024-03-13
CUST06589,Aashi Ben,faraj49@example.net,7355522327,Surat,37,2023-07-17
CUST06590,Rushil Ganguly,maanas23@example.org,+916906860085,Bangalore,68,2023-03-07
CUST06591,Ranveer Aurora,ravelliam@example.org,+918418542811,Chennai,64,2023-11-20
CUST06592,Lakshit Rout,urviramanathan@example.net,02649408836,Ahmedabad,45,2023-12-02
CUST06593,Timothy Kapur,rchoudhury@example.com,+911895659300,Ahmedabad,45,2023-08-17
CUST06594,William Viswanathan,aarna38@example.net,6334814167,Surat,65,2023-09-16
CUST06595,Chakradev Sarna,dloke@example.net,07777471422,Kolkata,70,2023-10-09
CUST06596,Arunima Lad,brarnakul@example.com,+913081365946,Pune,57,2024-03-23
CUST06597,Geetika Subramaniam,jalsamangal@example.org,2705141716,Delhi,56,2024-04-26
CUST06598,William Devan,darsh69@example.org,00024245989,Hyderabad,45,2023-07-11
CUST06599,Arin Ratti,hiteshpanchal@example.net,02853233191,Chennai,54,2023-09-02
CUST06600,Radhika Srivastava,kramesh@example.net,+919240654212,Pune,41,2024-05-04
CUST06601,Divya Khurana,teerthwalla@example.org,+919244254662,Delhi,46,2024-03-01
CUST06602,Zansi Kalla,purinikita@example.net,+912458604885,Bangalore,20,2024-02-19
CUST06603,Arunima Bail,vincent51@example.org,+919929598956,Jaipur,34,2024-03-05
CUST06604,Nachiket Subramaniam,badaloni@example.com,+910540757627,Surat,44,2024-05-27
CUST06605,Girindra Comar,rachitagarg@example.org,+912074292577,Kolkata,56,2023-11-18
CUST06606,Vansha Saha,zsuri@example.org,04068174063,Jaipur,40,2023-11-09
CUST06607,Krish Mohanty,orinder41@example.com,+911770591361,Hyderabad,19,2024-03-30
CUST06608,Leela Gola,chanderodika@example.org,+914516726265,Delhi,29,2024-05-19
CUST06609,Isaac Sandal,diptaben@example.org,+912314223548,Pune,45,2023-03-04
CUST06610,Amruta Rau,chaudharydaksha@example.com,08538057941,Bangalore,40,2024-02-09
CUST06611,Utkarsh Dayal,amritamander@example.org,+919361848201,Chennai,22,2024-05-13
CUST06612,Oni Oommen,ishanvi34@example.org,02570346282,Chennai,60,2024-05-08
CUST06613,Krishna Prashad,falandeol@example.net,+911369314277,Pune,41,2024-05-13
CUST06614,Chaman Chandra,oakyatin@example.com,+911329972679,Bangalore,67,2023-05-25
CUST06615,Fitan Mand,xavier10@example.org,+912983960651,Pune,25,2023-11-14
CUST06616,Tristan Varty,quincymahajan@example.com,2442491984,Mumbai,38,2024-05-20
CUST06617,Raagini Kota,anaidu@example.org,01213621178,Mumbai,63,2024-05-31
CUST06618,Chakrika Kalla,anusha77@example.org,7952287363,Pune,31,2024-06-04
CUST06619,Krish Kara,dashtejas@example.com,08858222534,Ahmedabad,54,2023-04-24
CUST06620,Dayita Minhas,pbala@example.net,1132350213,Pune,32,2023-08-06
CUST06621,Charvi Vora,charles27@example.net,+916767086942,Jaipur,22,2023-03-01
CUST06622,Lakshit Vala,zansisubramaniam@example.org,+915303165393,Hyderabad,36,2024-01-13
CUST06623,Oscar Chadha,nbhavsar@example.net,8532088845,Surat,31,2023-10-22
CUST06624,Wakeeta Bhagat,asastry@example.com,+910686273752,Jaipur,31,2023-02-13
CUST06625,Ojasvi Kuruvilla,khuranakeya@example.com,9754053194,Delhi,53,2023-03-03
CUST06626,Turvi Magar,thomas68@example.net,+914343180213,Kolkata,63,2023-02-24
CUST06627,Ekani Sankar,trajan@example.org,+917443860730,Surat,69,2023-05-21
CUST06628,Vincent Patil,chokshiyachana@example.net,6184833279,Delhi,54,2023-05-26
CUST06629,Vyanjana Gupta,bedirajeshri@example.com,03356722438,Hyderabad,61,2024-04-20
CUST06630,Aarna Bhagat,dashardik@example.net,00914530996,Hyderabad,38,2023-08-08
CUST06631,Girindra Sethi,vivaan05@example.net,07698500073,Pune,30,2023-08-11
CUST06632,Aryan Sodhi,chatresh12@example.org,06649275820,Chennai,21,2024-06-10
CUST06633,Xavier Rajagopalan,fbuch@example.org,7894652990,Ahmedabad,49,2023-07-12
CUST06634,Panini Savant,daksheshrandhawa@example.org,05698786367,Mumbai,35,2024-06-14
CUST06635,Mason Mukhopadhyay,guptaranbir@example.com,4537607755,Hyderabad,25,2024-03-15
CUST06636,Orinder Goel,vamakshiperi@example.net,+917797588706,Delhi,46,2023-07-04
CUST06637,Elijah Kata,chaturadeshmukh@example.net,+917558767601,Bangalore,56,2024-06-21
CUST06638,Ethan Dube,tellasamar@example.net,02165768898,Pune,55,2024-05-05
CUST06639,Thomas Sem,sara61@example.org,2105978153,Hyderabad,33,2024-04-03
CUST06640,Kamya Mutti,aahanarege@example.org,6950054025,Surat,19,2023-04-24
CUST06641,Damini Parekh,dmall@example.net,08163617296,Kolkata,19,2024-04-10
CUST06642,Ridhi Kurian,anita93@example.net,4447724335,Surat,18,2023-06-30
CUST06643,Amrita De,aryandeol@example.net,09852673698,Ahmedabad,36,2023-04-30
CUST06644,Kiaan Vaidya,pborah@example.com,+913359782984,Bangalore,43,2023-05-15
CUST06645,Kamala Shetty,varmaadweta@example.net,02029925983,Mumbai,52,2023-06-21
CUST06646,Chaaya Pradhan,gulatiumang@example.org,2728602773,Jaipur,20,2023-03-09
CUST06647,Priya Hans,sampathgautam@example.net,0581133797,Pune,59,2023-06-27
CUST06648,Gautam Bath,udant18@example.net,1200908837,Mumbai,22,2024-02-14
CUST06649,Ayush Ghosh,wissac@example.net,+917177501396,Ahmedabad,24,2023-05-29
CUST06650,Upasna Datta,rachana50@example.net,03636140725,Hyderabad,64,2023-04-28
CUST06651,Arjun Wali,aashichakraborty@example.com,9515353384,Kolkata,35,2024-05-27
CUST06652,Vasana Muni,kondazayyan@example.org,07411842877,Pune,66,2024-05-14
CUST06653,Bhanumati Wable,usen@example.org,+910900719781,Pune,43,2024-06-18
CUST06654,Varsha Dasgupta,azad77@example.org,09025062737,Delhi,53,2023-03-10
CUST06655,Bhavika Bail,zayyan44@example.com,03731332289,Pune,49,2023-06-23
CUST06656,Vedhika Sabharwal,yagnesh54@example.com,08847082177,Surat,21,2023-09-13
CUST06657,Veda Chakrabarti,yashica11@example.net,+912771070957,Hyderabad,37,2024-02-23
CUST06658,Bhavna Rai,yaminichopra@example.net,1187961920,Ahmedabad,49,2023-11-09
CUST06659,Anirudh Bhatt,gandhinilima@example.net,03915650870,Delhi,41,2023-09-29
CUST06660,Widisha Morar,chameli50@example.org,00759349468,Surat,24,2023-04-30
CUST06661,Sachi Ravi,advika51@example.net,+910793651279,Mumbai,32,2024-02-23
CUST06662,Zinal Nayak,bishakha62@example.net,5563565582,Mumbai,70,2023-07-05
CUST06663,Jagvi Ghosh,rameshurishilla@example.org,+917338862111,Mumbai,26,2023-08-02
CUST06664,Girik Oza,charvilal@example.com,07033730522,Delhi,38,2023-04-22
CUST06665,William Mitter,khannagaurangi@example.org,5682632820,Hyderabad,32,2024-06-21
CUST06666,Meghana Shukla,chanakyabhakta@example.org,08161109483,Bangalore,23,2023-10-06
CUST06667,Dhriti Dutt,davepatrick@example.net,+915921465582,Chennai,64,2023-09-10
CUST06668,Anusha Sethi,kantdhruv@example.org,+918239240985,Pune,70,2024-02-23
CUST06669,William Chana,klala@example.org,+914404963418,Jaipur,18,2023-09-03
CUST06670,Nikita Tata,skrish@example.com,02808574124,Mumbai,34,2023-09-26
CUST06671,Ekansh Jayaraman,pinglebachittar@example.net,7629463677,Mumbai,25,2023-04-29
CUST06672,Laban Gill,nlalla@example.net,08308506720,Mumbai,37,2023-12-01
CUST06673,Fitan Choudhary,ronithshanker@example.com,+919924830210,Delhi,34,2023-11-04
CUST06674,Aarav Mander,kavya59@example.net,06333874699,Pune,62,2023-04-13
CUST06675,Azaan Kala,pillayzinal@example.com,+915614293831,Surat,68,2024-04-22
CUST06676,Patrick Mallick,wbansal@example.org,09807285478,Hyderabad,35,2024-03-02
CUST06677,Ekbal Bakshi,itak@example.net,01306667981,Bangalore,26,2023-05-11
CUST06678,Urishilla Padmanabhan,nakshsodhi@example.net,+916087768654,Surat,47,2023-10-24
CUST06679,Manbir Venkatesh,varmagirindra@example.com,8269243935,Delhi,26,2023-12-06
CUST06680,Chandresh Banerjee,vaishnaviswamy@example.com,05799396833,Pune,27,2023-02-22
CUST06681,Tristan Parmer,orinderrajagopal@example.org,+919175337389,Surat,44,2024-01-24
CUST06682,Abhimanyu Venkataraman,waidasahota@example.com,1277815759,Ahmedabad,60,2023-05-13
CUST06683,Neel Bhakta,waidaanand@example.org,+912961251031,Delhi,51,2023-09-05
CUST06684,Nikita Dara,sonitriya@example.com,+919858866154,Jaipur,33,2023-08-13
CUST06685,Dhriti Nair,avi17@example.com,07849699793,Surat,48,2024-06-22
CUST06686,Yasti Swamy,yashodharasharaf@example.net,8746430718,Ahmedabad,35,2023-11-25
CUST06687,Gauri Sant,qreddy@example.com,01961513359,Pune,67,2024-04-10
CUST06688,Vrishti Prasad,wgarde@example.com,+918752878747,Ahmedabad,32,2023-05-19
CUST06689,Adya Jain,vincent47@example.org,3791511246,Delhi,34,2023-06-06
CUST06690,Girish Krishnan,rbhatia@example.com,+914993178001,Kolkata,63,2023-06-03
CUST06691,Janaki Bose,samraosha@example.net,04811791720,Delhi,40,2023-05-13
CUST06692,Vedhika Pandit,ibarman@example.com,00389520781,Jaipur,33,2023-04-20
CUST06693,Vivaan Iyer,vasudha05@example.org,9157923193,Chennai,62,2024-05-08
CUST06694,Arin Shankar,prabhufaraj@example.org,0641859033,Delhi,22,2023-05-04
CUST06695,Ryan Sodhi,akorpal@example.org,02117734884,Ahmedabad,21,2024-02-21
CUST06696,Anita Badami,suriharshil@example.com,+914105047441,Chennai,18,2023-02-16
CUST06697,Advaith Deep,routyashvi@example.com,+917527762009,Chennai,47,2023-03-01
CUST06698,Yash Rajagopal,qzachariah@example.org,+917464491876,Hyderabad,30,2023-04-27
CUST06699,Qushi Char,zehaanlall@example.net,03766886391,Ahmedabad,24,2023-03-25
CUST06700,Aahana Master,xsharaf@example.org,0474703242,Pune,31,2023-09-16
CUST06701,Watika Samra,emallick@example.com,3626414124,Surat,66,2023-09-18
CUST06702,Harita Kothari,samuel89@example.net,+912540437894,Jaipur,50,2023-05-16
CUST06703,Mohini Basak,tanmayi83@example.com,+916745536318,Pune,66,2023-04-25
CUST06704,Krish Padmanabhan,patlaforum@example.org,01143397255,Kolkata,63,2023-05-07
CUST06705,Netra Bajaj,rsoni@example.net,2582734009,Ahmedabad,59,2023-08-16
CUST06706,Kala Bhandari,kamdarhitesh@example.net,+910813805465,Bangalore,50,2023-07-02
CUST06707,Pushti Panchal,bnaik@example.net,5759649501,Delhi,26,2024-05-21
CUST06708,Yuvraj Wadhwa,ejani@example.com,+917975873527,Chennai,41,2023-12-13
CUST06709,Vidhi Balakrishnan,zachariahtanveer@example.com,+917543453972,Hyderabad,46,2023-09-25
CUST06710,Yuvraj Khurana,zganguly@example.org,4697814637,Surat,50,2024-05-30
CUST06711,Thomas Biswas,aryan61@example.net,+910908924277,Chennai,67,2023-10-03
CUST06712,Ikbal Sidhu,widishabobal@example.net,2383918080,Hyderabad,30,2023-06-30
CUST06713,Chanakya Narayan,palsathvik@example.net,06427742152,Delhi,35,2024-04-19
CUST06714,Sudiksha Dutta,rastogichandresh@example.org,0211813548,Hyderabad,28,2024-03-11
CUST06715,Nimrat Kalla,chaudharynandini@example.com,+915983942775,Kolkata,54,2023-08-24
CUST06716,Hamsini Manne,sarkarkai@example.com,03454565146,Delhi,27,2023-10-28
CUST06717,Forum Wali,yug34@example.com,1257791199,Ahmedabad,24,2024-03-13
CUST06718,Anmol Yogi,planka@example.org,+915977065085,Delhi,33,2024-05-28
CUST06719,Dayita Chana,lallaekanta@example.org,03182438345,Mumbai,47,2024-03-22
CUST06720,Girindra Butala,qmammen@example.com,1626339126,Bangalore,35,2023-08-04
CUST06721,Manbir Nigam,jackdugar@example.com,+911117148729,Mumbai,48,2023-04-29
CUST06722,Rajata Borde,riasrinivas@example.com,8864223129,Jaipur,46,2024-05-09
CUST06723,Nisha Sehgal,nisha97@example.org,+916379140127,Pune,34,2023-10-25
CUST06724,Baljiwan More,psheth@example.net,5563135191,Delhi,53,2023-06-08
CUST06725,Lajita Kurian,chandransetty@example.net,+914064976477,Delhi,40,2023-06-07
CUST06726,Jacob Sethi,gargharinakshi@example.org,8119988976,Hyderabad,31,2024-06-06
CUST06727,Madhavi Deshmukh,wahab13@example.net,7216771500,Bangalore,43,2024-03-16
CUST06728,Gaurav Bhatti,borahryan@example.net,3944238967,Jaipur,45,2023-04-07
CUST06729,Luke Nath,watika09@example.com,06088680110,Jaipur,39,2023-09-25
CUST06730,Mitali Madan,dugarzashil@example.com,9689828628,Mumbai,46,2023-10-03
CUST06731,Mekhala Keer,xavieranne@example.com,8121149224,Kolkata,41,2023-04-30
CUST06732,Frederick Madan,frado28@example.net,07206204251,Delhi,21,2024-02-11
CUST06733,Amara Luthra,bkhurana@example.net,9244526788,Hyderabad,64,2024-06-12
CUST06734,Harinakshi Kar,vincentmody@example.org,+915320417881,Hyderabad,30,2023-02-18
CUST06735,Charvi Agate,siddharth94@example.com,9828868457,Kolkata,30,2023-10-22
CUST06736,Amara Gera,choudhryaarini@example.net,+913729329007,Hyderabad,29,2023-04-24
CUST06737,Reva Trivedi,qbalay@example.org,+913981673435,Surat,35,2024-02-02
CUST06738,Chakradev Minhas,zansi74@example.org,6520835819,Jaipur,56,2024-04-20
CUST06739,Quincy Ranganathan,venkateshadweta@example.net,00560686423,Ahmedabad,51,2023-07-18
CUST06740,Wridesh Hayre,zilmil66@example.net,04431418195,Hyderabad,24,2024-06-11
CUST06741,Lila Suresh,rratti@example.com,01367726829,Mumbai,59,2023-06-03
CUST06742,Vrinda De,balveer65@example.net,5967276919,Chennai,25,2023-05-12
CUST06743,Ishanvi Lall,azaduppal@example.net,+917978545509,Chennai,25,2023-05-02
CUST06744,Bahadurjit Radhakrishnan,onibandi@example.com,+914492004357,Mumbai,20,2023-06-08
CUST06745,Gautami Kapoor,lkakar@example.org,+918628858534,Surat,35,2023-12-13
CUST06746,Yasti Malhotra,hayerdiya@example.org,6641467411,Chennai,22,2023-11-13
CUST06747,Libni Rattan,narangsamesh@example.com,4143997293,Jaipur,24,2024-05-06
CUST06748,Ridhi Sant,brijesh37@example.org,01790734862,Kolkata,32,2023-06-05
CUST06749,Caleb Misra,sanidominic@example.org,2982177769,Surat,62,2023-07-26
CUST06750,Aradhana Krishnan,lgulati@example.com,+916356606404,Hyderabad,43,2023-04-09
CUST06751,Tanveer Sangha,aryan49@example.org,09154251897,Hyderabad,24,2023-04-11
CUST06752,Riya Sibal,ldewan@example.net,01313710910,Chennai,64,2024-05-21
CUST06753,Krishna Dubey,orinder75@example.org,+914987020858,Kolkata,49,2023-12-24
CUST06754,Riya Kamdar,oeshi56@example.com,+912216533630,Chennai,28,2023-12-23
CUST06755,Yachana Narayan,harsh38@example.net,00305333891,Chennai,40,2024-02-23
CUST06756,Agastya Master,advay32@example.net,08900562561,Kolkata,63,2023-05-02
CUST06757,Tanay Handa,dominicshah@example.com,+916575616732,Surat,36,2023-05-11
CUST06758,Gunbir Nanda,yachana41@example.org,+910233295927,Mumbai,24,2023-11-20
CUST06759,Guneet Dasgupta,dhriti19@example.org,00991715679,Bangalore,50,2023-07-27
CUST06760,Yash Palla,ucchaldeshpande@example.com,03100955034,Surat,48,2023-12-17
CUST06761,Yachana Agarwal,nitara73@example.com,+916171931516,Kolkata,62,2023-12-24
CUST06762,Anthony Ramachandran,gabriel33@example.com,09727435113,Chennai,28,2024-01-06
CUST06763,Arjun Sandal,anvimukherjee@example.org,03738178372,Pune,61,2024-05-22
CUST06764,Bhavika Mand,pdhar@example.org,+911493800890,Delhi,28,2024-02-03
CUST06765,Nitara Acharya,fpandey@example.net,+918841361059,Bangalore,39,2024-05-04
CUST06766,Luke Wable,dixitamaira@example.org,+919515891946,Ahmedabad,27,2023-10-07
CUST06767,Eiravati Bhatia,fjoshi@example.net,9525276972,Mumbai,60,2024-03-23
CUST06768,Maya Prasad,viraj62@example.com,03450410329,Ahmedabad,45,2024-06-24
CUST06769,Liam Kara,jyotipathak@example.net,1976873503,Pune,19,2023-07-21
CUST06770,Ekanta Parsa,gaurangimodi@example.net,08771044979,Bangalore,34,2023-11-10
CUST06771,Lakshit Gopal,kashvi53@example.org,0896690125,Delhi,28,2023-11-21
CUST06772,Advaith Nair,amara57@example.com,05588679787,Mumbai,56,2023-12-07
CUST06773,Reyansh Loyal,chaitanyashankar@example.net,+914904349350,Pune,48,2023-05-10
CUST06774,Pooja Lad,vyasomya@example.org,07377935489,Surat,18,2023-06-18
CUST06775,Anirudh Andra,modijackson@example.org,01280489578,Ahmedabad,33,2024-03-09
CUST06776,Meera Shenoy,omkoshy@example.org,05265822806,Ahmedabad,25,2024-02-03
CUST06777,Anthony Mukhopadhyay,zaidsaraf@example.org,+911494069883,Mumbai,70,2023-08-05
CUST06778,Arjun Shere,evarughese@example.org,+913214355519,Mumbai,54,2023-11-22
CUST06779,Dev Samra,zgokhale@example.org,2503250727,Kolkata,32,2023-03-22
CUST06780,Aahana Saini,njain@example.net,+918025626237,Jaipur,50,2023-08-31
CUST06781,Krisha Naidu,fitan74@example.net,+914416586344,Bangalore,66,2024-02-23
CUST06782,Yug Gole,qgarde@example.net,1443014387,Bangalore,67,2024-04-14
CUST06783,Mugdha Modi,tsama@example.org,0574459233,Delhi,24,2023-06-07
CUST06784,Finn Barad,tanmayiaggarwal@example.org,+915010611289,Kolkata,69,2023-07-30
CUST06785,Krisha Shanker,santyashoda@example.com,07208172223,Pune,46,2023-03-31
CUST06786,Zansi Sodhi,jonathan32@example.net,+912831844569,Ahmedabad,65,2024-06-22
CUST06787,Luke Peri,jeremiahradhakrishnan@example.com,7107142171,Pune,52,2024-02-26
CUST06788,Janani Doctor,mandalethan@example.net,1847862180,Kolkata,60,2023-05-28
CUST06789,Chandresh Roy,jhalaksrinivasan@example.com,+913658896621,Ahmedabad,34,2023-12-08
CUST06790,Jeet Kumar,vedhikamemon@example.com,9963760249,Pune,47,2023-05-30
CUST06791,Manbir Venkataraman,norivrinda@example.com,03049156087,Mumbai,70,2023-05-12
CUST06792,Kala Parmer,lallazayyan@example.org,0452427848,Pune,37,2023-04-13
CUST06793,Yochana Prabhakar,barkha53@example.net,09972927799,Pune,51,2024-04-30
CUST06794,Laksh Banerjee,jhalaklala@example.net,05723255097,Surat,48,2023-08-02
CUST06795,Dalaja Gandhi,chaaya20@example.net,6257735241,Delhi,35,2023-05-28
CUST06796,Jeevika Ratti,csaha@example.com,09196637328,Jaipur,64,2023-10-27
CUST06797,Mitesh Pandit,kevin02@example.org,02442299172,Mumbai,27,2023-07-08
CUST06798,Atharv Bir,wishi22@example.org,+914930459818,Hyderabad,32,2024-05-27
CUST06799,Darpan Menon,gwalia@example.org,06185724872,Bangalore,40,2023-06-03
CUST06800,Triya Mammen,ayaanchand@example.com,+911599100653,Ahmedabad,19,2024-01-22
CUST06801,Megha Shere,naveen89@example.com,07894510074,Chennai,54,2024-05-24
CUST06802,Lila Luthra,marya@example.com,+914247993956,Hyderabad,41,2023-04-15
CUST06803,Vamakshi Sura,ira94@example.net,08339091433,Chennai,65,2023-04-01
CUST06804,Gayathri Iyer,urmi02@example.org,07824434706,Delhi,30,2023-09-21
CUST06805,Isaac Saran,rachana86@example.org,+917785077421,Hyderabad,58,2023-07-29
CUST06806,Sai Konda,mason60@example.net,+913007462926,Delhi,35,2023-06-24
CUST06807,Hritik Mody,aarnadixit@example.org,06651882222,Jaipur,46,2023-09-14
CUST06808,Suhani Sami,sbala@example.net,5225417094,Jaipur,29,2024-03-08
CUST06809,Rushil Dhawan,varshanadig@example.org,3195319210,Kolkata,61,2023-09-12
CUST06810,Rachit Sanghvi,yachana17@example.org,9779805304,Pune,39,2024-05-22
CUST06811,Aryan Bal,hemang19@example.net,06958065267,Hyderabad,55,2023-06-29
CUST06812,Lakshmi Bawa,daminidani@example.net,06720170760,Hyderabad,35,2024-02-02
CUST06813,Jonathan Mall,bariaoliver@example.net,5630713468,Kolkata,30,2023-05-12
CUST06814,Zilmil Bhandari,mukherjeefaras@example.com,6772059380,Mumbai,55,2023-04-20
CUST06815,Libni Chander,keya11@example.com,05463044838,Jaipur,62,2024-03-05
CUST06816,Arjun Biswas,ozaaarna@example.net,0881557800,Pune,57,2023-05-19
CUST06817,Manthan Vyas,mistryrachita@example.com,8640940522,Delhi,45,2024-03-18
CUST06818,Brinda Rana,zarnasalvi@example.net,+915267534908,Ahmedabad,54,2024-06-28
CUST06819,Bahadurjit Bora,vidhimishra@example.org,7011899719,Pune,36,2023-02-26
CUST06820,Radhika Char,chakradhar84@example.org,04550732981,Delhi,18,2023-10-24
CUST06821,Farhan Shankar,jeetdayal@example.com,03981004040,Ahmedabad,61,2023-12-23
CUST06822,Gunbir Behl,chandraamara@example.net,4246901303,Bangalore,47,2023-12-23
CUST06823,Ekaja Hora,gaurav20@example.net,7411328428,Bangalore,51,2024-01-19
CUST06824,Zayan Deol,aggarwalishanvi@example.org,6920692753,Kolkata,57,2023-06-23
CUST06825,Shaurya Mitra,menonyashvi@example.com,05502571760,Jaipur,60,2023-04-01
CUST06826,Krisha Dhingra,mitalbishakha@example.com,09691591404,Bangalore,37,2023-12-07
CUST06827,Mohini Shukla,banjeet06@example.org,04525312183,Ahmedabad,36,2024-02-28
CUST06828,Aahana Issac,upasnachad@example.org,1690454592,Delhi,69,2024-04-17
CUST06829,Amruta Rai,tminhas@example.net,5984107686,Kolkata,18,2024-04-12
CUST06830,Dalbir Raju,bsarkar@example.net,+912066595690,Ahmedabad,20,2023-08-21
CUST06831,Vasana Nayak,yadavikale@example.com,+915599806696,Chennai,36,2024-06-23
CUST06832,Krisha Chand,bajwageorge@example.com,+912506607287,Surat,25,2023-07-30
CUST06833,Indali Mani,arinmukhopadhyay@example.com,+919641514256,Mumbai,49,2024-06-12
CUST06834,Chanakya Korpal,dalaja26@example.net,+917442882761,Kolkata,18,2024-06-08
CUST06835,Sudiksha Nigam,ahujaadvik@example.org,6005002694,Hyderabad,40,2023-05-26
CUST06836,Ranveer Goyal,harinakshinazareth@example.com,+916509409489,Mumbai,21,2023-08-03
CUST06837,Orinder Randhawa,bhavani83@example.net,+910336192519,Kolkata,26,2023-04-03
CUST06838,Mohini Lall,harshilray@example.org,4823824308,Pune,36,2023-06-05
CUST06839,Karan Mander,kmital@example.org,3993492588,Jaipur,60,2023-10-01
CUST06840,Jacob Kurian,shethwazir@example.net,7809713174,Jaipur,27,2023-10-15
CUST06841,Darika Vasa,csani@example.org,01946173269,Delhi,63,2024-05-11
CUST06842,Nandini Sachar,isaiah26@example.net,+914432569447,Kolkata,27,2023-02-21
CUST06843,Yutika Shere,yauvani00@example.org,04762238193,Chennai,45,2023-10-05
CUST06844,Ishita Babu,dalbir19@example.net,08944909359,Surat,23,2023-08-28
CUST06845,Harini Mannan,sarkarurishilla@example.net,+916373527343,Kolkata,32,2023-06-04
CUST06846,Vedhika Dhawan,kamya60@example.net,+910208056802,Mumbai,48,2023-11-04
CUST06847,Anamika Swaminathan,senguptaamaira@example.com,04912850406,Pune,33,2024-02-11
CUST06848,Barkha Shukla,shuklamahika@example.org,06344254060,Hyderabad,45,2023-06-21
CUST06849,Madhav Dutt,semgaurang@example.com,2193059067,Hyderabad,24,2023-08-08
CUST06850,Hemal Ramanathan,nsarna@example.com,0900477941,Kolkata,37,2023-08-30
CUST06851,Vasatika Sachar,hyogi@example.com,07499767976,Surat,37,2024-03-15
CUST06852,Damyanti Halder,psethi@example.com,+913334189209,Bangalore,54,2023-03-21
CUST06853,Libni Prakash,fcomar@example.net,00002754187,Hyderabad,61,2023-06-02
CUST06854,Kala Kunda,kpatel@example.net,05158419551,Pune,69,2024-06-07
CUST06855,Hardik Sheth,aadibuch@example.org,03080713130,Surat,26,2024-04-05
CUST06856,Pooja Gandhi,ksandhu@example.org,+912028250150,Chennai,34,2023-07-20
CUST06857,Shravya Jhaveri,wmenon@example.org,+916735127612,Bangalore,44,2023-10-24
CUST06858,Ekantika Bhatti,ochoudhry@example.com,0556842962,Jaipur,30,2023-10-31
CUST06859,Ekaja Palla,kala53@example.com,03969772326,Kolkata,37,2023-07-12
CUST06860,Yauvani Guha,raksha00@example.org,03946895960,Delhi,37,2024-06-26
CUST06861,Ranveer Wali,ksastry@example.org,02884070801,Surat,58,2023-08-22
CUST06862,Lila Chatterjee,chaitanya72@example.com,9774043968,Ahmedabad,52,2023-07-01
CUST06863,Christopher Kalla,chakrabortyharrison@example.org,+919184514309,Bangalore,42,2024-04-27
CUST06864,Neelima Gandhi,qramakrishnan@example.org,05359055042,Hyderabad,24,2023-07-03
CUST06865,Fariq Sura,nidhiravel@example.org,+916976366723,Bangalore,51,2023-10-11
CUST06866,Zarna Maharaj,logansinha@example.org,07015989020,Ahmedabad,62,2024-02-11
CUST06867,Nitara Natt,rayaan59@example.org,5963089578,Pune,50,2023-10-04
CUST06868,Janya Bandi,falak20@example.com,+913005483030,Pune,47,2024-04-26
CUST06869,Lohit Guha,leenaiyer@example.com,04433671019,Pune,45,2024-03-02
CUST06870,Farhan Merchant,mammengautam@example.org,03127557567,Ahmedabad,44,2024-01-28
CUST06871,Ridhi Subramanian,rastogimegha@example.com,+912987987994,Hyderabad,47,2023-05-22
CUST06872,Aahana Parikh,eta79@example.com,01494680104,Mumbai,53,2023-09-17
CUST06873,Damini Pillai,etank@example.net,+919338318348,Mumbai,67,2023-11-07
CUST06874,Lipika Kata,nagaraayush@example.org,08585738454,Hyderabad,23,2023-05-30
CUST06875,Januja Sampath,kroy@example.com,+912741762081,Bangalore,57,2023-11-23
CUST06876,Arin Nadkarni,wvaidya@example.com,02224250134,Kolkata,68,2023-12-22
CUST06877,Niharika Kala,lakshitraghavan@example.com,+910413877950,Chennai,55,2023-06-18
CUST06878,Ekiya Dalal,nadkarnibaljiwan@example.net,09772540299,Jaipur,41,2023-11-11
CUST06879,Wridesh Vasa,yashgara@example.org,01459102748,Bangalore,57,2023-12-26
CUST06880,Jyoti Date,shaurya61@example.com,6628906968,Jaipur,54,2024-04-16
CUST06881,Yash Bala,awarrior@example.org,7922130172,Kolkata,21,2023-05-31
CUST06882,Anvi Kari,ojas12@example.org,02552801822,Hyderabad,26,2023-10-01
CUST06883,Arin Mutti,amara49@example.org,01379837427,Hyderabad,60,2023-12-23
CUST06884,Falguni Kant,ekajakorpal@example.org,+913499660875,Mumbai,47,2023-09-02
CUST06885,Gaurika Panchal,gbhatti@example.org,+911583904599,Jaipur,47,2023-05-01
CUST06886,Yamini Kota,jairajratti@example.org,+914487411167,Mumbai,23,2023-12-04
CUST06887,Isha Ganguly,samaksh26@example.com,03467401342,Mumbai,35,2023-11-22
CUST06888,Orinder Gokhale,goyalonveer@example.com,+911238476999,Delhi,39,2023-02-27
CUST06889,Vidhi Kulkarni,lkoshy@example.com,+915234862977,Surat,24,2024-06-22
CUST06890,Saumya Manne,zilmilpatil@example.org,03606838205,Kolkata,54,2024-04-18
CUST06891,Manan Sarin,shivani76@example.org,09648733492,Ahmedabad,62,2023-12-11
CUST06892,Yashodhara Mishra,lokemichael@example.net,7026865570,Pune,21,2023-12-19
CUST06893,Vasudha Mann,raghavandominic@example.com,0450387247,Delhi,65,2023-08-08
CUST06894,Ayaan Rajan,doshikamya@example.org,+914074361584,Surat,61,2023-08-16
CUST06895,Darika Sandal,upmabumb@example.net,02678870670,Jaipur,65,2024-03-06
CUST06896,Veer Kata,sanghapriya@example.org,7476857411,Mumbai,62,2024-04-26
CUST06897,Nathaniel Balan,nchad@example.net,+913395782503,Chennai,51,2023-03-15
CUST06898,Sneha Edwin,vinaya84@example.org,0263800113,Bangalore,53,2023-10-13
CUST06899,Vritti Venkataraman,bainsdaksh@example.org,02431634089,Ahmedabad,26,2024-05-10
CUST06900,Varsha Lala,jagdish85@example.com,4482147484,Chennai,61,2023-03-25
CUST06901,Yoshita Badal,qabil72@example.org,00914223616,Bangalore,37,2024-05-11
CUST06902,Pavani Mammen,ektacontractor@example.com,+916922115208,Kolkata,64,2024-01-02
CUST06903,Chaman Varma,bhasinarya@example.com,+910947845198,Mumbai,69,2023-06-25
CUST06904,Garima Varma,lohit75@example.net,+914911715993,Ahmedabad,57,2023-11-03
CUST06905,Anusha Reddy,bkhalsa@example.net,02385340218,Chennai,25,2023-10-15
CUST06906,Vasatika Samra,falguniandra@example.net,+913717821745,Delhi,18,2023-05-28
CUST06907,Anusha Parikh,qadimchakrabarti@example.com,0814832029,Bangalore,56,2024-05-27
CUST06908,Yadavi Mukherjee,nitarabail@example.net,+916201335775,Delhi,51,2023-03-15
CUST06909,Mekhala Mani,nishakhatri@example.net,2685234300,Delhi,33,2023-11-13
CUST06910,Yash Bose,yashodabath@example.com,+917168350299,Chennai,24,2023-10-06
CUST06911,Widisha Chahal,aahana45@example.net,5056170564,Ahmedabad,19,2024-06-18
CUST06912,Yahvi Gala,cshankar@example.org,02635601309,Jaipur,46,2024-02-10
CUST06913,Charita Rau,evala@example.com,+912424253486,Hyderabad,21,2023-09-13
CUST06914,Fiyaz Cherian,dpandey@example.net,+916779513324,Delhi,37,2024-06-12
CUST06915,Simon Narain,tarakgade@example.org,+919199813852,Hyderabad,48,2023-08-09
CUST06916,Ekavir Bir,cbaria@example.net,04717332368,Bangalore,70,2023-08-13
CUST06917,Frederick Sachar,lucky01@example.org,09121044768,Chennai,52,2024-05-14
CUST06918,Chatresh Narang,katautkarsh@example.com,+917105090897,Kolkata,70,2023-04-15
CUST06919,Samaksh Narayan,fdoctor@example.com,02431632540,Surat,61,2023-07-05
CUST06920,Jhalak Chaudhary,galazaid@example.net,00150243406,Ahmedabad,60,2023-09-28
CUST06921,Divya Lala,georgebora@example.net,00742091418,Surat,25,2023-12-04
CUST06922,Kai Hans,pprashad@example.org,4763398583,Hyderabad,27,2024-02-01
CUST06923,Upma Narayan,hram@example.org,1378432600,Mumbai,29,2023-05-30
CUST06924,Qadim Zacharia,qchad@example.net,+919175298969,Bangalore,70,2023-08-31
CUST06925,Darpan Golla,marya@example.org,03636525946,Chennai,28,2023-12-22
CUST06926,Chakradhar Kibe,hardiklad@example.org,4403684192,Jaipur,65,2023-06-09
CUST06927,Ikshita Sami,bahadurjitsibal@example.com,2503777658,Jaipur,30,2023-07-26
CUST06928,Yatan Prashad,urastogi@example.org,4426215438,Ahmedabad,48,2023-07-31
CUST06929,Darika Dara,hbose@example.net,00233921853,Kolkata,36,2023-10-08
CUST06930,Yatin Anand,kmisra@example.com,+912880968075,Delhi,55,2023-11-27
CUST06931,Jeremiah Rastogi,qadimnatarajan@example.org,3868276093,Ahmedabad,41,2024-03-04
CUST06932,Upkaar Mangat,jonathan05@example.com,+916477150273,Kolkata,43,2023-05-10
CUST06933,Neel Lad,champakmani@example.com,1085858253,Hyderabad,62,2024-06-22
CUST06934,Urishilla Tripathi,kuriansudiksha@example.net,09936883762,Delhi,47,2024-04-04
CUST06935,Kashish Bhatia,qreddy@example.net,+919723902709,Hyderabad,70,2024-05-19
CUST06936,Kashvi Mistry,adweta14@example.net,+911689768304,Hyderabad,27,2023-02-14
CUST06937,Hemani Jani,dayallogan@example.com,+910294578493,Mumbai,36,2023-03-05
CUST06938,Naveen Bhatt,kpall@example.org,+915399000811,Ahmedabad,25,2024-01-21
CUST06939,Sara Raju,chakradev71@example.net,7462942921,Surat,42,2024-03-04
CUST06940,Divya Bassi,brijeshdasgupta@example.org,4128453732,Mumbai,55,2023-09-08
CUST06941,Wakeeta Kannan,wriddhish03@example.com,04437755437,Kolkata,20,2023-02-21
CUST06942,Darika Panchal,rajeshri11@example.com,09950060002,Surat,46,2023-04-17
CUST06943,Leena Sami,nisha03@example.org,7705645296,Mumbai,40,2024-01-14
CUST06944,Bhavna Zacharia,xavier48@example.net,+916528077345,Bangalore,47,2024-02-19
CUST06945,Yash Balan,etareddy@example.org,00835939944,Ahmedabad,35,2023-03-04
CUST06946,Luke Subramaniam,osha84@example.net,03300506826,Mumbai,28,2024-04-24
CUST06947,Warinder Palla,kabirgour@example.com,07757636018,Pune,50,2023-10-13
CUST06948,Girik Doshi,pchauhan@example.net,07996400633,Jaipur,31,2023-08-15
CUST06949,Janya Andra,chasmummanda@example.net,9126102548,Pune,63,2024-01-14
CUST06950,Udyati Naidu,logansethi@example.org,5186195714,Jaipur,42,2023-04-11
CUST06951,Udyati Kuruvilla,yatin43@example.org,+913022151751,Jaipur,22,2023-06-14
CUST06952,Daksha Ravel,doradalbir@example.net,02059178428,Bangalore,59,2024-05-06
CUST06953,Yahvi Suresh,umutti@example.com,4713361391,Bangalore,40,2023-03-18
CUST06954,Kala Soni,akala@example.com,07032619890,Surat,39,2023-08-31
CUST06955,Yamini Raghavan,lkant@example.com,2807222981,Ahmedabad,63,2024-04-27
CUST06956,Zarna Menon,brijesh53@example.com,+916048556739,Bangalore,35,2023-08-13
CUST06957,Amara Rai,aishani11@example.org,+919736911755,Kolkata,43,2023-10-05
CUST06958,Joshua Bir,okapadia@example.org,0686403563,Delhi,59,2023-03-07
CUST06959,Warda Gulati,darikasastry@example.com,02538630631,Ahmedabad,42,2023-08-17
CUST06960,Jacob Bakshi,sharmazaid@example.net,09157488259,Ahmedabad,56,2024-05-18
CUST06961,Samar Ghose,pradhanmax@example.com,7223851328,Bangalore,54,2024-03-08
CUST06962,Wyatt Kapadia,iradhakrishnan@example.net,07127723232,Jaipur,67,2023-04-06
CUST06963,Vasudha Zacharia,zsibal@example.net,0210745414,Jaipur,34,2023-06-16
CUST06964,Jatin Sathe,raagini37@example.org,0992016582,Bangalore,62,2024-04-08
CUST06965,Akshay Nair,jraman@example.net,+910733847584,Pune,55,2023-12-26
CUST06966,Osha Brar,indiradewan@example.net,+912528215183,Surat,40,2024-05-21
CUST06967,Balhaar Lad,michael38@example.com,3148407590,Surat,57,2024-02-26
CUST06968,Barkha Sant,eganesh@example.net,+914898790171,Hyderabad,22,2023-07-08
CUST06969,Hemangini Tank,pandeyyauvani@example.net,09844812043,Mumbai,19,2023-03-29
CUST06970,Xavier Solanki,zinal55@example.org,+917361802429,Bangalore,32,2023-12-13
CUST06971,Tanish Sur,umanggole@example.org,+913113995526,Delhi,60,2023-08-13
CUST06972,Ira Naik,venkataramansachi@example.net,+917394168730,Delhi,49,2024-03-26
CUST06973,Ojas Deol,owenparikh@example.net,05552159783,Ahmedabad,38,2023-11-20
CUST06974,Hemani Agate,ckamdar@example.com,09694113939,Chennai,67,2024-06-29
CUST06975,Samarth Wadhwa,grewalnaveen@example.org,04932005351,Chennai,24,2023-07-14
CUST06976,Oliver Dubey,dadajairaj@example.org,2079078347,Bangalore,64,2023-06-06
CUST06977,Nirja Devan,waida69@example.org,2228074022,Hyderabad,66,2023-07-02
CUST06978,Ijaya Din,ndani@example.org,06974868454,Hyderabad,22,2023-12-04
CUST06979,Aadhya Sarma,aryalaksh@example.com,2675731335,Mumbai,57,2023-07-10
CUST06980,Reva Chad,kalpit33@example.com,+919368145491,Kolkata,25,2023-04-20
CUST06981,Xavier Konda,shravya96@example.org,2275134534,Mumbai,65,2024-03-26
CUST06982,Chaman Thakur,joshuaprashad@example.org,5509761284,Delhi,46,2024-05-18
CUST06983,Vidhi Kanda,imaranmutti@example.com,+916216998336,Pune,56,2024-03-18
CUST06984,Yutika Lad,henrytandon@example.net,+913466520296,Mumbai,29,2024-02-18
CUST06985,Onveer Singhal,unnichaudhry@example.net,2391304311,Pune,24,2024-06-14
CUST06986,Nakul Dasgupta,charvi68@example.org,05153777183,Ahmedabad,42,2024-05-18
CUST06987,Mahika Mahajan,suraati@example.com,8627012680,Bangalore,58,2023-09-01
CUST06988,Upkaar Ramesh,ishani07@example.com,+916043625328,Surat,53,2023-05-27
CUST06989,Tamanna Bhalla,rudrasandal@example.net,2385991672,Chennai,30,2023-11-26
CUST06990,Tripti Parmer,mdass@example.org,02111314480,Kolkata,49,2023-06-28
CUST06991,Neelima Kashyap,faraj42@example.org,+913483394619,Ahmedabad,61,2024-06-10
CUST06992,Ethan Ramaswamy,zilmil12@example.org,+910338932060,Kolkata,32,2024-04-18
CUST06993,Gauri Ghosh,utkarshdada@example.com,+918290198146,Chennai,65,2024-01-10
CUST06994,Ekta Memon,surkamala@example.net,3851628615,Bangalore,45,2024-05-26
CUST06995,Gaurav Dhar,inayachaudry@example.org,05858783352,Jaipur,69,2023-11-04
CUST06996,Amrita Prashad,triveni52@example.org,9973841319,Chennai,23,2023-09-21
CUST06997,Chatura Sant,vtaneja@example.org,+918178895300,Surat,19,2024-02-27
CUST06998,Chavvi Raval,mohiniprasad@example.com,9507246633,Delhi,31,2023-11-03
CUST06999,Qushi Krish,wahabmuni@example.com,+918543893844,Mumbai,69,2024-04-05
CUST07000,Shivansh Pathak,apathak@example.org,04340006824,Bangalore,18,2024-01-03
CUST07001,Eshana Chana,hemathaman@example.org,+917062752440,Pune,67,2024-03-16
CUST07002,Vrinda Chaudry,farasprakash@example.org,02151996244,Hyderabad,54,2023-09-04
CUST07003,Lohit Tata,jmahajan@example.com,+915091261110,Jaipur,22,2023-11-16
CUST07004,Ayush Sahni,wkale@example.org,9136830603,Pune,29,2023-09-19
CUST07005,Odika Roy,neelima22@example.net,+918209855794,Jaipur,49,2024-03-04
CUST07006,Aarav Kumar,omisha72@example.net,+919249789952,Chennai,31,2023-07-10
CUST07007,Chatresh Das,oakjatin@example.net,+912366154007,Surat,70,2023-09-04
CUST07008,Harshil Hayre,dixitchameli@example.com,9753837582,Ahmedabad,50,2024-05-15
CUST07009,Omaja Apte,patrickmani@example.org,08321528454,Pune,40,2023-08-09
CUST07010,Kashvi Chander,abhiramchana@example.com,+913935986345,Surat,53,2024-05-14
CUST07011,Liam Sachar,shankardamini@example.org,+917450051190,Bangalore,69,2024-01-02
CUST07012,Eta Subramaniam,madanati@example.org,+917085184506,Delhi,46,2023-03-12
CUST07013,Vivaan Atwal,bhatiasamaksh@example.org,+914522441425,Hyderabad,58,2024-02-08
CUST07014,Finn Parmer,yashawiniraghavan@example.com,01365676666,Hyderabad,22,2023-02-25
CUST07015,Jalsa Mohan,xvig@example.net,3184680464,Surat,23,2023-09-14
CUST07016,Farhan Rama,tandonvarenya@example.org,02074123042,Bangalore,68,2023-07-02
CUST07017,Sanaya Boase,jagdish19@example.net,7078210210,Jaipur,37,2023-11-22
CUST07018,Damyanti Varughese,onveer17@example.org,3774430052,Delhi,25,2023-03-04
CUST07019,Madhav Sarin,harita81@example.org,06921873213,Ahmedabad,32,2023-11-12
CUST07020,Pooja Som,patelwazir@example.net,05213962558,Mumbai,56,2024-02-20
CUST07021,Zayyan Chadha,pratyush42@example.net,2692830537,Jaipur,39,2023-04-16
CUST07022,Chandani Chakrabarti,ijaya54@example.org,01292391908,Mumbai,32,2023-03-29
CUST07023,Isha Bansal,gauravsachdeva@example.org,4886476957,Kolkata,34,2023-04-21
CUST07024,Lohit Singhal,dhruvacharya@example.org,8616268482,Hyderabad,63,2023-08-13
CUST07025,Owen Prakash,lalldiya@example.com,+917177074817,Pune,22,2024-05-17
CUST07026,Aditya Sha,darmadhav@example.net,+910120285874,Bangalore,36,2023-09-30
CUST07027,Sarthak Pingle,auroranoah@example.net,08969284997,Delhi,52,2023-05-18
CUST07028,Udant Uppal,yogireyansh@example.net,03363631544,Surat,33,2023-03-22
CUST07029,Kritika Rau,xrao@example.net,+914651099202,Jaipur,57,2024-03-07
CUST07030,Qarin Nath,vaishnavi86@example.net,00324496726,Jaipur,37,2023-10-22
CUST07031,Mohammed Ben,ysinha@example.org,05545859247,Hyderabad,57,2024-03-05
CUST07032,Zaitra Mitter,yahvibail@example.org,8957213622,Mumbai,52,2023-11-24
CUST07033,Gavin Mand,mittalvihaan@example.com,3377853334,Delhi,55,2023-05-18
CUST07034,Chavvi Baria,balendrabhattacharyya@example.org,03695211588,Ahmedabad,34,2023-12-11
CUST07035,Anthony Sant,ysood@example.org,03625166006,Mumbai,20,2023-06-20
CUST07036,Shravya Kamdar,karanbadal@example.com,+917842076952,Pune,44,2024-06-05
CUST07037,Anay Bhandari,kondabimala@example.org,07676728739,Kolkata,30,2023-06-24
CUST07038,Vanya Basu,aahana83@example.net,+917362289014,Pune,66,2023-07-25
CUST07039,Zehaan Jani,omyagala@example.org,+910830370056,Mumbai,26,2024-01-31
CUST07040,Robert Kata,zehaandesai@example.org,2162910410,Chennai,53,2024-04-14
CUST07041,Faris Kapadia,omisha80@example.net,03053829032,Pune,66,2023-09-25
CUST07042,Qushi Ganguly,nsarma@example.org,3659239818,Mumbai,33,2023-05-08
CUST07043,Abhimanyu Sharaf,guneet00@example.net,+910942584872,Ahmedabad,22,2023-02-23
CUST07044,Orinder Master,jbail@example.org,06862140380,Surat,57,2024-03-17
CUST07045,Vaishnavi Saran,gaurikapillai@example.com,9479674145,Mumbai,40,2024-06-14
CUST07046,Elijah Dhingra,rbehl@example.net,07029891850,Delhi,44,2023-06-10
CUST07047,Zayyan Saxena,taraekansh@example.com,+915002805731,Surat,65,2024-01-15
CUST07048,Charles Boase,anvisrivastava@example.org,+911974244205,Surat,23,2023-10-04
CUST07049,Thomas Suresh,odika20@example.org,+913851837891,Jaipur,48,2024-03-05
CUST07050,Harita Pradhan,saniamrita@example.com,+914749415673,Bangalore,35,2024-05-15
CUST07051,Brinda Gokhale,psolanki@example.org,+915320372488,Mumbai,24,2023-07-14
CUST07052,Panini Lal,ydey@example.net,02628943820,Mumbai,49,2023-06-05
CUST07053,Kiaan Kulkarni,bishakhakhanna@example.com,1652289492,Jaipur,32,2023-09-25
CUST07054,Manya Som,aahanalad@example.com,+910404589996,Pune,45,2023-07-20
CUST07055,Gabriel Soni,keerreva@example.com,0150621611,Ahmedabad,37,2023-09-25
CUST07056,Krishna Kapur,adityasoni@example.org,02253642073,Chennai,19,2023-09-17
CUST07057,Yochana Naidu,lsama@example.com,8483630005,Mumbai,19,2023-12-06
CUST07058,Yashvi Balakrishnan,odika96@example.net,02117251576,Chennai,52,2023-07-15
CUST07059,Hemani Mani,uramaswamy@example.com,+911163082345,Surat,42,2024-02-08
CUST07060,Warinder Mukhopadhyay,ishwarbutala@example.com,+910181805910,Mumbai,53,2024-03-09
CUST07061,Aayush Dubey,urviwable@example.com,04387526119,Ahmedabad,21,2024-03-28
CUST07062,Aadi Kata,bavamitesh@example.org,7759982303,Hyderabad,67,2024-06-06
CUST07063,Manbir Oza,krishnalad@example.com,04185778392,Hyderabad,62,2024-03-22
CUST07064,Veer Dar,vidhi04@example.org,+915788150212,Bangalore,45,2024-01-06
CUST07065,Oeshi De,chadoviya@example.net,07534475619,Hyderabad,53,2023-07-29
CUST07066,Widisha Grewal,lavanyabutala@example.com,05389203928,Bangalore,25,2024-01-20
CUST07067,Jatin Loyal,malhotraxiti@example.org,6388300385,Ahmedabad,25,2024-01-08
CUST07068,Vrishti Parsa,riyaray@example.org,4867803276,Surat,41,2023-10-15
CUST07069,Damyanti Srinivasan,madhav71@example.org,3037915439,Pune,30,2023-04-08
CUST07070,Yauvani Barad,hmemon@example.org,01345603171,Pune,45,2024-04-13
CUST07071,Netra Ahluwalia,pranavchaudhry@example.org,4056464333,Mumbai,33,2023-12-26
CUST07072,Jyoti Nazareth,turviwarrior@example.org,+910214518656,Chennai,23,2024-06-24
CUST07073,Januja Dey,manneoni@example.org,+913064220754,Surat,18,2023-10-25
CUST07074,Upasna Naidu,rdhar@example.net,8623455759,Chennai,44,2024-05-23
CUST07075,Vaishnavi Parmar,mdara@example.net,+910077480281,Jaipur,54,2023-12-29
CUST07076,Jeevika Pall,aurorasamarth@example.org,+917522240463,Mumbai,69,2024-04-10
CUST07077,Vasatika Murty,timothy67@example.org,1176021706,Mumbai,64,2023-03-10
CUST07078,Yashodhara Soni,naveen95@example.net,4185487816,Chennai,70,2023-07-18
CUST07079,Dalbir Rajan,datejagrati@example.org,01784504394,Mumbai,22,2024-02-23
CUST07080,Advika Gole,sandhuurmi@example.net,+912444285095,Mumbai,26,2023-12-22
CUST07081,Faris Sampath,mandaprisha@example.com,+912844610605,Ahmedabad,29,2023-04-22
CUST07082,Darpan Rastogi,ikbal24@example.com,4737058173,Kolkata,20,2023-04-08
CUST07083,Yatan Sagar,thakurpeter@example.org,+919012087416,Pune,40,2023-09-28
CUST07084,Rudra Walla,godadev@example.net,2016939679,Surat,59,2023-02-17
CUST07085,Thomas Nayak,skaul@example.net,09052968770,Chennai,36,2023-04-13
CUST07086,Jackson Krishna,ddugal@example.com,+917456378839,Bangalore,56,2024-06-25
CUST07087,Leela Kashyap,chaaya79@example.net,+919339319004,Hyderabad,48,2024-01-15
CUST07088,Nandini Natarajan,anita00@example.net,07019696648,Delhi,60,2024-02-24
CUST07089,Irya Sandhu,oguha@example.net,+911976994599,Delhi,22,2024-02-18
CUST07090,Lipika Gour,laksh92@example.org,+918362720721,Kolkata,52,2023-10-19
CUST07091,Sudiksha Mitra,falaknayar@example.net,0248302333,Chennai,49,2023-07-22
CUST07092,Lakshit Virk,wazir42@example.com,4551274861,Pune,32,2024-02-18
CUST07093,Pooja Bora,raaginiratta@example.com,+910360031548,Ahmedabad,63,2024-02-16
CUST07094,Jacob Mangat,devika81@example.net,4745176984,Kolkata,41,2023-10-22
CUST07095,Charles Soni,tailorgauri@example.com,2703084490,Jaipur,36,2024-06-12
CUST07096,Krisha Andra,chatresh92@example.net,03663346883,Chennai,51,2024-02-10
CUST07097,Jhalak Morar,madhav35@example.com,04759784884,Kolkata,38,2023-06-12
CUST07098,Urvashi Hari,nirjayadav@example.com,06892542925,Jaipur,50,2023-10-02
CUST07099,Thomas Mangat,andraanita@example.com,04247304174,Delhi,21,2023-11-26
CUST07100,Tristan Pai,jpuri@example.org,08039997875,Pune,44,2023-07-30
CUST07101,Aarnav Modi,rastogianvi@example.net,+910148444993,Surat,49,2023-04-08
CUST07102,Yuvraj Bhargava,guneetchowdhury@example.net,06566747179,Kolkata,23,2023-09-04
CUST07103,Tara Balakrishnan,balveer18@example.net,+912325973668,Chennai,26,2023-10-10
CUST07104,Harita Parikh,hsolanki@example.org,9273248042,Jaipur,32,2024-04-20
CUST07105,Jacob Rajan,barkhakapadia@example.com,07746381813,Kolkata,65,2024-01-01
CUST07106,Ekantika Nagi,sara46@example.com,+913248182039,Jaipur,31,2024-04-22
CUST07107,Dhriti Lalla,bandidipta@example.com,+915279299650,Delhi,41,2023-06-08
CUST07108,Bhavika Swaminathan,jacob63@example.org,0838784322,Bangalore,20,2023-05-19
CUST07109,Kiaan Din,andrayashoda@example.org,8293870241,Chennai,62,2024-04-07
CUST07110,Matthew Chahal,amolraja@example.net,+911420541059,Ahmedabad,59,2023-04-26
CUST07111,Sudiksha Agarwal,sacharmadhav@example.org,0469953996,Ahmedabad,25,2023-12-13
CUST07112,Alexander Tella,jeevika62@example.net,+911346121542,Mumbai,49,2023-02-20
CUST07113,Bishakha Mittal,loyalfalan@example.org,+915609131825,Mumbai,35,2024-02-16
CUST07114,Gaurav Chacko,handabhavya@example.net,8519121821,Kolkata,55,2024-06-21
CUST07115,Yashica Suresh,atripathi@example.org,2452698892,Hyderabad,37,2024-02-15
CUST07116,Chanchal Gour,saanvishere@example.org,+919641356530,Delhi,21,2023-07-03
CUST07117,Laksh Sharma,ikbalpatla@example.net,6190452365,Kolkata,57,2023-08-28
CUST07118,Zansi Chanda,varsha44@example.com,+913663572099,Hyderabad,49,2023-07-13
CUST07119,Aayush Mandal,kiaanraju@example.net,1611137692,Mumbai,42,2023-06-17
CUST07120,Ranbir Lala,naiduarya@example.org,+918928326328,Hyderabad,46,2023-02-24
CUST07121,Dhriti Nagar,girish97@example.org,07395517663,Mumbai,32,2023-12-27
CUST07122,Aishani Sekhon,yganguly@example.net,05328457293,Chennai,42,2024-03-21
CUST07123,Aryan Walla,jasmitmall@example.net,+918699336855,Bangalore,60,2023-08-24
CUST07124,Bimala Gara,naikviraj@example.org,00868393839,Hyderabad,52,2024-02-10
CUST07125,Ekta Andra,geetika50@example.net,+913330273949,Mumbai,60,2023-09-16
CUST07126,Ekiya Saxena,demegha@example.net,03015033431,Kolkata,20,2023-07-18
CUST07127,Rachana Dani,yashodhara73@example.com,02622106317,Jaipur,66,2024-04-15
CUST07128,Kala Mital,jsaraf@example.com,04768747567,Pune,19,2023-04-23
CUST07129,Rachita Zachariah,bhasinamara@example.org,+917497378140,Surat,66,2023-05-24
CUST07130,Rudra Boase,isharma@example.com,04646913727,Pune,34,2023-08-17
CUST07131,Daksha Sane,manibanjeet@example.com,06045514815,Surat,31,2023-07-06
CUST07132,Jai Bhat,nikitasarna@example.com,6826895532,Mumbai,39,2024-03-14
CUST07133,Mahika Bumb,warhibhatti@example.org,03638564931,Surat,45,2023-08-24
CUST07134,Warhi Basak,mmorar@example.com,3581155240,Hyderabad,68,2023-09-16
CUST07135,Gaurav Bhatti,psagar@example.com,04505228881,Mumbai,69,2024-04-01
CUST07136,Zashil Mammen,veer13@example.net,+910513448384,Delhi,53,2023-04-24
CUST07137,Urmi Dave,mason70@example.org,+917135948686,Hyderabad,64,2023-03-28
CUST07138,Libni Mittal,chakradev54@example.org,4941035586,Kolkata,52,2023-04-17
CUST07139,Peter Dyal,zgrewal@example.net,+916497859639,Ahmedabad,45,2023-03-10
CUST07140,Oni Sane,vanyabanik@example.org,+916067283381,Surat,64,2024-03-31
CUST07141,Girish Doctor,dalajamaharaj@example.org,03008282958,Surat,67,2023-04-04
CUST07142,Advaith Singhal,aayush40@example.net,03118631471,Jaipur,34,2023-08-14
CUST07143,Raagini Saran,bajwadaksh@example.org,+913738578028,Bangalore,42,2024-04-29
CUST07144,Praneel Cherian,dayamairajagopalan@example.org,8885873782,Ahmedabad,65,2023-06-08
CUST07145,Chatresh Das,jchoudhary@example.org,02111567430,Chennai,26,2024-06-18
CUST07146,Yasti Tella,chadaanvi@example.com,+916511916671,Mumbai,35,2024-03-24
CUST07147,Aadi Krish,dmital@example.com,+914702668103,Kolkata,23,2023-03-19
CUST07148,Zehaan Radhakrishnan,apal@example.com,+910422583683,Chennai,67,2024-06-13
CUST07149,Bina Jani,ekavirsuri@example.net,3055876821,Jaipur,36,2023-06-14
CUST07150,Manbir Prashad,hritiksalvi@example.com,7332351156,Pune,54,2023-05-23
CUST07151,Warhi Mahal,fraju@example.net,00208578829,Hyderabad,20,2023-10-29
CUST07152,Chaaya Mann,vedikapalla@example.net,+918576777441,Surat,35,2024-03-15
CUST07153,Gayathri Sodhi,ladvidhi@example.com,01248344521,Pune,35,2023-03-31
CUST07154,Shivansh Narain,avala@example.org,+919068220758,Kolkata,68,2023-07-12
CUST07155,Kai Bhatnagar,rohan45@example.org,05249963055,Surat,18,2023-08-26
CUST07156,Aryan Hans,ashanker@example.org,4661590524,Delhi,37,2023-07-11
CUST07157,Luke Trivedi,vanshakoshy@example.net,+916495122544,Surat,60,2023-11-30
CUST07158,Madhavi Khatri,netra39@example.net,1829090582,Pune,34,2023-12-06
CUST07159,Shivansh Bora,samuel65@example.net,+913504969295,Bangalore,46,2023-04-17
CUST07160,Ojasvi Oommen,zinal07@example.org,05476038304,Ahmedabad,19,2023-07-31
CUST07161,Ikshita Hari,gaurangchanda@example.net,1292853208,Ahmedabad,18,2023-04-05
CUST07162,Yug Chakraborty,siddharth96@example.com,+918899904512,Ahmedabad,20,2023-03-31
CUST07163,Jairaj Luthra,sanghvitanvi@example.net,+918555079059,Pune,48,2023-10-15
CUST07164,Vyanjana Bhavsar,yugborra@example.org,0396361043,Jaipur,31,2024-02-29
CUST07165,Falan Rajagopalan,vsura@example.net,03633237185,Hyderabad,21,2023-09-17
CUST07166,Lekha Tailor,patilekansh@example.net,+913476323850,Surat,23,2023-12-08
CUST07167,Bhanumati Doctor,yohannankamya@example.org,+916972593338,Kolkata,57,2023-03-25
CUST07168,Yochana Bedi,gaurimunshi@example.net,7903107385,Jaipur,38,2023-04-21
CUST07169,Yadavi Kamdar,girish73@example.com,08202780968,Delhi,46,2024-01-16
CUST07170,Tara Tella,upillay@example.com,02351567466,Bangalore,34,2023-06-23
CUST07171,Ansh Chana,ybahri@example.org,+919360461102,Kolkata,34,2023-03-28
CUST07172,Dayamai Verma,warda95@example.net,00512303352,Ahmedabad,26,2024-06-27
CUST07173,Faris Mishra,falak03@example.org,8582448564,Chennai,58,2023-02-20
CUST07174,Brinda Dani,waida15@example.com,+919113199830,Bangalore,27,2023-11-10
CUST07175,Unni Seshadri,maanavkade@example.net,3135732469,Surat,59,2024-02-10
CUST07176,Vrishti Patel,azaanmody@example.net,+910414670109,Mumbai,32,2024-05-19
CUST07177,Krisha Barad,ishitacheema@example.net,02787504391,Delhi,59,2023-07-17
CUST07178,Priya Tank,vrittisahni@example.org,+912209653939,Mumbai,29,2023-09-23
CUST07179,Kalpit Pathak,hgrewal@example.com,+917874775566,Jaipur,46,2024-01-03
CUST07180,Charita Rege,semabhimanyu@example.com,5435115879,Surat,38,2023-04-10
CUST07181,Kalpit Srinivas,nathaniel04@example.org,5845214976,Mumbai,53,2023-10-19
CUST07182,Oni Jaggi,mohinichacko@example.net,7013541627,Chennai,21,2024-03-26
CUST07183,Henry Lal,karaashi@example.org,+918552979545,Kolkata,34,2023-08-17
CUST07184,Unni Palla,ridhirama@example.org,+918510798043,Mumbai,61,2023-04-15
CUST07185,Daksha Modi,kashvi01@example.com,+912579388597,Pune,52,2023-04-05
CUST07186,Chaitanya Kamdar,msandal@example.com,00379634737,Mumbai,56,2024-01-08
CUST07187,Pranit Pandya,sacharrajata@example.net,0666988198,Chennai,40,2023-02-25
CUST07188,Ekantika Chopra,inaya37@example.net,00076583413,Delhi,22,2024-01-04
CUST07189,Aarna D’Alia,chakradevsodhi@example.com,4182541515,Jaipur,46,2024-05-21
CUST07190,Hredhaan Mani,charvikari@example.net,4485886863,Delhi,50,2023-06-02
CUST07191,Shravya Ghose,ethanyogi@example.org,+913223714287,Delhi,33,2024-03-11
CUST07192,Zaitra Venkatesh,raghavanshaurya@example.org,0273995585,Chennai,38,2023-06-28
CUST07193,Kiaan Bora,chandranraagini@example.net,+916876437391,Surat,41,2023-10-28
CUST07194,Bhavika Nagarajan,hwable@example.net,07995439218,Hyderabad,22,2024-06-02
CUST07195,Arjun Kulkarni,miteshmukherjee@example.net,08268480543,Hyderabad,36,2023-08-10
CUST07196,Forum Bhakta,comarsai@example.org,09282512517,Bangalore,19,2023-05-12
CUST07197,Wriddhish Pandit,zyadav@example.com,+914871516171,Pune,56,2023-07-13
CUST07198,Urishilla Barman,peter38@example.org,06362655592,Pune,39,2023-06-09
CUST07199,Wyatt Sarkar,champak48@example.com,08789955225,Hyderabad,59,2023-08-24
CUST07200,Urvashi Saxena,dayitasaran@example.net,9841474726,Pune,48,2023-12-02
CUST07201,Pratyush Basu,gulatiriya@example.org,+919778561026,Kolkata,57,2023-07-30
CUST07202,Bachittar Mangal,kabirtara@example.net,0317791994,Mumbai,28,2023-03-28
CUST07203,Nidra Bhargava,wsharaf@example.org,02108870561,Pune,20,2023-10-15
CUST07204,Hritik Suri,darikasunder@example.com,+913959493894,Kolkata,27,2023-03-13
CUST07205,Leela Zachariah,siddharth47@example.net,06288714186,Surat,19,2023-05-02
CUST07206,Lakshmi Chahal,swason@example.net,04300542333,Delhi,56,2023-08-21
CUST07207,Ira Krish,gsule@example.com,+916290773052,Chennai,69,2023-05-06
CUST07208,Zayan Deshmukh,kshenoy@example.com,03546640443,Pune,50,2023-04-20
CUST07209,Oliver Kumer,suhani49@example.com,2026144815,Jaipur,68,2023-03-22
CUST07210,Vihaan Sarkar,aarini21@example.com,07004624392,Surat,63,2024-01-23
CUST07211,Yamini Swaminathan,lguha@example.org,+917299833615,Pune,31,2023-09-14
CUST07212,Tanvi Taneja,zchaudry@example.com,+910918256128,Hyderabad,55,2023-04-17
CUST07213,Eta Parekh,duahitesh@example.net,09906737197,Mumbai,60,2024-05-17
CUST07214,Baghyawati Prabhu,ctak@example.net,00938202071,Bangalore,42,2024-04-01
CUST07215,Hemani Khanna,idika89@example.net,07978360825,Delhi,22,2023-08-20
CUST07216,Nidra Dutt,bhavsarbahadurjit@example.com,06379916505,Chennai,54,2024-03-17
CUST07217,Hardik Ravi,raoyadavi@example.com,+910337880140,Jaipur,54,2024-05-08
CUST07218,Bhanumati Tata,jloke@example.org,+910275237780,Jaipur,64,2023-04-14
CUST07219,Yachana Randhawa,yadavi87@example.net,+911205737909,Hyderabad,52,2023-03-03
CUST07220,Jatin Yadav,vermatimothy@example.com,+914653873647,Delhi,51,2023-07-13
CUST07221,Saumya Bhalla,usuresh@example.com,+918347983800,Mumbai,56,2023-07-21
CUST07222,Chameli Agarwal,gourvritti@example.net,+917799019297,Ahmedabad,60,2024-03-01
CUST07223,Lopa Nagar,priya34@example.com,+913842579652,Jaipur,51,2024-02-18
CUST07224,Udyati Walia,karanojas@example.net,07576921466,Ahmedabad,38,2024-06-10
CUST07225,Arunima Natt,sahotaamrita@example.net,06368651863,Kolkata,30,2023-10-24
CUST07226,Utkarsh Aurora,kalayutika@example.com,+913794437662,Surat,36,2023-08-26
CUST07227,Shivani Gera,nidhimutti@example.org,4885868662,Chennai,39,2023-07-13
CUST07228,Pranav Bhatnagar,dalajabawa@example.com,04454571408,Chennai,69,2024-06-05
CUST07229,Rajata Yohannan,reyansh72@example.org,8116493502,Pune,32,2023-06-22
CUST07230,Aarna Sheth,tkalla@example.com,+919082682805,Ahmedabad,38,2023-06-25
CUST07231,Abeer Sankar,ekantikadass@example.org,08100433287,Delhi,62,2024-06-04
CUST07232,Henry Thakkar,lviswanathan@example.com,01548193562,Chennai,46,2023-11-17
CUST07233,Ekalinga Lad,gaurangidada@example.com,+912442472569,Hyderabad,41,2024-03-10
CUST07234,Pallavi Swamy,chakrabortyabdul@example.net,00482093043,Delhi,40,2023-08-04
CUST07235,Fiyaz Hegde,meera53@example.com,05823978835,Jaipur,50,2023-09-03
CUST07236,Jack Manda,buchtripti@example.net,+915126951350,Delhi,41,2023-07-04
CUST07237,Bhavya Banik,chaitanyathakkar@example.net,+911132411949,Ahmedabad,56,2023-06-28
CUST07238,Jacob Sathe,harita94@example.org,+915116841620,Chennai,46,2024-05-08
CUST07239,Indira Puri,trivediraagini@example.org,+918917942109,Hyderabad,32,2024-04-01
CUST07240,Jalsa Sant,arunima02@example.org,9467698611,Surat,70,2024-02-03
CUST07241,Amrita Agate,lalafaras@example.org,05442321143,Bangalore,52,2023-05-09
CUST07242,Amol Sridhar,ekantikadeep@example.net,01415307830,Chennai,67,2024-04-05
CUST07243,Harrison Prasad,ychahal@example.org,+918618243661,Hyderabad,61,2024-04-18
CUST07244,Rayaan Bajaj,pallavi11@example.com,2391468015,Surat,60,2024-04-30
CUST07245,Abha Kumar,shroffpallavi@example.net,+911654077615,Bangalore,56,2023-07-20
CUST07246,Veer Arora,omkaarhayre@example.org,1751752407,Kolkata,68,2023-03-08
CUST07247,Tanmayi Sankaran,pandeyalka@example.net,+910657912250,Kolkata,39,2024-05-05
CUST07248,Anjali Rau,natarajanavni@example.com,+919625808577,Pune,25,2023-10-24
CUST07249,Yashica Sundaram,gunbirgade@example.net,08021395990,Delhi,44,2023-03-13
CUST07250,Lavanya Oak,abhimanyuhegde@example.com,7551723030,Hyderabad,50,2023-04-13
CUST07251,Robert Shan,gchaudhuri@example.com,1994664667,Bangalore,54,2024-03-30
CUST07252,Saksham Yadav,bhattifrado@example.com,1419260378,Ahmedabad,58,2023-04-22
CUST07253,Kamala Roy,thakurtristan@example.net,+917932776282,Chennai,29,2023-08-12
CUST07254,Ishaan Sathe,bassiomisha@example.com,01304770666,Ahmedabad,18,2024-06-16
CUST07255,Zilmil Khurana,samuelbaria@example.org,05355255750,Bangalore,25,2023-12-09
CUST07256,Lohit Raja,aditya88@example.org,+915143383111,Hyderabad,34,2023-03-06
CUST07257,Falak Swamy,balaysamuel@example.org,+910018076425,Jaipur,63,2023-03-03
CUST07258,Ekantika Chaudhry,bachittarwali@example.net,+919077602850,Ahmedabad,65,2023-08-18
CUST07259,Ishani Tripathi,chanderxiti@example.com,+912329467668,Delhi,26,2023-10-04
CUST07260,Maya Boase,zayyan05@example.com,+913748531208,Mumbai,45,2024-04-08
CUST07261,Ryan Krishnamurthy,yatanguha@example.net,9317713794,Mumbai,62,2023-12-11
CUST07262,Chandresh Rattan,damyantigaba@example.org,3848608912,Bangalore,22,2023-09-21
CUST07263,Champak Banerjee,agastyakrishnamurthy@example.net,7439183706,Bangalore,50,2023-10-04
CUST07264,Janya Natt,faris48@example.org,+910129815802,Jaipur,42,2023-12-05
CUST07265,Amrita Dass,janani62@example.net,8182762434,Hyderabad,40,2024-04-13
CUST07266,Hemani Khanna,dayamai61@example.org,+917895675385,Bangalore,43,2024-06-24
CUST07267,Hredhaan Datta,chaudharyrachita@example.org,+913474649290,Jaipur,33,2023-06-17
CUST07268,Ishanvi Sarraf,yashasvilall@example.net,0321621597,Kolkata,25,2024-04-02
CUST07269,Rudra Iyer,dhillonzehaan@example.org,+919109992748,Pune,70,2024-05-25
CUST07270,Agastya Lal,nilima06@example.net,06673188191,Pune,55,2024-04-13
CUST07271,Praneel Date,lalahemangini@example.org,05324441908,Surat,57,2024-03-23
CUST07272,Ekantika Sahota,sanya43@example.org,+919069016143,Delhi,64,2024-04-10
CUST07273,Mahika Chandran,varmaanjali@example.com,+910705423037,Mumbai,22,2024-01-23
CUST07274,Timothy Goel,xom@example.org,+917171537148,Pune,46,2024-04-29
CUST07275,Bhavani Din,obal@example.com,05108654715,Hyderabad,58,2024-03-27
CUST07276,Mason Sabharwal,vivaan31@example.com,01741499246,Ahmedabad,65,2023-07-09
CUST07277,Dhruv Dey,dharshaurya@example.net,+916620179180,Hyderabad,36,2023-12-16
CUST07278,Yug Natt,rameshxiti@example.net,06274821883,Ahmedabad,62,2023-03-08
CUST07279,Jai Shukla,adubey@example.com,01268113767,Bangalore,64,2023-06-11
CUST07280,Rishi Hegde,harita03@example.net,05476859014,Bangalore,64,2024-03-29
CUST07281,Indira Gola,saranrachana@example.org,+912326878622,Surat,70,2024-06-20
CUST07282,Jagdish Mukhopadhyay,jayaramangaurav@example.com,02206917110,Jaipur,23,2023-09-19
CUST07283,Zayyan Agate,osabharwal@example.net,08389833341,Bangalore,18,2024-01-13
CUST07284,Kamala Badal,tanveer57@example.org,00173107304,Surat,55,2024-03-15
CUST07285,Chasmum Sarin,karankumer@example.com,0167412248,Pune,61,2023-09-20
CUST07286,Yatin Lad,gaurikabumb@example.com,03204763455,Ahmedabad,42,2023-10-05
CUST07287,Bhavani De,srinivasjagvi@example.org,+915689667249,Pune,46,2023-11-20
CUST07288,Mitali Hari,waidaraghavan@example.net,05641212389,Bangalore,50,2023-12-07
CUST07289,Alexander Varma,manand@example.com,08371196959,Surat,35,2023-07-08
CUST07290,Kabir Savant,chandrankala@example.org,01147994595,Delhi,32,2023-07-31
CUST07291,Azad Uppal,jack81@example.org,00013126073,Kolkata,49,2024-06-03
CUST07292,Wyatt Dasgupta,fitanchakraborty@example.com,08683859091,Pune,21,2023-08-11
CUST07293,Radhika Arya,ahegde@example.org,07734822146,Surat,51,2024-01-27
CUST07294,Atharv Mannan,aadhya44@example.org,4857782635,Jaipur,55,2024-05-04
CUST07295,Leena De,ayaan73@example.net,06065972888,Jaipur,45,2024-01-07
CUST07296,Tanmayi Kant,ntiwari@example.com,04827212527,Kolkata,38,2023-10-06
CUST07297,Timothy Bath,buchnetra@example.net,+912535303545,Hyderabad,38,2023-12-29
CUST07298,Bhavini Dixit,kai25@example.net,7226540860,Bangalore,27,2023-11-12
CUST07299,Harini Dada,anay62@example.org,4831321608,Mumbai,70,2023-05-05
CUST07300,Omaja Butala,janyachaudhry@example.net,+916930778905,Chennai,45,2023-09-26
CUST07301,Joshua Sunder,tripathiyashica@example.org,09641920851,Jaipur,35,2023-07-11
CUST07302,Ridhi Bail,prabhakarbachittar@example.org,3571001787,Surat,57,2024-06-12
CUST07303,Suhani Grewal,wkeer@example.net,+919977473791,Pune,24,2023-07-16
CUST07304,Akshay Ganesan,wkaur@example.org,+919239463083,Pune,36,2023-10-27
CUST07305,Ekbal Krishnan,advikbhargava@example.net,1647860455,Bangalore,25,2023-06-01
CUST07306,Wridesh Arya,advikajha@example.org,02958175974,Kolkata,35,2023-08-15
CUST07307,Upkaar Kibe,wablewidisha@example.net,7314124904,Ahmedabad,46,2024-05-19
CUST07308,Vritti Mangal,anaysen@example.com,0871559943,Chennai,28,2024-06-08
CUST07309,Dhriti Bal,royelijah@example.org,5164520835,Kolkata,34,2023-11-25
CUST07310,Vedika Varty,chandresh21@example.org,+919099392246,Surat,66,2023-05-25
CUST07311,Chakradev Bhakta,lbansal@example.com,+916325280949,Delhi,32,2024-04-24
CUST07312,Rishi Tak,bhavinigarg@example.com,06270767742,Kolkata,27,2024-06-27
CUST07313,Yutika Lala,qdani@example.net,00348842241,Delhi,31,2023-07-17
CUST07314,Ekavir Karnik,jalsa38@example.net,9990473377,Jaipur,50,2023-09-18
CUST07315,Amaira Setty,lshanker@example.com,+915107184095,Bangalore,19,2023-05-06
CUST07316,Ayushman Gill,arunima86@example.net,+914652121816,Surat,20,2024-05-27
CUST07317,Reva Kale,zayyandin@example.com,6916336552,Jaipur,52,2023-08-27
CUST07318,Yagnesh Sehgal,tanvi21@example.net,+911653709308,Chennai,18,2023-10-10
CUST07319,Kala Dugal,xmorar@example.com,+910152646514,Ahmedabad,70,2023-12-23
CUST07320,Anirudh Edwin,bhavikanagar@example.org,00442886020,Mumbai,41,2023-10-20
CUST07321,Agastya Doshi,jainikbal@example.org,4573160740,Chennai,36,2023-11-13
CUST07322,Pahal Palan,uagarwal@example.com,05662868004,Surat,45,2024-06-04
CUST07323,Nilima Mandal,yuvraj88@example.org,1262887536,Ahmedabad,51,2024-06-24
CUST07324,Triya Sastry,ssarraf@example.net,09192602299,Bangalore,47,2023-09-03
CUST07325,Upasna Chatterjee,hredhaanchadha@example.com,4281811447,Kolkata,25,2023-06-13
CUST07326,Tejas Kara,radhakalita@example.net,+911514064984,Delhi,46,2023-10-27
CUST07327,Radhika Chad,bhavya44@example.org,09747782220,Hyderabad,49,2023-04-10
CUST07328,Triveni Acharya,binamitter@example.org,06106697481,Kolkata,23,2023-08-01
CUST07329,Anusha Banik,rakshalanka@example.net,+918259951972,Bangalore,35,2024-04-12
CUST07330,Anika Kalla,neelimachar@example.net,09363445661,Delhi,40,2023-10-31
CUST07331,Arjun Sarkar,bajajxalak@example.com,6970267215,Delhi,65,2023-08-21
CUST07332,Ayaan Sarna,bedichavvi@example.com,08904074067,Chennai,64,2024-01-12
CUST07333,Vaishnavi Jani,smaster@example.org,5914893838,Delhi,38,2023-05-24
CUST07334,Upma Kala,jrege@example.org,2766567779,Bangalore,50,2023-05-05
CUST07335,Lucky Wali,tarak25@example.net,+913944010704,Pune,35,2023-02-18
CUST07336,Ekbal Sawhney,mbaria@example.net,+911827850879,Ahmedabad,58,2024-04-30
CUST07337,Logan Srinivasan,gandhiakshay@example.org,+912334807775,Jaipur,61,2023-10-25
CUST07338,Devansh Bhatnagar,sathvikagate@example.com,07866769329,Delhi,63,2024-03-18
CUST07339,Balvan Rege,yauvanijayaraman@example.org,01517245838,Pune,20,2023-02-27
CUST07340,Zehaan Dixit,kundayug@example.org,06949395215,Hyderabad,24,2024-05-14
CUST07341,Yauvani Bhagat,kavyasangha@example.com,+918374006417,Jaipur,38,2024-06-15
CUST07342,Manya Ray,dugarbarkha@example.org,02803861679,Chennai,53,2023-10-09
CUST07343,Anthony Chowdhury,yaurora@example.com,5486712679,Mumbai,58,2023-05-08
CUST07344,Bhanumati Kari,zchaudhuri@example.org,+914731013835,Mumbai,33,2023-04-29
CUST07345,Avi Trivedi,jdhar@example.net,07167590368,Bangalore,55,2024-06-17
CUST07346,Zaitra Murthy,kbalan@example.com,+919738225984,Hyderabad,32,2023-05-29
CUST07347,Rishi Dubey,ljaggi@example.com,00127920545,Chennai,34,2023-03-11
CUST07348,Rajata Chopra,vansha73@example.com,05715399558,Ahmedabad,27,2023-04-25
CUST07349,Manbir Bhalla,akeer@example.com,+912805692231,Ahmedabad,70,2024-02-07
CUST07350,Reyansh Pillai,ijaya51@example.org,+910065118110,Bangalore,64,2023-05-25
CUST07351,Orinder Yohannan,patrickiyengar@example.net,05334313216,Ahmedabad,36,2023-04-20
CUST07352,Meera Grover,divya98@example.org,1027141647,Bangalore,30,2024-05-14
CUST07353,Gabriel Rajan,toorpraneel@example.com,8573294885,Delhi,51,2024-04-05
CUST07354,Hemal Johal,dhillonayushman@example.com,8080640020,Chennai,18,2023-11-23
CUST07355,Siddharth Chakraborty,vyasekalinga@example.org,+916345804425,Hyderabad,22,2023-11-10
CUST07356,Madhav Narasimhan,ishanvi62@example.com,00758447821,Ahmedabad,53,2024-01-14
CUST07357,Chandran Karnik,atharvgera@example.net,08211916004,Surat,31,2023-10-07
CUST07358,Amrita Raj,onimukherjee@example.org,01915046883,Bangalore,20,2024-05-08
CUST07359,Lipika Nagarajan,charvimore@example.com,3639180537,Hyderabad,62,2023-06-30
CUST07360,Tristan Wable,tthaker@example.org,05727311493,Kolkata,57,2023-09-16
CUST07361,Sachi Majumdar,psaxena@example.net,5612858113,Hyderabad,58,2023-10-22
CUST07362,Zashil Chaudhary,raghavanmohammed@example.com,+914309099748,Surat,33,2023-06-06
CUST07363,Nitara Ratta,goellajita@example.com,+916553202169,Pune,48,2024-01-17
CUST07364,Aashi Om,mitali48@example.com,07238662545,Jaipur,60,2024-01-05
CUST07365,Vritti Basu,gadekamya@example.com,8838619276,Bangalore,37,2023-05-17
CUST07366,Vasana Pall,waglekaran@example.org,02680401938,Chennai,36,2023-10-04
CUST07367,Lipika Sani,eiravatikapadia@example.com,+912336077263,Ahmedabad,49,2023-12-12
CUST07368,Meera Pal,rishitalwar@example.net,5473074242,Hyderabad,56,2023-05-08
CUST07369,Saumya Shetty,harshil22@example.com,+913994251511,Pune,52,2023-06-19
CUST07370,Vivaan Baria,basuinaya@example.org,09352012377,Ahmedabad,36,2023-10-22
CUST07371,Chakrika Vaidya,lucky86@example.net,+912035040049,Delhi,32,2023-05-01
CUST07372,Meghana Sengupta,surasaumya@example.net,+910912596518,Delhi,66,2023-11-06
CUST07373,Upma Hayre,lkala@example.com,01078380623,Kolkata,44,2023-12-12
CUST07374,Pallavi Dara,joshua61@example.org,+915318378904,Ahmedabad,38,2024-06-03
CUST07375,Mason Talwar,sanejackson@example.net,3220400718,Chennai,60,2024-06-20
CUST07376,Yashvi Ravel,omurishilla@example.org,00663292871,Hyderabad,25,2024-06-24
CUST07377,Kala Grewal,zben@example.org,+914726853413,Bangalore,47,2024-03-21
CUST07378,Nachiket Sura,qbera@example.com,6627714875,Pune,60,2023-07-07
CUST07379,Xiti Chacko,mitali63@example.net,3663095307,Delhi,40,2023-12-22
CUST07380,Peter Contractor,bhavani16@example.net,09185988069,Hyderabad,63,2023-12-06
CUST07381,Vrishti Bhat,sarora@example.net,+918315330793,Bangalore,67,2024-04-14
CUST07382,Neelima Sodhi,wyogi@example.com,00161966999,Ahmedabad,69,2023-11-15
CUST07383,David Sandal,advaysaran@example.net,+918747364047,Ahmedabad,56,2024-05-17
CUST07384,Pushti Mishra,jagdishuppal@example.net,+919032374337,Hyderabad,61,2023-12-31
CUST07385,Ekta Tank,qasimsabharwal@example.net,+916406249452,Chennai,19,2024-03-08
CUST07386,Neelima Lal,chaitanya19@example.org,+917004377047,Kolkata,35,2024-05-01
CUST07387,Urmi Sama,meghanawalla@example.net,07159295269,Jaipur,31,2024-05-05
CUST07388,Charles Barad,tiwariamaira@example.net,4452241439,Hyderabad,21,2023-07-26
CUST07389,Gayathri Narain,ebiswas@example.net,8459212339,Jaipur,67,2023-06-20
CUST07390,Qushi Mallick,isaacbora@example.org,+919683809142,Pune,34,2024-04-11
CUST07391,Aishani Issac,nathanhalder@example.org,+918724721450,Pune,44,2023-09-08
CUST07392,Urvashi Lanka,uradhakrishnan@example.org,+918808828310,Hyderabad,69,2023-06-14
CUST07393,Ikbal Kohli,hgopal@example.com,3799583780,Ahmedabad,45,2023-12-15
CUST07394,Samesh Mitter,ojasbhalla@example.com,+919460176277,Hyderabad,34,2023-08-24
CUST07395,Arin Goswami,utkarsh00@example.org,2321453385,Mumbai,35,2023-08-11
CUST07396,Yuvraj Nair,qdass@example.com,06347169603,Ahmedabad,64,2023-03-14
CUST07397,Pavani Agrawal,xhayer@example.net,+918416395425,Chennai,39,2024-02-07
CUST07398,Upma Kuruvilla,ishaanbabu@example.com,3970818506,Mumbai,37,2024-04-13
CUST07399,Logan Behl,prasadhritik@example.com,03255481809,Ahmedabad,44,2024-05-22
CUST07400,Lila Singh,gsaxena@example.com,01851916162,Chennai,54,2024-04-11
CUST07401,Chaitanya Nadkarni,ranveerviswanathan@example.com,07488756013,Bangalore,52,2023-09-14
CUST07402,Hredhaan Prashad,regekrish@example.com,+912174861093,Chennai,67,2023-03-08
CUST07403,Turvi Chhabra,xnori@example.com,0611503858,Delhi,57,2024-04-25
CUST07404,Zansi Lala,imaranbir@example.org,+915351106566,Surat,39,2023-09-23
CUST07405,Unnati Tailor,isha30@example.net,02097227084,Bangalore,56,2023-04-26
CUST07406,Edhitha Dugar,ragate@example.net,3806181493,Jaipur,19,2024-05-11
CUST07407,Sai Bose,iryarandhawa@example.net,+913166359097,Mumbai,69,2023-05-07
CUST07408,Pranit Lanka,adweta27@example.org,6896892227,Hyderabad,23,2024-03-29
CUST07409,Karan Tank,patlalavanya@example.com,+919349319061,Pune,40,2024-05-30
CUST07410,Nitara Gupta,cparikh@example.com,02618228637,Jaipur,22,2023-10-28
CUST07411,Ekantika Mital,tramaswamy@example.org,03946917909,Mumbai,51,2023-12-11
CUST07412,Charita Sundaram,vedhikabalasubramanian@example.com,+911162287883,Chennai,41,2023-06-10
CUST07413,Tara Mani,comaryash@example.com,6703226561,Jaipur,30,2023-04-09
CUST07414,Reva Mital,prashadekbal@example.com,4718587753,Bangalore,52,2023-06-26
CUST07415,Ubika Sheth,ekaraj14@example.org,04815337550,Hyderabad,63,2023-07-19
CUST07416,Xavier Shanker,lnagar@example.net,4900930121,Chennai,36,2024-04-27
CUST07417,Advik Deshpande,omkaar10@example.org,2420149755,Bangalore,41,2024-04-16
CUST07418,Nimrat Padmanabhan,koshychanchal@example.net,+918703847413,Pune,44,2023-06-30
CUST07419,Raghav Nagi,vasapavani@example.org,+910747370240,Chennai,53,2023-08-11
CUST07420,Hritik Parmer,mitali95@example.net,+916412376352,Chennai,18,2023-11-28
CUST07421,Lavanya Nayar,pallavi95@example.net,4246209732,Mumbai,19,2024-05-11
CUST07422,Gaurangi Wadhwa,gaurikadara@example.com,3416335018,Jaipur,24,2023-11-04
CUST07423,Alexander Prasad,prasadwahab@example.com,03696872747,Jaipur,43,2023-08-09
CUST07424,Yahvi Tara,echadha@example.org,9794325588,Ahmedabad,20,2023-07-15
CUST07425,Devika Ganguly,vbhandari@example.net,+914483871760,Bangalore,36,2023-04-28
CUST07426,Jagvi Chawla,fmadan@example.org,+917111855146,Kolkata,19,2023-06-09
CUST07427,Arunima Raj,nidhidevi@example.org,+910557826297,Chennai,58,2024-06-01
CUST07428,Osha Chahal,girindranarula@example.com,+911497574992,Chennai,20,2023-08-10
CUST07429,Balvan Krish,ynaik@example.org,02085967398,Kolkata,65,2024-04-04
CUST07430,Lopa Sagar,samesh14@example.com,8036584484,Delhi,70,2024-01-31
CUST07431,Hamsini Varma,sinhajagdish@example.org,+916098581333,Hyderabad,59,2024-02-06
CUST07432,Raghav Goel,brijeshsanghvi@example.org,0919649546,Hyderabad,26,2024-02-17
CUST07433,Yashodhara Garde,ikbalkar@example.com,+911998004149,Kolkata,23,2023-11-28
CUST07434,Vasana Soni,xbaria@example.org,9833761367,Delhi,22,2023-12-15
CUST07435,Ansh Venkataraman,patrickdara@example.com,+911075395774,Jaipur,64,2024-06-02
CUST07436,Kala Narula,yutika25@example.net,8237721490,Hyderabad,19,2023-04-30
CUST07437,Madhav Vasa,kchad@example.com,+911655116280,Mumbai,65,2024-02-16
CUST07438,Ekiya Rama,dmukhopadhyay@example.net,02443134795,Jaipur,56,2024-01-02
CUST07439,Tarak Chander,jatinbalakrishnan@example.org,+918207440776,Bangalore,24,2024-05-12
CUST07440,Saanvi Ravi,indrajit74@example.com,9475197735,Surat,68,2023-05-06
CUST07441,Gaurika Dhar,kohliharini@example.org,+913005516412,Hyderabad,30,2023-09-23
CUST07442,Shaurya Mall,izacharia@example.org,+916992929065,Surat,37,2023-07-20
CUST07443,Aarush Soman,wborde@example.com,3174896840,Pune,45,2023-12-24
CUST07444,Rachita Lal,banerjeeekani@example.net,02950310965,Jaipur,65,2024-05-12
CUST07445,Kalpit Nanda,jdhaliwal@example.org,6949765240,Mumbai,37,2024-06-13
CUST07446,Vedhika Kalla,imurty@example.org,08372052511,Kolkata,47,2023-10-23
CUST07447,Fitan Apte,tanvi24@example.org,7794641197,Chennai,24,2023-10-21
CUST07448,Charita Mistry,ishanichoudhry@example.net,3472090028,Kolkata,59,2023-05-16
CUST07449,Arin Patil,samaamara@example.net,06420372254,Surat,48,2023-02-19
CUST07450,Divya Taneja,sathejagrati@example.com,7877991394,Hyderabad,36,2023-04-02
CUST07451,Liam Merchant,henrydugar@example.org,7505991315,Hyderabad,23,2023-06-05
CUST07452,Om Muni,rudra33@example.com,7472561481,Chennai,44,2024-04-11
CUST07453,Vrishti Choudhury,hegdeanamika@example.com,04807301048,Jaipur,35,2023-09-25
CUST07454,Vasudha Baria,yuvraj56@example.org,2525118716,Ahmedabad,36,2023-08-19
CUST07455,Vivaan Savant,aashi00@example.com,03313036918,Jaipur,50,2023-12-21
CUST07456,Ijaya Nayak,gokhalevritti@example.net,5879597045,Chennai,42,2023-05-07
CUST07457,Urvashi Nayak,murthycharan@example.org,5283311609,Mumbai,49,2023-03-14
CUST07458,Meera Date,darsh00@example.org,04654683275,Hyderabad,41,2024-05-04
CUST07459,Abhimanyu Saran,vansha50@example.net,09168564243,Jaipur,63,2024-06-11
CUST07460,Gayathri Rama,champak96@example.net,+911621736237,Delhi,46,2024-04-30
CUST07461,Janani Bhavsar,devilakshmi@example.com,+918386628467,Chennai,54,2023-03-03
CUST07462,Oliver Sarin,jsaini@example.org,6257726511,Mumbai,43,2024-04-05
CUST07463,Ira Shanker,chatura03@example.com,05819153187,Chennai,46,2023-07-23
CUST07464,Ansh Garde,daksha65@example.com,00233507557,Pune,48,2024-02-29
CUST07465,Fiyaz Patla,regelucky@example.com,06588289004,Surat,24,2023-07-27
CUST07466,Faqid Tandon,bdhar@example.org,00195770244,Kolkata,39,2023-02-16
CUST07467,Wakeeta Deshmukh,ishroff@example.net,+917410627690,Bangalore,69,2023-06-29
CUST07468,Aarav Bedi,haritakulkarni@example.com,7751399105,Delhi,24,2024-03-15
CUST07469,Champak Zacharia,balveer09@example.com,1780201788,Jaipur,28,2024-05-22
CUST07470,Idika Bajaj,nkaur@example.net,+916764157093,Chennai,49,2023-02-26
CUST07471,Rachita Vora,ekta77@example.org,2916295692,Surat,33,2024-06-01
CUST07472,Yatin Mand,suhani29@example.org,+916608455543,Delhi,27,2024-02-18
CUST07473,Geetika Merchant,csrivastava@example.org,7068829857,Hyderabad,57,2024-05-03
CUST07474,Anita Menon,harigirish@example.net,06396609363,Ahmedabad,51,2023-04-13
CUST07475,Dayamai Gala,balveer71@example.org,3667327145,Surat,66,2024-01-19
CUST07476,Jagdish Brar,pranav47@example.com,3097900739,Chennai,21,2024-01-31
CUST07477,Naveen Gola,aarora@example.net,04172619406,Ahmedabad,34,2023-11-24
CUST07478,Ira Dhar,tanmayi94@example.com,4374667863,Hyderabad,37,2024-02-09
CUST07479,Aryan Lanka,gsarin@example.com,04733903784,Pune,27,2024-03-05
CUST07480,Faris Chauhan,hdar@example.org,+916751218943,Mumbai,38,2023-11-18
CUST07481,Turvi Babu,aariniram@example.org,+913534529497,Surat,56,2023-07-25
CUST07482,Christopher Balakrishnan,mohinikoshy@example.net,+912927761002,Hyderabad,18,2024-05-24
CUST07483,Anjali Subramaniam,vlal@example.com,05653710874,Kolkata,62,2024-03-04
CUST07484,Chavvi Mane,edhithanarayan@example.net,5716945288,Chennai,66,2023-04-28
CUST07485,Charles Narang,yugchowdhury@example.net,06111103822,Jaipur,68,2023-08-16
CUST07486,Ikshita Banik,dvarghese@example.org,+919151110175,Ahmedabad,52,2023-11-02
CUST07487,Jonathan Sachar,suhaniarya@example.org,05875885769,Ahmedabad,38,2024-06-09
CUST07488,Ridhi D’Alia,aachal40@example.org,+919271164841,Chennai,38,2024-04-04
CUST07489,Sneha Srivastava,swamyranveer@example.net,02926056109,Ahmedabad,63,2023-10-06
CUST07490,Ikbal Edwin,paninimaharaj@example.com,+916125881066,Ahmedabad,50,2024-03-30
CUST07491,Tamanna Bhargava,sankarannicholas@example.net,+911977294508,Jaipur,65,2024-01-22
CUST07492,Osha Zacharia,ekantikagala@example.net,+917313359889,Delhi,24,2023-10-21
CUST07493,Kiaan Palla,aggarwalhredhaan@example.net,+914779628938,Hyderabad,62,2023-03-13
CUST07494,Tarak Baria,joshuathaman@example.com,02148363951,Delhi,42,2024-05-04
CUST07495,Geetika Rajan,anthonydhawan@example.org,+914394717286,Bangalore,66,2023-04-24
CUST07496,Harshil Mander,luthrafrederick@example.org,8362898811,Mumbai,28,2023-08-22
CUST07497,Champak Subramaniam,szachariah@example.org,03694450701,Jaipur,65,2023-07-01
CUST07498,Hredhaan Agarwal,diyaparmar@example.net,+914619838900,Delhi,28,2024-02-18
CUST07499,Divya Pant,aarnaarya@example.net,+915977507935,Chennai,46,2024-05-05
CUST07500,Yutika Butala,brindaoommen@example.net,02652343992,Delhi,20,2023-12-27
CUST07501,Zehaan Kakar,somanekaja@example.org,3126230976,Hyderabad,49,2023-03-10
CUST07502,Aarini Gill,lboase@example.org,5155828155,Bangalore,58,2023-08-07
CUST07503,Abdul Rajagopal,darshsoni@example.org,6215247285,Jaipur,49,2023-03-21
CUST07504,Alka Bassi,chandabimala@example.com,01443425601,Bangalore,65,2024-05-04
CUST07505,Jeremiah Purohit,ewarrior@example.net,3327310018,Jaipur,44,2023-10-21
CUST07506,Daniel Chhabra,meghana88@example.org,03648887632,Hyderabad,18,2023-02-27
CUST07507,Odika Tiwari,qadim67@example.net,+913099564975,Kolkata,25,2023-09-17
CUST07508,Jagdish Saxena,jeet52@example.net,+912041581756,Hyderabad,36,2024-04-12
CUST07509,Girish Wagle,reva66@example.org,+912850624382,Kolkata,51,2023-05-13
CUST07510,Pratyush Oommen,onveersangha@example.com,04904844483,Pune,57,2024-01-29
CUST07511,Chavvi Nayar,anay71@example.net,+912094117623,Pune,54,2023-05-16
CUST07512,Yashoda Taneja,talwardipta@example.net,1579976052,Bangalore,27,2023-03-03
CUST07513,Bhanumati Ranganathan,shettyvrishti@example.com,08584255189,Kolkata,51,2023-05-19
CUST07514,Ishwar Thaman,hritik78@example.net,+913706611540,Chennai,69,2023-04-20
CUST07515,Tanveer Yogi,mitterjalsa@example.com,00912848787,Surat,63,2023-09-30
CUST07516,Ojas Dalal,kannanxalak@example.com,+917715411059,Pune,51,2023-05-01
CUST07517,Vamakshi Dugar,gourpahal@example.org,6235276741,Surat,34,2024-05-29
CUST07518,Upadhriti Keer,yauvanishere@example.com,+910927559467,Ahmedabad,47,2023-05-15
CUST07519,Ria Shere,narasimhanvinaya@example.org,04780772954,Chennai,39,2023-08-14
CUST07520,Gaurang Vala,rajagopalkamya@example.net,4181743423,Bangalore,28,2023-12-24
CUST07521,Bishakha Pau,manbirlal@example.org,7196052882,Jaipur,63,2023-08-10
CUST07522,Jai Chaudhry,sarkarelijah@example.net,7036534027,Ahmedabad,18,2024-05-03
CUST07523,Karan Biswas,spatla@example.com,+915221828200,Pune,44,2023-05-21
CUST07524,Manthan Uppal,fpanchal@example.net,+914365037691,Bangalore,27,2023-09-25
CUST07525,Yashvi Srivastava,robertwason@example.com,01325014108,Ahmedabad,22,2023-12-15
CUST07526,Krisha Edwin,sodhifalan@example.net,3838298274,Mumbai,37,2023-06-08
CUST07527,Rishi Agate,aarora@example.com,+910477721693,Chennai,30,2024-01-28
CUST07528,Madhav Uppal,veda38@example.com,4314908363,Delhi,52,2024-04-24
CUST07529,Yasti Doctor,ikbaljohal@example.org,8863927815,Ahmedabad,39,2023-05-03
CUST07530,Sachi Gala,vaishnavi87@example.com,1599390520,Delhi,21,2023-08-22
CUST07531,Advaith Ray,shivansh54@example.com,3636197908,Surat,47,2023-06-01
CUST07532,Wahab Bhatti,hahuja@example.com,+913459988656,Surat,28,2024-02-26
CUST07533,Bishakha Om,atibains@example.com,7790209233,Delhi,40,2023-07-16
CUST07534,Anika Date,bganguly@example.com,9570111165,Jaipur,32,2024-02-01
CUST07535,Banjeet Sharma,inaya63@example.net,1637632566,Pune,58,2023-03-23
CUST07536,Waida Zachariah,dixitakshay@example.com,06589456217,Mumbai,30,2023-07-09
CUST07537,Krisha De,tbala@example.com,6669712764,Kolkata,36,2023-08-20
CUST07538,Jason Comar,esoman@example.com,6078141357,Hyderabad,55,2023-05-11
CUST07539,Vidhi Dora,tamanna97@example.org,7247687938,Kolkata,41,2023-06-01
CUST07540,Brijesh Shere,xkala@example.org,1496066093,Surat,67,2024-06-27
CUST07541,Dalbir Batta,mannsanaya@example.net,+917335776333,Hyderabad,34,2024-03-23
CUST07542,Meghana Bhatt,hitesh90@example.org,07160293955,Jaipur,52,2023-05-26
CUST07543,Garima Dasgupta,ehanda@example.net,+916504509050,Chennai,22,2023-09-17
CUST07544,Lakshmi Manda,mchopra@example.org,01210008720,Surat,27,2024-06-13
CUST07545,Wishi Kari,jagdishratta@example.com,9846054184,Delhi,64,2023-12-03
CUST07546,Vihaan Pandit,pushtibadal@example.org,+915554512603,Chennai,35,2024-04-11
CUST07547,Arjun Sagar,wriddhish09@example.org,4344294215,Bangalore,34,2023-06-09
CUST07548,Rayaan Warrior,yatin27@example.net,5865591858,Surat,24,2024-05-03
CUST07549,Anita Kannan,dbawa@example.net,1138954788,Bangalore,69,2023-06-06
CUST07550,Januja Malhotra,osha49@example.com,07765724939,Jaipur,55,2023-08-05
CUST07551,Vritti Sarna,mitrafaras@example.org,+918671257234,Hyderabad,39,2023-10-30
CUST07552,Faqid Mohan,wishi38@example.org,07172594943,Surat,67,2023-04-25
CUST07553,Benjamin Viswanathan,sai25@example.com,4822821868,Surat,56,2024-02-03
CUST07554,Tejas Comar,anvidhingra@example.net,0158381539,Kolkata,69,2023-05-20
CUST07555,Osha Raval,yohannanyug@example.org,4757785131,Surat,60,2023-03-19
CUST07556,Andrew Mannan,bobalurishilla@example.net,01680064212,Ahmedabad,31,2023-02-23
CUST07557,Zashil Barad,ikshita06@example.org,+916561270584,Bangalore,18,2023-04-05
CUST07558,Darika Vyas,rohangokhale@example.com,06984050469,Chennai,31,2024-05-23
CUST07559,Chasmum Kaul,ubika35@example.com,01689566708,Delhi,69,2023-04-22
CUST07560,Tanay Arora,ayush46@example.org,00588656276,Surat,27,2023-10-12
CUST07561,Yamini Dash,neel11@example.com,+917324974504,Bangalore,28,2023-08-13
CUST07562,Ladli Nagi,gollaavi@example.org,+912685758497,Ahmedabad,18,2024-05-04
CUST07563,Dayamai Loyal,kondafalguni@example.org,5897745708,Pune,22,2023-08-17
CUST07564,Baljiwan Dalal,janakinadkarni@example.net,08995984723,Mumbai,26,2023-03-03
CUST07565,Veda Sabharwal,ddara@example.org,04406503337,Jaipur,69,2023-08-05
CUST07566,Bhanumati Narayanan,gavinkonda@example.com,+914426840278,Ahmedabad,45,2023-09-06
CUST07567,Madhav Ramachandran,amol66@example.org,+911752342777,Ahmedabad,38,2024-01-25
CUST07568,Vansha Dhawan,yugdass@example.com,+912854595218,Kolkata,50,2024-03-06
CUST07569,Ucchal Goel,bhasinwarda@example.org,+911995949690,Delhi,33,2023-12-15
CUST07570,Dakshesh Arora,praneelbatta@example.net,9979499000,Jaipur,43,2023-10-19
CUST07571,Abhiram Khanna,chaitaly33@example.com,+912345811708,Hyderabad,67,2024-05-23
CUST07572,Nachiket Varughese,nayaksara@example.org,6109634285,Hyderabad,63,2023-03-31
CUST07573,Gabriel Grover,psoni@example.org,07696337953,Ahmedabad,40,2023-07-07
CUST07574,Lipika Dara,jkumar@example.net,08173158525,Kolkata,51,2023-05-06
CUST07575,Januja Gulati,bawamaanav@example.net,9121379504,Pune,51,2023-10-22
CUST07576,Ekaraj Badal,pahal56@example.com,+912395754621,Delhi,56,2024-02-24
CUST07577,Bhavna Loyal,eshanabajwa@example.net,00444802339,Chennai,28,2024-04-12
CUST07578,Anusha Chanda,charananand@example.com,7877761499,Kolkata,63,2023-09-28
CUST07579,Ekaja Borah,ehayer@example.net,1555309468,Bangalore,45,2023-03-16
CUST07580,Bhavna Balay,loyallaban@example.com,1200786550,Jaipur,46,2024-06-04
CUST07581,Chanchal Nanda,neelimapau@example.com,1665562515,Ahmedabad,62,2023-08-08
CUST07582,Sara Sen,zdugar@example.net,04058489814,Kolkata,61,2023-05-07
CUST07583,Chaitaly Sandal,jeet18@example.org,7725045987,Delhi,53,2024-01-01
CUST07584,Ishanvi Bir,lankamegha@example.org,+910362713083,Hyderabad,59,2024-05-15
CUST07585,Arunima Borah,dalbir62@example.org,+912650905746,Pune,29,2023-02-18
CUST07586,Gagan Swaminathan,sarasuresh@example.org,7242819257,Mumbai,41,2023-12-10
CUST07587,Kritika Aurora,janijairaj@example.net,+917341327852,Ahmedabad,67,2023-04-07
CUST07588,Avi Bhargava,gkar@example.com,05710747423,Pune,64,2023-09-21
CUST07589,Nidhi Sen,esanghvi@example.org,03266320277,Hyderabad,31,2024-05-31
CUST07590,Sai Pillai,gunbir26@example.org,+917617106567,Surat,53,2024-05-08
CUST07591,Amara Pandey,batrasaanvi@example.org,+915768074891,Chennai,42,2023-03-20
CUST07592,Yuvraj Ravel,raioviya@example.org,9761574356,Pune,29,2023-04-20
CUST07593,Caleb Arya,noah10@example.net,05067458274,Mumbai,30,2023-05-09
CUST07594,Janaki Sood,qabilsingh@example.com,2024100635,Ahmedabad,41,2024-04-08
CUST07595,Chaman Mohan,vasudhakarnik@example.com,+910528374751,Jaipur,30,2024-05-10
CUST07596,Charita Char,latwal@example.org,6554734552,Mumbai,55,2023-11-17
CUST07597,Ryan Kalla,zhalder@example.net,01847066349,Kolkata,39,2023-11-12
CUST07598,Fitan Sarkar,anmolmahajan@example.org,00793695242,Delhi,41,2023-07-16
CUST07599,Harshil Koshy,rattiekalinga@example.net,02998362506,Kolkata,50,2023-10-08
CUST07600,Kamya Ben,warjasmanda@example.com,9481835267,Mumbai,56,2024-02-11
CUST07601,Abhiram Dora,sankaranabdul@example.org,0158829037,Kolkata,20,2024-05-26
CUST07602,Charles Bhasin,girikpalla@example.org,+917252534673,Kolkata,59,2024-02-08
CUST07603,Ekanta Om,nagaryashawini@example.org,2417644244,Ahmedabad,43,2023-07-28
CUST07604,Jackson Arya,diyawarrior@example.net,03150626663,Mumbai,62,2023-11-04
CUST07605,Lila Dara,shethkai@example.net,2178631130,Kolkata,35,2023-03-17
CUST07606,Laksh Saraf,guhaqabil@example.org,+916387372056,Mumbai,54,2024-02-18
CUST07607,Ishani Gokhale,guneetsamra@example.org,+917680123559,Mumbai,63,2023-05-10
CUST07608,Diya Char,kapurvansha@example.org,+917701577282,Ahmedabad,56,2023-10-08
CUST07609,Anay Mohanty,dalbirwalia@example.net,6159517177,Ahmedabad,49,2024-05-28
CUST07610,Qushi Modi,gayathrichaudhary@example.org,05802744688,Bangalore,48,2024-06-15
CUST07611,Eshana Bhatia,tjhaveri@example.org,9994349651,Jaipur,69,2023-07-30
CUST07612,Sathvik Seth,ridhichokshi@example.org,+917147787710,Delhi,20,2024-03-28
CUST07613,Ekaja Bobal,vsant@example.net,1938078364,Pune,19,2023-12-23
CUST07614,Peter Bhavsar,uupadhyay@example.net,05434809291,Surat,63,2024-02-07
CUST07615,Anya Pathak,sparmar@example.org,02682021863,Bangalore,63,2024-01-28
CUST07616,Mugdha Parsa,sraja@example.org,2431476670,Bangalore,26,2023-12-14
CUST07617,Hamsini Srinivasan,warjas58@example.com,07297309644,Delhi,44,2023-12-22
CUST07618,Jack Kulkarni,hbobal@example.com,00546911883,Delhi,21,2024-01-19
CUST07619,Wazir Sheth,aadhya48@example.com,+915865575327,Ahmedabad,58,2024-06-07
CUST07620,Waida Parsa,bdua@example.com,02227794875,Mumbai,38,2023-11-26
CUST07621,Daksha Dyal,rravel@example.com,+915214541394,Delhi,52,2023-11-21
CUST07622,Yachana Doctor,warjas61@example.org,03758738638,Kolkata,30,2023-04-27
CUST07623,Lakshmi Cheema,xsingh@example.net,08975731233,Surat,65,2023-11-18
CUST07624,Watika Taneja,bhanumati90@example.com,4921015976,Mumbai,39,2023-06-11
CUST07625,Sarthak Sodhi,jasmitkarnik@example.com,06882558799,Pune,63,2023-03-09
CUST07626,Unni Subramanian,bachittarsrivastava@example.com,0295927502,Bangalore,55,2023-02-22
CUST07627,Radha Borra,ramaazad@example.net,01595412895,Pune,51,2023-09-11
CUST07628,Nilima Tandon,balvanganesan@example.org,05996701624,Mumbai,60,2023-05-25
CUST07629,Brijesh Nath,deolbaghyawati@example.com,09336687945,Hyderabad,44,2024-01-28
CUST07630,Dayamai Khatri,tbarad@example.org,03725411255,Mumbai,22,2023-05-20
CUST07631,Lucky Kar,thakurnitesh@example.com,3668352836,Chennai,70,2023-02-25
CUST07632,Upkaar Kannan,devika88@example.org,06870586547,Jaipur,27,2024-02-23
CUST07633,Jai Sidhu,otak@example.com,+913049510420,Kolkata,23,2024-06-05
CUST07634,Jonathan Gala,iapte@example.net,+918583513974,Bangalore,46,2023-04-15
CUST07635,Harrison Subramaniam,cdube@example.net,9723821983,Mumbai,35,2024-03-21
CUST07636,Daksha Prashad,raghavpandit@example.org,04430926847,Surat,30,2023-06-12
CUST07637,Widisha Modi,nathanielmalhotra@example.net,09327389702,Jaipur,44,2023-05-25
CUST07638,Dipta Kanda,wpadmanabhan@example.net,01924455613,Bangalore,58,2023-04-18
CUST07639,Chaitaly Chaudhuri,zansimander@example.net,+916062012750,Mumbai,37,2023-07-20
CUST07640,Tanvi Varty,kamdaryashica@example.com,4339570680,Kolkata,53,2024-04-13
CUST07641,Advay Lad,mbora@example.org,1150252191,Pune,25,2023-07-09
CUST07642,Qabil Dalal,tripti31@example.net,6945705473,Pune,47,2024-06-19
CUST07643,Rudra Bath,ladli92@example.org,02666619528,Surat,62,2023-02-15
CUST07644,Nisha Chaudhry,hamsinitiwari@example.com,06146994442,Delhi,54,2024-01-31
CUST07645,Jhalak Kota,qseshadri@example.net,05408515556,Ahmedabad,23,2024-04-15
CUST07646,Neel Amble,yohannanamruta@example.com,8886713808,Delhi,23,2023-12-25
CUST07647,Timothy Korpal,bakhshi88@example.net,06124433031,Bangalore,64,2024-05-29
CUST07648,Shivani Rajan,sidhuadvika@example.org,08157784553,Delhi,29,2024-05-02
CUST07649,Chanchal Murthy,zranganathan@example.net,1115796235,Pune,55,2023-03-11
CUST07650,Daniel Kata,reddyzansi@example.com,+914592847313,Mumbai,67,2024-03-09
CUST07651,Lajita Bhatti,abhiram78@example.com,02670755010,Bangalore,68,2023-08-17
CUST07652,Frado Apte,darpan39@example.net,06057294001,Mumbai,31,2023-04-23
CUST07653,Amrita Kapur,xpatla@example.org,05097743264,Pune,47,2024-01-16
CUST07654,Victor Shankar,samesh00@example.com,06727462412,Delhi,64,2023-08-18
CUST07655,Aradhana Saran,jbehl@example.org,+917574310002,Chennai,37,2023-11-10
CUST07656,Falguni Merchant,gandhireva@example.com,+917613324876,Chennai,65,2023-09-17
CUST07657,Varenya Basak,tankarya@example.net,+917746347166,Bangalore,37,2023-09-14
CUST07658,Alexander Sura,jedwin@example.net,3076375121,Mumbai,42,2023-10-13
CUST07659,Meera Pandey,zashil20@example.org,+916608043955,Kolkata,29,2023-10-14
CUST07660,Atharv Dara,basujagat@example.net,04833190696,Kolkata,26,2024-03-26
CUST07661,Ganga Mannan,jagatyogi@example.org,+910656862153,Surat,38,2023-08-20
CUST07662,Diya Patil,aarushsant@example.net,3613361439,Hyderabad,32,2024-03-16
CUST07663,Triveni Dube,chaitaly16@example.org,4204107942,Chennai,35,2024-05-31
CUST07664,Ekta Mangat,suriekta@example.com,1485586692,Chennai,29,2023-12-15
CUST07665,Ronith Varghese,patrick04@example.net,+918530960732,Kolkata,34,2024-06-10
CUST07666,Harshil Singhal,mpadmanabhan@example.org,3953032106,Ahmedabad,34,2023-12-29
CUST07667,Balhaar Ahuja,charvedika@example.net,+915035977781,Delhi,49,2023-03-05
CUST07668,Dayita Gill,drajagopal@example.com,+917193400292,Pune,55,2023-06-16
CUST07669,Kevin Murthy,lakshgade@example.com,4838761645,Pune,40,2023-10-13
CUST07670,Dhriti Toor,diyakalla@example.org,7274614224,Jaipur,46,2023-10-11
CUST07671,Qushi Bumb,indrajitbanerjee@example.org,7765077550,Bangalore,20,2023-05-12
CUST07672,Ekansh Chaudry,panchalhitesh@example.org,+917948451772,Surat,42,2023-06-30
CUST07673,Prisha Tara,esachdeva@example.net,0563576920,Bangalore,52,2024-02-21
CUST07674,Chandani Parmer,tankdiya@example.net,+911426527652,Surat,31,2023-03-27
CUST07675,Champak Rana,lekhasinghal@example.net,1276443165,Hyderabad,40,2023-06-06
CUST07676,Jacob Kale,parikhmanya@example.com,05600861052,Kolkata,31,2024-03-01
CUST07677,Daksh Goda,okuruvilla@example.net,01793715125,Pune,62,2024-03-16
CUST07678,Christopher Pillay,semfitan@example.com,09197073204,Jaipur,53,2024-01-07
CUST07679,Onkar Korpal,chameli99@example.com,+919490408356,Kolkata,23,2024-06-26
CUST07680,Warda Date,swaminathanwarhi@example.org,8202753487,Jaipur,67,2023-04-29
CUST07681,Bakhshi Madan,usandal@example.org,+916910330995,Chennai,34,2024-06-08
CUST07682,Urishilla Warrior,ramaomya@example.net,08820210446,Chennai,47,2024-02-09
CUST07683,Indrajit Dewan,ykonda@example.com,04361940630,Kolkata,20,2024-01-09
CUST07684,Harinakshi Desai,tandonatharv@example.net,8658632646,Delhi,51,2024-03-17
CUST07685,Peter Dhar,lankaleena@example.org,02989639292,Bangalore,48,2023-03-17
CUST07686,Tanveer Khurana,comarsachi@example.net,6545605569,Bangalore,47,2023-02-20
CUST07687,Yatin Chaudhry,azaan07@example.net,+914676828591,Surat,38,2023-08-03
CUST07688,Tripti Issac,wallamohini@example.com,03352250469,Pune,54,2024-05-18
CUST07689,Triveni Gole,ztara@example.net,3344757299,Hyderabad,60,2024-02-24
CUST07690,Aarush Ramanathan,vrishti69@example.org,+917256750343,Surat,20,2024-06-11
CUST07691,Joshua Verma,vrishti07@example.net,02433805395,Pune,62,2023-09-11
CUST07692,Ranveer Banik,ekiyaborde@example.com,04201216956,Delhi,58,2023-09-22
CUST07693,Ishanvi Basak,sthakkar@example.com,+919037897288,Pune,18,2024-05-03
CUST07694,Yahvi Devi,yagneshdin@example.org,7666294174,Bangalore,44,2023-12-31
CUST07695,Ranbir Badami,anjalipalla@example.com,+912733626915,Ahmedabad,39,2023-11-12
CUST07696,Alka Arya,ksubramanian@example.net,09116204634,Pune,59,2024-01-19
CUST07697,Falak Batta,shenoygagan@example.org,+915512049956,Delhi,29,2023-07-18
CUST07698,Dakshesh Patla,singhaldakshesh@example.org,+912252433827,Pune,37,2023-05-08
CUST07699,Nathan Loyal,ramanathanzaid@example.org,1238948915,Bangalore,47,2023-02-26
CUST07700,Henry Pathak,nayakmitali@example.org,1593576943,Jaipur,29,2023-11-16
CUST07701,Rachita Das,sankarimaran@example.net,7330720670,Mumbai,46,2023-11-30
CUST07702,Ira Mann,dubepeter@example.org,+913946076345,Surat,47,2023-12-13
CUST07703,Eta Sem,aaravbhavsar@example.org,+910524407646,Surat,54,2023-11-19
CUST07704,Ladli Dugal,bhattieiravati@example.com,04614755845,Hyderabad,64,2023-12-12
CUST07705,Varsha Uppal,chandranvasa@example.net,04985009367,Hyderabad,48,2023-04-14
CUST07706,Chatura Rao,radhakrishnanhritik@example.com,+913664362894,Chennai,34,2023-11-21
CUST07707,Chatresh Dhawan,aarinianand@example.org,+913242754612,Pune,56,2024-03-05
CUST07708,Urvashi Pandey,williamnori@example.org,00865445304,Pune,48,2023-05-10
CUST07709,Ekbal Nagarajan,nraval@example.com,7501211391,Hyderabad,37,2023-08-20
CUST07710,Samuel Chandra,brijesh09@example.org,04255725158,Mumbai,32,2024-05-22
CUST07711,Vaishnavi Chahal,ishatak@example.org,6804100175,Jaipur,24,2024-02-02
CUST07712,Isaiah Rana,pradhanaditya@example.net,05160035228,Hyderabad,45,2023-04-17
CUST07713,Praneel Thaker,battaodika@example.net,02156628717,Kolkata,54,2023-03-08
CUST07714,William Shenoy,jainchasmum@example.com,5781577472,Hyderabad,55,2024-04-25
CUST07715,Jonathan Rama,gbhavsar@example.com,09018929266,Mumbai,28,2023-10-03
CUST07716,Neel Ravel,kavya90@example.org,+916794851433,Jaipur,28,2023-08-18
CUST07717,Jeremiah Halder,arinbansal@example.org,+916190657337,Kolkata,56,2024-03-30
CUST07718,Wakeeta Oak,baljiwan28@example.org,9378251841,Jaipur,30,2024-04-19
CUST07719,Manya Lanka,pratyushsant@example.net,+916066625983,Surat,66,2023-11-26
CUST07720,Yashodhara Dass,isaac48@example.org,+910312953149,Bangalore,26,2023-08-31
CUST07721,Dipta Karan,jkalla@example.com,00597167539,Pune,68,2023-06-28
CUST07722,Chakrika Suri,ekiya99@example.org,02345931413,Mumbai,23,2024-01-02
CUST07723,Liam Dara,esaini@example.net,+913897231960,Kolkata,68,2023-03-19
CUST07724,Shivansh Savant,caleb11@example.com,+919303060660,Bangalore,69,2024-05-14
CUST07725,Nathan Sule,tarora@example.net,9895130376,Pune,47,2023-10-12
CUST07726,Nathan Amble,satheharini@example.org,+918528931650,Hyderabad,28,2023-09-19
CUST07727,Raksha Parmar,vbandi@example.net,05196131372,Ahmedabad,18,2024-06-24
CUST07728,Caleb Gera,mnath@example.com,8818561078,Bangalore,30,2023-12-08
CUST07729,Dev Patel,xiti48@example.org,4637549557,Bangalore,37,2023-07-26
CUST07730,Udyati Natt,rkunda@example.org,09091199921,Kolkata,23,2023-08-31
CUST07731,Omya Contractor,zansi01@example.org,5303417370,Bangalore,33,2023-12-06
CUST07732,Oliver Khalsa,xkale@example.net,+917345564677,Chennai,45,2024-01-07
CUST07733,Nathaniel Goel,harshilkapoor@example.net,1510379384,Delhi,64,2023-12-06
CUST07734,Jeet Iyengar,ukhatri@example.org,+918317856998,Chennai,27,2023-12-04
CUST07735,Vansha Bhardwaj,parmerdayamai@example.com,8412736547,Jaipur,67,2023-07-04
CUST07736,Hemal Soni,ramachandrannaveen@example.org,5436205880,Pune,18,2023-04-06
CUST07737,Jack Guha,akara@example.org,05124785372,Ahmedabad,28,2024-03-23
CUST07738,Krishna Wagle,devansh11@example.com,1091236163,Pune,24,2023-06-28
CUST07739,Maya Chaudhry,ysami@example.org,8214599049,Ahmedabad,53,2024-05-09
CUST07740,Jeevika Malhotra,baghyawati16@example.org,+913247648945,Hyderabad,62,2023-07-31
CUST07741,Tamanna Sangha,xalakraju@example.org,+918752380196,Chennai,48,2023-07-31
CUST07742,Dhruv Pandya,reva02@example.org,01662585398,Hyderabad,47,2024-02-05
CUST07743,Ganga Prashad,svohra@example.org,7753321157,Chennai,66,2023-03-31
CUST07744,Aradhana Ben,shauryabaral@example.net,+919213592871,Delhi,42,2024-03-01
CUST07745,Ojasvi Khurana,chaudhurileena@example.org,9709571929,Bangalore,38,2024-04-30
CUST07746,Aadhya Solanki,vasaayushman@example.org,5146424060,Bangalore,43,2023-03-12
CUST07747,Bachittar Bobal,behlansh@example.org,03148341039,Pune,36,2023-04-24
CUST07748,Nathan Chaudhary,pkaran@example.com,7576024282,Hyderabad,56,2023-06-08
CUST07749,Laksh Menon,trama@example.org,+916339312089,Hyderabad,52,2023-10-11
CUST07750,Sanaya Shroff,nagifrederick@example.com,+915605195761,Delhi,40,2024-01-29
CUST07751,Maanav Hari,jeevikanazareth@example.net,7291703539,Ahmedabad,60,2023-10-22
CUST07752,Fariq Ramakrishnan,zsampath@example.net,2498503371,Surat,19,2023-07-16
CUST07753,Turvi Chatterjee,harrisonrau@example.net,05286652434,Chennai,56,2023-12-28
CUST07754,Vivaan Dass,pathaksai@example.net,+912263417878,Bangalore,67,2023-06-24
CUST07755,Darsh Nagy,arunima49@example.com,05530759277,Chennai,41,2024-01-12
CUST07756,Abhiram Bose,cheemakashish@example.net,+911445114048,Pune,39,2023-06-17
CUST07757,Vinaya Kara,vamakshinair@example.com,+916284689155,Jaipur,70,2023-08-19
CUST07758,Qasim Gandhi,azad05@example.com,+917670176939,Mumbai,57,2024-02-05
CUST07759,Gaurika Banerjee,geetika92@example.org,4996575657,Surat,66,2023-02-26
CUST07760,Liam Ganesan,baljiwanbhattacharyya@example.org,+913373666048,Hyderabad,22,2024-06-08
CUST07761,Chanakya Rajagopalan,madanyochana@example.net,+915106633090,Chennai,26,2023-03-22
CUST07762,Raghav Keer,yohannanbanjeet@example.com,8256813150,Ahmedabad,30,2023-11-01
CUST07763,Omaja Iyengar,aryasubramaniam@example.net,09672401665,Mumbai,31,2023-09-04
CUST07764,Tanish Sura,xbatta@example.net,04734480498,Kolkata,45,2024-05-21
CUST07765,Parth Parmer,matthew54@example.net,08021644007,Delhi,39,2024-01-13
CUST07766,Dayamai Mann,cpillai@example.org,+913090857603,Hyderabad,59,2024-03-13
CUST07767,Yashasvi Maharaj,sawhneyxavier@example.com,4767229773,Bangalore,45,2023-05-11
CUST07768,Xiti Dalal,suhani08@example.com,+913716324492,Bangalore,36,2024-01-09
CUST07769,Dayamai Guha,dayitajhaveri@example.com,+914268933789,Kolkata,42,2024-05-19
CUST07770,Aishani Nigam,choudhrymadhav@example.com,+910937016483,Ahmedabad,20,2023-12-28
CUST07771,Arin Doctor,gmenon@example.com,2513069575,Kolkata,44,2024-01-18
CUST07772,Omya Ramaswamy,balakrishnannoah@example.org,+911271183885,Bangalore,28,2024-05-05
CUST07773,Janaki Shah,anitaprabhakar@example.com,+910351744401,Hyderabad,61,2023-08-30
CUST07774,Abha Badami,wazirbiswas@example.org,+910052664762,Jaipur,24,2023-12-05
CUST07775,Gauri Ahuja,hemani85@example.com,2030882490,Ahmedabad,69,2023-07-03
CUST07776,Lucky Narang,ltiwari@example.com,07523255474,Delhi,40,2024-03-07
CUST07777,Alexander Setty,azad59@example.org,07825199913,Delhi,59,2024-05-24
CUST07778,Vrishti Lanka,bchokshi@example.com,+918085904195,Hyderabad,69,2023-08-14
CUST07779,Teerth Rege,hbose@example.org,+918607138520,Mumbai,28,2023-07-07
CUST07780,Omkaar Gaba,spal@example.net,09622455839,Pune,26,2024-05-04
CUST07781,Raagini Mane,bordesamuel@example.org,2642686042,Surat,50,2023-06-08
CUST07782,Aradhana Koshy,abdul95@example.com,01565843884,Hyderabad,61,2023-03-20
CUST07783,Eta Mukherjee,shethpanini@example.com,05999027024,Ahmedabad,18,2023-12-31
CUST07784,Meera Dhaliwal,geetikadubey@example.com,3497155134,Ahmedabad,59,2024-02-29
CUST07785,Girik Upadhyay,sunderojasvi@example.org,07968000252,Hyderabad,45,2024-03-10
CUST07786,Rachita Rege,vrishti98@example.com,4924659645,Mumbai,37,2023-09-10
CUST07787,Aayush Boase,ishita81@example.com,06007906699,Hyderabad,34,2024-02-04
CUST07788,Ishita Sawhney,jagratichopra@example.org,+914916853882,Delhi,56,2023-10-23
CUST07789,Yoshita Gera,krishnamurthyjagdish@example.com,8588376367,Ahmedabad,50,2023-05-06
CUST07790,Edhitha Kakar,sundernachiket@example.org,3110770139,Pune,67,2023-03-27
CUST07791,Yatan Kulkarni,zashilwadhwa@example.net,06023824522,Ahmedabad,63,2023-06-07
CUST07792,Rachana Anne,nattisha@example.com,03794896993,Pune,52,2023-02-15
CUST07793,Yashvi Dube,sarafzansi@example.org,1465810167,Pune,25,2023-11-15
CUST07794,Manbir Sood,unnikade@example.com,04366512250,Bangalore,45,2023-09-04
CUST07795,Aahana Pillay,qkothari@example.com,04213671701,Jaipur,66,2023-10-23
CUST07796,Lakshmi Rao,orajan@example.org,9683901470,Hyderabad,61,2023-09-08
CUST07797,Chakradhar Kamdar,benjamingupta@example.com,03539482466,Delhi,27,2023-09-28
CUST07798,Kai Dayal,rtank@example.org,3525439587,Mumbai,39,2023-02-15
CUST07799,Ayush Dayal,ichoudhury@example.net,0945517235,Surat,34,2023-06-06
CUST07800,Anay Krishnamurthy,divya25@example.org,2848739847,Chennai,50,2023-07-01
CUST07801,Bhavini Parekh,hemanginibhatia@example.net,00597928812,Surat,64,2024-02-11
CUST07802,Kala Murthy,triptikeer@example.com,+911956915959,Ahmedabad,45,2023-04-16
CUST07803,Advik Toor,neel70@example.com,08492863604,Mumbai,47,2023-05-31
CUST07804,Suhani Nath,yashicabanerjee@example.com,8662717786,Kolkata,20,2024-03-16
CUST07805,Wridesh Walla,suriniharika@example.com,4237779376,Delhi,49,2023-04-10
CUST07806,Yashodhara Dua,sathviknaik@example.org,02424835181,Ahmedabad,41,2023-07-24
CUST07807,Aarna Mallick,quincy93@example.com,7658501413,Mumbai,56,2023-06-21
CUST07808,Rajata Comar,nishasandal@example.com,6807510628,Pune,34,2024-04-04
CUST07809,Bhavna Shah,ekani04@example.org,+915260233523,Hyderabad,39,2024-04-12
CUST07810,Rudra Bawa,xsubramanian@example.org,5462033190,Kolkata,67,2024-03-07
CUST07811,Madhavi Rastogi,kprashad@example.com,06497910251,Mumbai,52,2024-01-12
CUST07812,Kamala Purohit,kiaanpandya@example.com,2932594551,Kolkata,29,2024-02-27
CUST07813,Abeer Yohannan,jyoti73@example.org,6251086612,Kolkata,40,2023-03-22
CUST07814,Mitali Shetty,jkale@example.org,0499408979,Hyderabad,19,2024-05-05
CUST07815,Shravya Lata,rswaminathan@example.org,6131681832,Ahmedabad,38,2024-03-01
CUST07816,Ira Palla,mmohan@example.net,7023865372,Kolkata,58,2024-01-14
CUST07817,Bina Nagy,khayre@example.com,04298658667,Mumbai,56,2023-08-22
CUST07818,Vidhi Minhas,xnatt@example.net,06558151961,Delhi,40,2023-05-31
CUST07819,Wriddhish Prabhu,ishanibarad@example.org,5449634174,Mumbai,52,2024-05-18
CUST07820,Chaitanya Sarma,mramanathan@example.org,+915035866194,Hyderabad,33,2023-03-24
CUST07821,Chandani Sinha,masongokhale@example.net,8118263436,Bangalore,23,2023-05-21
CUST07822,Nitara Nair,kundaveer@example.com,+916791811001,Jaipur,24,2024-05-30
CUST07823,Yashodhara Luthra,vinaya79@example.com,+919690685878,Bangalore,64,2024-04-16
CUST07824,Frado Oza,lakshmi32@example.net,+912588476079,Bangalore,58,2023-12-27
CUST07825,Sai Minhas,upma46@example.net,+913368285010,Ahmedabad,45,2024-03-24
CUST07826,Pratyush Malhotra,emani@example.com,+918911782384,Kolkata,40,2023-03-10
CUST07827,Nathaniel Chander,thomasnarula@example.net,01715363984,Ahmedabad,62,2023-11-24
CUST07828,Lohit Dubey,anandchandani@example.net,+917843206700,Surat,33,2023-07-09
CUST07829,Janya Dave,pbandi@example.com,08587533467,Jaipur,54,2024-01-17
CUST07830,Damyanti Sem,voratheodore@example.net,08920973047,Ahmedabad,20,2023-08-25
CUST07831,Chaaya Pradhan,jainyagnesh@example.com,07373274746,Delhi,38,2024-04-01
CUST07832,Balveer Behl,naveenbhandari@example.net,04678950028,Pune,20,2023-10-30
CUST07833,Reyansh Kumer,chakrika91@example.com,02567360135,Bangalore,56,2024-03-12
CUST07834,Lipika Kala,routalexander@example.com,+915002413505,Delhi,42,2023-08-31
CUST07835,Faras Chander,libniagrawal@example.net,+912627301667,Jaipur,64,2023-06-18
CUST07836,Kabir Peri,ayushmanprabhakar@example.com,02840584047,Delhi,39,2023-05-18
CUST07837,Faqid Shenoy,pbains@example.net,04811180305,Kolkata,45,2023-10-31
CUST07838,Tejas Goel,janakiraja@example.org,+915682559189,Hyderabad,19,2023-11-13
CUST07839,Qadim Karnik,ucchalsrinivasan@example.org,04375137210,Bangalore,65,2024-03-04
CUST07840,Yash Nagy,anvitoor@example.com,02029084291,Kolkata,64,2024-06-08
CUST07841,Aahana Virk,jananibahri@example.com,+916584436008,Delhi,45,2023-04-25
CUST07842,Vasudha Krish,timothydalal@example.org,+912578174249,Delhi,68,2024-05-03
CUST07843,Patrick Hari,lekhahalder@example.com,5223499367,Chennai,54,2023-12-27
CUST07844,Lakshmi Patla,wgandhi@example.org,9426692481,Kolkata,37,2023-11-03
CUST07845,Jatin Buch,kaleharsh@example.net,09708820378,Surat,50,2024-06-13
CUST07846,Gagan Sahota,frederickdhawan@example.com,0828108563,Jaipur,68,2024-02-23
CUST07847,Warinder Ahluwalia,sidhuparth@example.com,+914921112027,Chennai,62,2023-04-04
CUST07848,Shivani Merchant,kaivenkatesh@example.org,+910880727247,Mumbai,41,2023-05-24
CUST07849,Naveen Korpal,sanireva@example.com,+912691786633,Surat,48,2023-10-05
CUST07850,Peter Bhatti,amairaissac@example.org,4919349784,Chennai,66,2024-04-15
CUST07851,Chaitanya Ravel,samarthsuri@example.net,00478078309,Hyderabad,35,2023-09-08
CUST07852,Wridesh Sinha,faraj66@example.org,9088394119,Bangalore,35,2023-11-07
CUST07853,Michael Narain,karpeanika@example.net,+919149143704,Jaipur,60,2024-06-26
CUST07854,Karan Prashad,cwalia@example.com,0410229619,Mumbai,56,2024-04-08
CUST07855,Siddharth Bhavsar,aishani73@example.com,+919652782985,Hyderabad,29,2024-03-11
CUST07856,Azad Tandon,pprabhu@example.com,04816393593,Kolkata,35,2023-03-30
CUST07857,Hiral Chaudry,gabrielchana@example.com,09972337575,Mumbai,44,2024-02-15
CUST07858,Maanas Dutt,palojas@example.net,8868319833,Chennai,19,2024-02-06
CUST07859,Gaurangi De,okanda@example.com,03376903866,Hyderabad,60,2024-04-21
CUST07860,Geetika Malhotra,yochanarao@example.com,+914317802093,Bangalore,35,2023-11-16
CUST07861,Bhavini Raju,painidhi@example.net,03727535125,Kolkata,47,2023-06-30
CUST07862,Aayush Kalla,rastogianusha@example.org,4087481491,Surat,68,2024-03-13
CUST07863,Ekaja Kadakia,hiral64@example.org,5114379457,Pune,24,2023-05-30
CUST07864,Oscar Bhakta,darawazir@example.com,+917757165787,Chennai,32,2024-04-02
CUST07865,Theodore Prabhakar,qsamra@example.org,+917061170273,Mumbai,63,2024-06-12
CUST07866,Anika Rout,ria54@example.net,2182655397,Pune,32,2023-11-27
CUST07867,Megha Chander,gabrielkade@example.org,05301612351,Delhi,57,2024-05-17
CUST07868,Ekaja Anand,qbhalla@example.com,8861283989,Kolkata,64,2024-05-20
CUST07869,Ekiya Bose,aahanakaur@example.com,8490305035,Surat,70,2023-12-15
CUST07870,Isha Aggarwal,david58@example.com,09585489681,Ahmedabad,55,2023-03-21
CUST07871,Waida Loke,zchada@example.com,6666301068,Hyderabad,58,2023-05-22
CUST07872,Ekaraj Dugar,zayyan56@example.net,+918854570142,Surat,39,2024-01-20
CUST07873,Anjali Dave,chaturachadha@example.org,05559757886,Jaipur,42,2023-11-11
CUST07874,Aahana Sha,ayaansrinivas@example.net,09706621569,Ahmedabad,53,2023-04-19
CUST07875,Ishita Merchant,saanvi84@example.net,00254029016,Mumbai,39,2023-11-06
CUST07876,Finn Master,quincytalwar@example.net,7823017375,Pune,38,2023-06-12
CUST07877,Mitali Choudhry,bhardwajvinaya@example.com,07834260365,Pune,70,2023-07-13
CUST07878,Wahab Sani,ucchalsami@example.com,03563951662,Ahmedabad,27,2023-09-14
CUST07879,Kevin Khosla,jason50@example.net,04603338715,Ahmedabad,65,2024-06-17
CUST07880,Jagat Ratti,bahadurjit77@example.com,1623374752,Ahmedabad,31,2023-08-06
CUST07881,Kalpit Varkey,neha34@example.org,2072756522,Jaipur,62,2024-04-30
CUST07882,Logan Dayal,neha99@example.net,2389428778,Bangalore,61,2024-01-10
CUST07883,Darsh Arora,dhingragarima@example.org,6079262067,Hyderabad,34,2024-06-16
CUST07884,Indrajit Barad,christopherdalal@example.org,9349160692,Hyderabad,20,2024-05-21
CUST07885,Farhan Tandon,liam63@example.net,06073706852,Surat,23,2023-10-30
CUST07886,Geetika Sekhon,etiwari@example.org,6129991088,Ahmedabad,53,2024-03-14
CUST07887,Lavanya Lata,dubeykaran@example.net,+915134010730,Pune,23,2023-03-28
CUST07888,Faris Bhavsar,janakirana@example.net,08654711739,Chennai,65,2024-04-10
CUST07889,Pranav Saha,atiwari@example.com,+916570712612,Jaipur,41,2023-05-10
CUST07890,Jagvi Balakrishnan,ishita77@example.net,00172390702,Kolkata,36,2023-09-27
CUST07891,Sneha Krishnamurthy,jagdish81@example.com,02416219285,Pune,46,2024-04-26
CUST07892,Jai Krishna,pagrawal@example.org,+912113830322,Ahmedabad,19,2024-02-29
CUST07893,Vrinda Sibal,patiljatin@example.net,+911780694559,Bangalore,57,2023-09-07
CUST07894,Krishna Mukhopadhyay,amrutasarkar@example.org,+914344196783,Surat,28,2023-06-08
CUST07895,Frado Tella,vsarkar@example.org,01040306828,Surat,40,2023-03-25
CUST07896,Panini Vig,chandanimandal@example.net,+917185464394,Surat,45,2023-06-17
CUST07897,Onveer Dubey,singhalsamarth@example.org,+919648801659,Hyderabad,66,2024-04-23
CUST07898,Viraj Sood,barora@example.org,+913031333088,Mumbai,66,2023-04-01
CUST07899,Ekbal Datta,tkota@example.net,01064593400,Kolkata,53,2023-03-10
CUST07900,Prisha Bhandari,pnazareth@example.com,+913422830184,Ahmedabad,33,2023-12-15
CUST07901,Atharv Srinivasan,dsabharwal@example.org,4896914844,Hyderabad,52,2023-08-09
CUST07902,Pranav Sen,avi79@example.net,+910192492103,Bangalore,42,2024-05-03
CUST07903,Dominic Aurora,zparsa@example.com,6333871801,Surat,25,2023-08-19
CUST07904,Devansh Dar,hkumer@example.net,+910208307743,Delhi,43,2024-03-08
CUST07905,Ekavir Sule,tanmayi53@example.org,9839917537,Chennai,31,2023-10-22
CUST07906,Ekapad Maharaj,tarapalla@example.net,05830922612,Delhi,54,2023-04-11
CUST07907,Chakrika Chander,dorazashil@example.net,5565160732,Kolkata,29,2023-09-04
CUST07908,Gunbir Grover,brana@example.com,04239044123,Bangalore,67,2024-01-11
CUST07909,Sanya Yadav,ranveer18@example.com,+918556099646,Hyderabad,53,2024-02-07
CUST07910,Chandani Rama,vasanakala@example.org,7212337097,Hyderabad,40,2023-07-17
CUST07911,Omisha Gola,hpandya@example.net,04581373448,Chennai,44,2023-08-05
CUST07912,Janaki Ranganathan,jatinpillay@example.org,5733807155,Surat,35,2023-11-16
CUST07913,Rajata Sha,qmanda@example.org,1599589574,Pune,67,2024-02-12
CUST07914,Jatin Babu,omishagarde@example.org,+913650705835,Pune,58,2024-03-01
CUST07915,Darika Iyengar,chatterjeechandresh@example.net,02145792844,Delhi,60,2023-11-30
CUST07916,Tara Choudhury,rachitashroff@example.net,1652473583,Pune,50,2024-01-20
CUST07917,Ucchal Mahal,ubika71@example.org,+912818342133,Jaipur,52,2024-01-31
CUST07918,Vyanjana Mutti,sarmawriddhish@example.org,+910720218107,Hyderabad,32,2023-04-15
CUST07919,Naveen Mangal,fhayer@example.net,+911214278817,Hyderabad,49,2023-06-02
CUST07920,Yatan Murty,jchopra@example.org,6679980294,Ahmedabad,36,2023-06-08
CUST07921,Yutika Kari,chatresh63@example.com,0264579488,Ahmedabad,28,2023-05-21
CUST07922,Jeevika Baria,onveer08@example.org,5255534490,Bangalore,43,2023-04-20
CUST07923,Dalbir Salvi,peter39@example.org,7783203427,Kolkata,18,2023-03-31
CUST07924,Pahal Vasa,mason30@example.org,06800365168,Jaipur,39,2023-12-27
CUST07925,Rajata Kaur,minhasbhavya@example.net,9734161382,Ahmedabad,59,2024-02-04
CUST07926,Dhruv Varghese,hkoshy@example.net,+918839682869,Bangalore,61,2024-05-13
CUST07927,Urmi Dugal,raovasudha@example.net,+919749521010,Delhi,42,2023-11-29
CUST07928,Nathan Char,orinder86@example.org,04238717647,Surat,59,2023-04-26
CUST07929,Patrick Golla,ndeshmukh@example.org,4051080872,Hyderabad,44,2024-06-05
CUST07930,Eta Johal,ganga54@example.com,6466457000,Hyderabad,30,2023-08-16
CUST07931,Balvan Patil,ksrinivas@example.net,07773678289,Mumbai,57,2024-01-29
CUST07932,Nilima Bajaj,jeet54@example.net,+910359621550,Chennai,26,2023-05-20
CUST07933,Liam Mittal,vasashivansh@example.net,04270802147,Surat,57,2024-06-23
CUST07934,Akshay Narayan,charvichadha@example.net,07165108036,Jaipur,23,2024-05-01
CUST07935,Frederick Natarajan,siddharth37@example.com,02798916950,Surat,54,2023-02-18
CUST07936,Zaid Batta,nachiketkhare@example.org,03594295722,Hyderabad,19,2024-01-17
CUST07937,Charan Pai,gmisra@example.net,6633336485,Pune,57,2023-11-04
CUST07938,Yauvani Mody,thamanindali@example.net,+910926425609,Chennai,28,2023-04-07
CUST07939,Ekani Solanki,zayyanparekh@example.org,07618041878,Surat,58,2023-07-10
CUST07940,Balendra Gera,ekajachopra@example.com,+910404862021,Ahmedabad,61,2024-03-10
CUST07941,Robert Tailor,surinidhi@example.net,+916721363862,Delhi,41,2024-04-30
CUST07942,Ishanvi Subramanian,darreyansh@example.com,06674077811,Mumbai,65,2023-04-15
CUST07943,Noah Sachdeva,nathanielgoswami@example.com,09450352922,Surat,68,2023-08-17
CUST07944,Yagnesh Nayar,bachittaryohannan@example.net,0374816854,Hyderabad,53,2023-06-03
CUST07945,Unni Rajan,pkumer@example.net,+919179297637,Jaipur,30,2023-07-08
CUST07946,Sanaya Kadakia,urishilladara@example.net,07262977750,Bangalore,47,2024-03-03
CUST07947,Leela Sani,vmaster@example.org,05509356003,Pune,64,2023-05-28
CUST07948,Nathaniel Balay,waidadora@example.net,7650388315,Chennai,29,2023-08-04
CUST07949,Samaksh Edwin,adwetagulati@example.net,02540402367,Ahmedabad,63,2023-04-27
CUST07950,Libni Sidhu,idikadara@example.org,01250543567,Chennai,38,2024-05-22
CUST07951,Nakul Thakkar,bhavna72@example.org,03021403209,Bangalore,36,2023-07-29
CUST07952,Oni Bhattacharyya,bailmanya@example.net,6711364195,Delhi,19,2023-07-26
CUST07953,Abha Butala,ksavant@example.net,+917627478219,Chennai,54,2023-07-17
CUST07954,Ishani Dass,galafitan@example.org,+911811967827,Ahmedabad,47,2023-04-20
CUST07955,Gagan Contractor,adyaravi@example.net,+915168520056,Chennai,61,2024-03-06
CUST07956,Kashvi Kapoor,xgara@example.net,+912263115497,Surat,46,2024-05-23
CUST07957,Udant Prabhakar,mason96@example.com,+917134176083,Chennai,68,2024-05-15
CUST07958,Vihaan Chacko,utkarshyogi@example.net,+912343152139,Bangalore,47,2023-07-15
CUST07959,Jeet Gade,xdeshmukh@example.org,4033011917,Jaipur,59,2024-05-25
CUST07960,Tanvi Aurora,gunbirdate@example.com,4001092589,Delhi,69,2024-05-26
CUST07961,Chanakya Nadig,balanumang@example.net,2787426077,Surat,39,2024-06-16
CUST07962,Chaitaly Wali,urvashi28@example.org,05385830918,Bangalore,33,2023-05-04
CUST07963,Naksh Dubey,zkhalsa@example.net,+911229289240,Ahmedabad,64,2023-10-16
CUST07964,Ekapad Ram,lkorpal@example.org,9548232032,Delhi,18,2024-05-06
CUST07965,Megha Gupta,jagrati38@example.org,1176752546,Mumbai,61,2023-09-26
CUST07966,Dayita Samra,praneel54@example.net,04775951027,Hyderabad,51,2023-09-21
CUST07967,Aryan Singhal,sastryelijah@example.org,0215093048,Ahmedabad,42,2023-02-16
CUST07968,Pranav Sangha,eraj@example.com,2797608171,Delhi,68,2023-05-13
CUST07969,Ishaan Manda,urmiravi@example.com,08786469432,Hyderabad,34,2024-04-14
CUST07970,Girik Behl,manankhare@example.net,8473261568,Jaipur,25,2023-06-03
CUST07971,Azad Rajagopalan,jsawhney@example.com,06615571584,Surat,59,2023-10-29
CUST07972,Simon Mand,qrajagopal@example.net,+914546456392,Jaipur,63,2023-10-25
CUST07973,Aadhya Desai,devritti@example.org,7886946586,Mumbai,46,2023-04-30
CUST07974,Bhanumati Boase,thamantanvi@example.net,06746391599,Ahmedabad,70,2024-04-20
CUST07975,Nandini Rajan,noah34@example.org,2096785982,Mumbai,36,2023-07-16
CUST07976,Ekalinga Loyal,kibedarpan@example.org,04543673161,Hyderabad,70,2023-12-29
CUST07977,Mohammed Mohanty,shethdarsh@example.org,1373242338,Mumbai,41,2023-03-02
CUST07978,Oviya Kari,wsarna@example.com,8465085285,Hyderabad,63,2023-07-21
CUST07979,Bhavani Guha,poojamital@example.com,07776035641,Jaipur,58,2024-02-06
CUST07980,Prisha Pau,ibhatnagar@example.com,3860458597,Ahmedabad,45,2023-09-13
CUST07981,Wriddhish Mutti,ishitasampath@example.com,0256873499,Delhi,24,2023-06-06
CUST07982,Vaishnavi Jain,alexanderthakkar@example.org,+917746894508,Bangalore,34,2024-01-11
CUST07983,Dhruv Sachdeva,gavinswamy@example.org,1962951061,Surat,66,2023-12-08
CUST07984,Ekaraj Mahal,vyasadweta@example.com,+913042433881,Delhi,64,2024-05-22
CUST07985,Ayushman Wali,neelsuresh@example.com,7205011140,Bangalore,41,2023-08-20
CUST07986,Omaja Vora,pandyaaarav@example.com,04201788270,Hyderabad,60,2024-02-04
CUST07987,Leela Natarajan,balendraghose@example.org,07076979115,Pune,27,2024-05-26
CUST07988,William Basu,kamalapingle@example.org,+910888913793,Chennai,68,2023-05-14
CUST07989,Qarin Rajagopal,cbahri@example.org,5836204638,Ahmedabad,31,2023-02-13
CUST07990,Ayaan Goda,fparsa@example.org,+915497341656,Kolkata,24,2023-10-18
CUST07991,Rachit Walia,omyabajaj@example.org,7492338318,Pune,59,2023-07-16
CUST07992,Eesha Gara,uravi@example.net,+911762340826,Delhi,47,2023-06-05
CUST07993,Barkha Nagy,jatinshankar@example.org,+914357243349,Ahmedabad,66,2023-04-08
CUST07994,Christopher Lalla,jalsa31@example.net,+918699234273,Chennai,66,2023-07-14
CUST07995,Azaan Sharma,vdeo@example.net,6522924450,Kolkata,39,2023-08-19
CUST07996,Abeer Agrawal,gillekani@example.org,06574493285,Kolkata,62,2023-08-18
CUST07997,Pallavi Soman,chasmumkrishnamurthy@example.com,1192437069,Ahmedabad,39,2023-06-06
CUST07998,Aayush Deol,joshiradha@example.net,02205767327,Ahmedabad,62,2024-03-15
CUST07999,Anirudh Sethi,vasana90@example.org,1821340120,Kolkata,54,2024-05-16
CUST08000,Vyanjana Raman,bhavyatalwar@example.org,03782259635,Kolkata,56,2023-10-30
CUST08001,Bahadurjit Chatterjee,rajaarav@example.net,09220572630,Mumbai,66,2024-04-05
CUST08002,Mohammed Desai,gabrielbir@example.org,05953233172,Bangalore,27,2023-08-06
CUST08003,Aarna Lad,sethiyahvi@example.org,+910715271159,Jaipur,36,2023-05-21
CUST08004,Kala Shukla,aggarwalwishi@example.org,+915910213959,Mumbai,32,2023-02-22
CUST08005,Arunima Golla,xkanda@example.org,07485636678,Pune,54,2023-11-15
CUST08006,Balveer Narayanan,jacksontalwar@example.com,7615209321,Pune,63,2023-10-14
CUST08007,Qarin Goel,smangal@example.com,3935029176,Kolkata,37,2024-03-02
CUST08008,Amol Om,advaith40@example.com,05151509095,Bangalore,54,2024-03-05
CUST08009,Noah Kashyap,fariqarora@example.net,4712822567,Kolkata,48,2023-05-20
CUST08010,Atharv Saran,edivan@example.net,+910697080990,Ahmedabad,61,2023-10-22
CUST08011,Bhanumati Sehgal,wkrish@example.org,0156299380,Kolkata,27,2023-02-18
CUST08012,Jalsa Balasubramanian,gopal79@example.net,1230030560,Bangalore,27,2023-11-13
CUST08013,Yamini Loyal,yash08@example.com,05062067353,Surat,36,2023-02-18
CUST08014,Devika Lall,pallavichaudhry@example.net,03130309847,Hyderabad,34,2023-10-11
CUST08015,Ayaan Choudhary,shaurya18@example.com,00325683749,Chennai,19,2024-04-18
CUST08016,Praneel Sule,divya34@example.org,02258900221,Chennai,55,2023-11-18
CUST08017,Ekantika Srivastava,achatterjee@example.org,9017378949,Kolkata,27,2024-05-06
CUST08018,Peter Choudhry,obhavsar@example.org,01794220567,Surat,18,2024-05-13
CUST08019,Qadim Tank,jwalia@example.net,+919290280308,Kolkata,41,2024-03-21
CUST08020,Balvan Krishna,nakul29@example.org,2885341189,Jaipur,65,2024-01-02
CUST08021,Raksha Kalla,gunbir57@example.net,+910619085802,Jaipur,43,2024-03-16
CUST08022,Abeer Karan,arunimalala@example.com,+915219476983,Ahmedabad,57,2023-06-12
CUST08023,Ikbal Chana,fparsa@example.com,9036042632,Bangalore,40,2023-07-10
CUST08024,Wakeeta Tandon,ria39@example.com,7811598191,Bangalore,55,2024-03-25
CUST08025,Jagrati Oak,gautamikhalsa@example.org,4444496280,Jaipur,38,2023-06-29
CUST08026,Veda Bhardwaj,bhavyakrish@example.net,+913785382978,Jaipur,41,2024-03-05
CUST08027,Jai Chanda,falakmitra@example.org,04643648057,Hyderabad,49,2023-12-15
CUST08028,Agastya Patil,chandranudyati@example.net,+913816484248,Bangalore,51,2023-06-05
CUST08029,Ishita Setty,simon03@example.org,3714715496,Ahmedabad,29,2023-04-29
CUST08030,Ekbal Ratta,zlad@example.org,04853679289,Ahmedabad,42,2024-04-05
CUST08031,Yashodhara Comar,borahbimala@example.com,+919354541886,Mumbai,60,2024-03-30
CUST08032,Sathvik Murthy,cmohanty@example.org,+914770760881,Delhi,39,2024-02-17
CUST08033,Omaja Uppal,lallasamesh@example.org,06413730522,Chennai,37,2023-05-25
CUST08034,Ganga Dube,seshadripeter@example.com,+913411239499,Chennai,32,2023-08-16
CUST08035,Falguni Cherian,rauteerth@example.net,8058585192,Bangalore,35,2023-02-20
CUST08036,Maanas Sarraf,vdhingra@example.org,+918417354451,Surat,67,2023-10-06
CUST08037,Benjamin Dara,prabhakarjanaki@example.com,+919456782759,Delhi,59,2024-02-06
CUST08038,Arin Ranganathan,ayaanbhalla@example.net,03872237402,Chennai,40,2023-11-09
CUST08039,Zaitra Dayal,matthew00@example.org,5675395751,Ahmedabad,47,2023-08-02
CUST08040,Januja Oza,forum47@example.org,1606287886,Surat,58,2023-08-20
CUST08041,Mitali Saxena,sensamaksh@example.net,03122007393,Mumbai,65,2023-10-11
CUST08042,Harinakshi Banik,tswaminathan@example.com,08571844092,Jaipur,32,2023-09-02
CUST08043,Arya Mane,shauryabath@example.com,2696307946,Chennai,41,2023-03-01
CUST08044,Imaran Bera,ikbalsharaf@example.net,4790088987,Mumbai,43,2023-09-08
CUST08045,Xiti Dasgupta,psule@example.net,1496661696,Delhi,39,2023-04-12
CUST08046,Indira Mitra,sarthak53@example.org,1366381087,Jaipur,22,2024-05-12
CUST08047,Wazir Mahajan,farhan52@example.org,06009269830,Kolkata,53,2024-03-02
CUST08048,Eiravati Purohit,dalbir23@example.net,2891914967,Jaipur,65,2023-09-11
CUST08049,Vedika Raju,garima38@example.org,+912254846952,Jaipur,23,2024-02-20
CUST08050,Ethan Keer,vgoswami@example.net,8141593163,Mumbai,46,2024-06-07
CUST08051,Ekapad Sridhar,gbobal@example.com,8625830869,Surat,51,2023-08-06
CUST08052,Ranbir Kalla,amol49@example.org,04636189025,Chennai,33,2024-03-07
CUST08053,Eshana Sunder,falangara@example.net,03297198085,Kolkata,69,2023-03-12
CUST08054,Yatin Parikh,opanchal@example.com,02490636590,Bangalore,62,2024-04-28
CUST08055,Aryan Anne,henrybakshi@example.com,+913383838696,Chennai,32,2024-01-25
CUST08056,Varsha Majumdar,aadi65@example.com,3247539738,Ahmedabad,29,2023-09-28
CUST08057,Aayush Batra,vedaluthra@example.org,+914436235641,Mumbai,56,2024-04-30
CUST08058,Kashish Gole,netra84@example.net,09138047538,Kolkata,53,2023-06-28
CUST08059,Yamini Rastogi,xmandal@example.net,06643550097,Kolkata,23,2024-01-07
CUST08060,Warinder Parikh,nisha55@example.org,01733822494,Chennai,64,2023-07-09
CUST08061,Owen Palla,jatinpadmanabhan@example.net,0540216759,Delhi,26,2023-03-26
CUST08062,Aishani Sarraf,tejas48@example.net,03158080888,Jaipur,37,2023-08-13
CUST08063,Zashil Kibe,urandhawa@example.net,+912518991069,Mumbai,31,2023-10-05
CUST08064,Zaitra Naik,lde@example.com,7768586014,Chennai,33,2023-11-25
CUST08065,Idika Arora,maanavbalay@example.com,1211610735,Surat,66,2024-03-20
CUST08066,Jagdish Saxena,skrishnamurthy@example.net,9197875551,Surat,48,2023-08-15
CUST08067,Gagan Bath,asharaf@example.org,09123917376,Ahmedabad,24,2023-02-14
CUST08068,Radhika Lad,fsubramanian@example.com,00724488027,Jaipur,68,2023-03-07
CUST08069,Meghana Vaidya,ichopra@example.org,9104330317,Mumbai,38,2023-09-15
CUST08070,Omkaar Gara,chakrikakala@example.net,02343856299,Delhi,30,2023-08-20
CUST08071,Samarth Loke,qchakraborty@example.com,+910234577477,Ahmedabad,25,2023-07-07
CUST08072,Inaya Balay,esibal@example.com,+919123731871,Ahmedabad,23,2024-06-13
CUST08073,Andrew Parmer,samar12@example.org,7788158980,Ahmedabad,30,2024-06-11
CUST08074,Tarak Kashyap,idika38@example.org,03113407610,Delhi,52,2024-05-12
CUST08075,Robert Hayre,zilmilsawhney@example.org,0634353302,Surat,31,2024-04-01
CUST08076,Raagini Walla,ydada@example.com,4508116275,Surat,49,2024-04-22
CUST08077,Kabir Varty,wadhwafarhan@example.net,4033441860,Kolkata,54,2024-03-25
CUST08078,Bimala Wason,qkaran@example.net,07240353222,Mumbai,55,2023-08-05
CUST08079,Tanveer Apte,ishaniborde@example.org,+913745241200,Hyderabad,25,2024-06-23
CUST08080,Bimala Agrawal,anya57@example.com,07222997712,Ahmedabad,67,2024-04-28
CUST08081,Hemangini Swamy,arorasara@example.org,3531875163,Chennai,55,2023-08-25
CUST08082,Advay Jhaveri,keya94@example.com,9497177104,Surat,66,2023-05-10
CUST08083,Warinder Guha,dalajahari@example.com,01357160629,Ahmedabad,18,2023-02-26
CUST08084,Yachana Narula,tankchandani@example.net,03502621966,Kolkata,66,2024-03-25
CUST08085,Riya Sarraf,daniel05@example.org,+914429979582,Hyderabad,56,2023-08-01
CUST08086,Aarnav Dhar,misramadhavi@example.com,3034786556,Kolkata,49,2024-04-09
CUST08087,Janaki Ray,jagratibhalla@example.org,+914109833514,Bangalore,39,2024-02-05
CUST08088,Timothy Balasubramanian,aarnav46@example.net,02742931110,Jaipur,48,2023-04-08
CUST08089,Triveni Varma,varkeyaditya@example.org,+911468462509,Jaipur,36,2023-05-29
CUST08090,Neha Swamy,krish43@example.org,1421195637,Kolkata,34,2023-08-27
CUST08091,Kala Bhargava,bchokshi@example.org,0293781979,Jaipur,33,2023-10-25
CUST08092,Irya Goswami,oshapandey@example.net,+919746249995,Pune,35,2023-04-17
CUST08093,Yash Sane,qchhabra@example.net,07578148936,Jaipur,50,2023-06-08
CUST08094,Hritik Sibal,onveersrivastava@example.com,+912280967240,Kolkata,58,2024-02-22
CUST08095,Kala Dhingra,sethiguneet@example.net,+911533035693,Ahmedabad,25,2024-06-26
CUST08096,Indali Mitra,qgopal@example.net,2640927628,Bangalore,49,2024-01-16
CUST08097,Krishna Joshi,udant98@example.org,+919635257203,Mumbai,38,2024-04-01
CUST08098,Ishani Chana,hritik00@example.com,+912421015044,Jaipur,48,2024-01-28
CUST08099,Rajata Parmar,pbera@example.com,8952251285,Ahmedabad,28,2023-03-01
CUST08100,Janani Ahluwalia,nachiketbaral@example.net,06431306107,Bangalore,22,2023-08-04
CUST08101,William Oommen,georgeben@example.net,06534298756,Hyderabad,61,2023-06-19
CUST08102,Deepa Subramanian,nkadakia@example.net,09552298778,Kolkata,24,2023-06-19
CUST08103,Irya Kale,frederickvasa@example.com,02422609084,Ahmedabad,39,2023-08-24
CUST08104,Anay Choudhary,rakshadey@example.com,+915982965294,Jaipur,70,2024-06-05
CUST08105,Yatin Dugar,taknitara@example.com,02254972607,Bangalore,30,2023-10-13
CUST08106,Qushi Gara,diya64@example.com,07606541829,Delhi,66,2023-09-26
CUST08107,Pratyush Lanka,khatridhriti@example.org,+914452566945,Chennai,31,2023-11-17
CUST08108,Chandani Chaudhari,hemal53@example.org,2276644772,Kolkata,50,2023-10-24
CUST08109,Isaac Narasimhan,upadhriti57@example.net,+911815780950,Kolkata,38,2024-02-10
CUST08110,Indali Sekhon,paninisrivastava@example.net,07549652988,Jaipur,48,2023-11-11
CUST08111,Yachana Verma,mason73@example.org,+910259967272,Delhi,61,2023-12-19
CUST08112,Faris Bhargava,vamakshibala@example.com,0464045799,Kolkata,57,2023-05-23
CUST08113,Vanya Ahuja,fchawla@example.net,01414061714,Chennai,54,2023-04-19
CUST08114,Chasmum Wali,edin@example.org,02524738069,Bangalore,38,2024-04-20
CUST08115,Zayyan Naidu,pandeyfarhan@example.net,9958306374,Bangalore,30,2024-05-13
CUST08116,Indira Sane,karpeojasvi@example.net,07715539049,Hyderabad,68,2024-04-03
CUST08117,Laksh Kar,yochanacheema@example.com,+911994773742,Bangalore,28,2023-04-08
CUST08118,Yash Aggarwal,brindasachdeva@example.org,+919271833957,Surat,60,2023-02-25
CUST08119,Sai Comar,lakshitjain@example.org,04656005131,Bangalore,38,2023-07-17
CUST08120,Turvi Shere,guneet03@example.org,+919751062558,Jaipur,48,2024-01-06
CUST08121,Tarak Sankar,tailorucchal@example.org,+915911142547,Surat,68,2023-10-13
CUST08122,Abdul Bajaj,revachoudhry@example.com,2090693955,Hyderabad,67,2023-04-04
CUST08123,Advay Kata,priya84@example.com,9340127799,Kolkata,32,2023-11-22
CUST08124,Varenya Nath,guptaabdul@example.org,03013970076,Kolkata,48,2023-06-05
CUST08125,Abhiram Dhawan,edas@example.net,3169886789,Kolkata,41,2023-10-02
CUST08126,Sara Anne,boraekta@example.com,7766060614,Bangalore,37,2023-08-06
CUST08127,Raghav Walia,raghavanhema@example.org,1750094266,Pune,64,2023-05-19
CUST08128,Gaurika Krish,sainiira@example.org,2301965162,Pune,65,2024-02-02
CUST08129,Yutika Dhawan,yastiramesh@example.net,03952841599,Pune,46,2023-09-06
CUST08130,Ranbir Mangat,chokshioni@example.com,+917537617508,Kolkata,45,2024-02-14
CUST08131,Gabriel Maharaj,udhillon@example.com,+911558677524,Surat,43,2024-03-09
CUST08132,Abhimanyu Khanna,lavanyakohli@example.org,+915097256726,Hyderabad,18,2023-11-02
CUST08133,Odika Badami,vbhatnagar@example.com,2074512878,Hyderabad,21,2023-09-14
CUST08134,Samaksh Johal,znadkarni@example.net,5666392291,Hyderabad,40,2023-08-30
CUST08135,Pahal Chopra,kadekamya@example.net,7248219436,Bangalore,47,2024-06-16
CUST08136,Gauri Khanna,jagathans@example.org,+919568866571,Kolkata,19,2023-11-03
CUST08137,Sachi Garg,abhirambarad@example.org,0165108284,Chennai,31,2023-03-04
CUST08138,Lipika Deo,zanne@example.com,5064239459,Kolkata,36,2024-02-14
CUST08139,Radhika Bhasin,raujatin@example.net,05557889679,Pune,19,2023-04-19
CUST08140,Sanya Deol,odika92@example.com,01872046594,Pune,45,2024-04-21
CUST08141,Avi Hans,amital@example.com,3016563854,Hyderabad,38,2024-06-12
CUST08142,Owen Bava,vroy@example.com,+918771352513,Jaipur,53,2023-06-02
CUST08143,Madhav Bal,nachiket26@example.org,02976827442,Chennai,69,2024-01-02
CUST08144,Mason Datta,nigameshana@example.org,+913591641954,Chennai,57,2024-06-18
CUST08145,Faris Sachar,kmore@example.com,4857489312,Jaipur,46,2023-11-03
CUST08146,Yadavi Lata,ntrivedi@example.org,+917332483719,Kolkata,24,2023-07-09
CUST08147,Ekapad Sathe,vohraabhimanyu@example.org,+915611730650,Delhi,33,2024-01-26
CUST08148,Wahab Choudhary,karpejackson@example.com,3033283614,Bangalore,38,2024-03-18
CUST08149,Raksha Ganesan,knagi@example.org,03824235238,Ahmedabad,64,2023-06-25
CUST08150,Dalbir Zacharia,basuzayyan@example.net,5723634709,Surat,48,2024-06-17
CUST08151,Anthony Gera,kgrewal@example.net,6298542656,Mumbai,67,2024-03-20
CUST08152,Dipta Karan,comarqabil@example.net,+918547075201,Hyderabad,62,2023-09-17
CUST08153,Yasti Patla,krishcharles@example.com,1584971618,Ahmedabad,33,2024-05-09
CUST08154,Zarna Dugar,kamdarraagini@example.com,3453163219,Kolkata,56,2023-04-10
CUST08155,Ekani Nagi,nakshwadhwa@example.net,04554350682,Surat,42,2024-06-10
CUST08156,Mugdha Gandhi,gautam78@example.com,8625480831,Mumbai,24,2023-07-13
CUST08157,Atharv Dani,yatin88@example.net,+912382889270,Mumbai,58,2024-01-31
CUST08158,Dev Din,falguni37@example.net,+919578816000,Pune,35,2023-05-15
CUST08159,Agastya Barad,bdash@example.net,+913289023170,Jaipur,41,2024-02-12
CUST08160,Rachit Seshadri,ekansh69@example.com,5246044808,Ahmedabad,36,2023-08-10
CUST08161,Yadavi Balan,gpathak@example.com,02159718961,Delhi,48,2023-06-16
CUST08162,Urishilla Solanki,loyalandrew@example.org,+916836503567,Bangalore,65,2024-01-13
CUST08163,Devika Mander,farisgoel@example.com,+911048045866,Delhi,38,2024-05-30
CUST08164,Chaaya Dugar,vshroff@example.com,2541434998,Hyderabad,70,2024-04-20
CUST08165,Matthew D’Alia,tara21@example.net,+912153472519,Bangalore,27,2023-05-10
CUST08166,Gopal Koshy,cnazareth@example.org,+914636363996,Surat,37,2023-08-21
CUST08167,Vivaan Kohli,pratyush58@example.net,09119350984,Surat,30,2023-05-14
CUST08168,Fitan Som,ghoseqarin@example.net,0049700400,Jaipur,23,2023-06-01
CUST08169,Oni Patel,tpathak@example.org,08144061557,Ahmedabad,33,2023-10-06
CUST08170,Atharv Borra,wakeeta18@example.com,+911981039068,Pune,54,2024-03-19
CUST08171,Ekiya Gopal,ekiya27@example.com,06465314007,Jaipur,66,2023-06-20
CUST08172,Qadim Agate,girish46@example.org,+915327654963,Kolkata,53,2024-03-03
CUST08173,Ronith Prabhu,balaarin@example.com,3272185238,Jaipur,70,2023-02-21
CUST08174,Nidra Kala,ychopra@example.net,2073053977,Kolkata,62,2023-09-14
CUST08175,Upadhriti Din,mbandi@example.net,0738424321,Mumbai,26,2024-02-24
CUST08176,Gaurangi Bhavsar,ddalia@example.org,06131639482,Delhi,68,2023-11-09
CUST08177,Atharv Tata,chandreshvarughese@example.net,4873828875,Pune,41,2023-10-27
CUST08178,Ishita Peri,chakrabortyabdul@example.com,2003717537,Ahmedabad,65,2023-11-30
CUST08179,Nitara Char,xbir@example.org,03846249921,Chennai,29,2024-04-16
CUST08180,Harsh Ghosh,manan25@example.net,04549936457,Pune,47,2023-10-11
CUST08181,Xalak Tiwari,wloyal@example.org,03079738991,Chennai,47,2024-05-24
CUST08182,Leena Raghavan,echad@example.org,04947028155,Pune,39,2023-12-08
CUST08183,Ryan Raghavan,anjali85@example.org,0080443162,Chennai,61,2024-05-08
CUST08184,Ishanvi Randhawa,cviswanathan@example.org,9072345973,Kolkata,34,2024-01-09
CUST08185,Ranveer Kalita,sethihemang@example.com,4502703142,Surat,65,2023-10-19
CUST08186,Arya Baral,balajanya@example.org,+914612448171,Mumbai,26,2023-09-14
CUST08187,Udarsh Ganguly,ramaupma@example.net,+912337381005,Delhi,59,2023-10-15
CUST08188,Ucchal Choudhry,krisha40@example.com,+916655942995,Hyderabad,45,2023-10-09
CUST08189,Ikbal Bora,rmahajan@example.net,02670142029,Hyderabad,69,2023-04-04
CUST08190,Aadi Rao,kevinmukhopadhyay@example.org,+917319397948,Ahmedabad,69,2023-12-19
CUST08191,Hredhaan Yohannan,jrandhawa@example.net,07486937915,Mumbai,51,2024-03-16
CUST08192,Vincent Garg,udevan@example.org,4961713989,Mumbai,50,2024-03-06
CUST08193,Upadhriti Lanka,duatriya@example.org,2723910555,Pune,19,2023-11-08
CUST08194,Ryan Walla,pallagopal@example.net,09236705111,Surat,45,2023-04-26
CUST08195,Kamya Bora,balayjagrati@example.net,02405152566,Mumbai,50,2023-07-24
CUST08196,Azad Vaidya,somsaanvi@example.com,02627933925,Pune,68,2024-03-22
CUST08197,Yug Rai,zsibal@example.com,+913108610948,Jaipur,49,2023-09-11
CUST08198,Veda Parmer,ydass@example.com,2000228082,Kolkata,54,2023-03-05
CUST08199,Riya Swamy,xkohli@example.org,+911167884157,Pune,58,2024-06-01
CUST08200,Veda Kala,brinda32@example.com,+914500095689,Delhi,65,2024-03-08
CUST08201,Zaitra Bahri,sehgalmohammed@example.net,06720367887,Delhi,54,2023-02-16
CUST08202,Harini Narain,sheremadhav@example.net,00452269933,Delhi,53,2024-01-29
CUST08203,Yahvi Contractor,aryapeter@example.net,+915446686693,Delhi,52,2023-04-30
CUST08204,Jagrati Sani,ekaja68@example.net,4259930690,Bangalore,69,2023-11-07
CUST08205,Yuvraj Minhas,rayaan21@example.net,+917488823947,Jaipur,23,2023-07-04
CUST08206,Warda Shah,sethipavani@example.net,07320774239,Surat,47,2023-08-29
CUST08207,Manthan Kanda,swason@example.net,+916300566937,Surat,59,2024-02-04
CUST08208,Ekaja Khalsa,neelmore@example.org,1485852186,Chennai,66,2023-07-17
CUST08209,Aarini Baral,sacharya@example.org,2230324432,Delhi,67,2023-03-01
CUST08210,Kritika Lala,chandanichawla@example.com,05945207138,Hyderabad,70,2024-02-13
CUST08211,Karan Koshy,sharmalipika@example.com,07007239119,Kolkata,47,2024-01-21
CUST08212,Nathaniel Ram,rkata@example.net,03002986919,Ahmedabad,65,2023-03-22
CUST08213,Jeremiah Nori,petersampath@example.com,+912386901390,Bangalore,59,2023-03-27
CUST08214,Tanveer Subramaniam,kai43@example.com,0878456135,Pune,22,2023-07-27
CUST08215,Jairaj Gopal,merchantyash@example.org,00646943039,Bangalore,59,2024-04-01
CUST08216,Nilima Bahl,danieldutt@example.com,7214501406,Surat,39,2023-08-08
CUST08217,Dhruv Sethi,fmistry@example.org,03278232697,Ahmedabad,51,2023-12-20
CUST08218,Samuel Kibe,kalakeya@example.net,+915105054810,Hyderabad,19,2024-03-13
CUST08219,Daksha Devi,pushti97@example.com,+918178106988,Hyderabad,54,2023-02-13
CUST08220,Panini Bumb,gulatijeremiah@example.net,+915347254271,Kolkata,18,2024-03-09
CUST08221,Radhika Mital,rdar@example.com,+914877774372,Surat,42,2024-03-11
CUST08222,Samarth Talwar,yadavisuri@example.com,9885740867,Mumbai,18,2024-01-04
CUST08223,Vivaan Shah,choudhryansh@example.org,09559853131,Chennai,38,2024-05-12
CUST08224,Parth Ravi,purionveer@example.com,+910397012792,Hyderabad,27,2023-12-27
CUST08225,Aradhana Ganesh,varsha27@example.com,+911737045788,Kolkata,32,2023-06-06
CUST08226,Caleb Peri,obalakrishnan@example.com,+914506551070,Surat,61,2024-05-10
CUST08227,Banjeet Kohli,ronith21@example.net,00776497789,Pune,52,2023-08-11
CUST08228,Azad Dugar,leela74@example.net,6559854049,Ahmedabad,59,2024-01-31
CUST08229,Riya Dar,jack02@example.org,+918745930850,Chennai,67,2024-04-28
CUST08230,Prisha Bhavsar,rameshhemangini@example.org,9853470897,Surat,40,2024-01-06
CUST08231,Chatura Sarna,bhans@example.net,+914068450271,Surat,27,2024-06-08
CUST08232,Pratyush Sankar,luthraaachal@example.org,08205787692,Chennai,67,2023-12-06
CUST08233,Yashoda Gera,hayrebhavika@example.org,+916950582536,Bangalore,31,2024-02-20
CUST08234,Lipika Sule,pyogi@example.org,+918749960716,Kolkata,29,2023-11-05
CUST08235,Nachiket Sunder,ikakar@example.com,09248634953,Delhi,19,2023-04-19
CUST08236,Balveer Prakash,mminhas@example.com,4839644824,Jaipur,56,2023-10-26
CUST08237,Bahadurjit Sarma,sbalay@example.org,+912701984328,Mumbai,67,2023-10-27
CUST08238,Dayamai Dalal,koshymugdha@example.org,05602732388,Bangalore,52,2024-01-14
CUST08239,Jacob Narang,jdalal@example.net,+915065259828,Pune,22,2023-09-21
CUST08240,Amaira Chadha,joshuashan@example.net,06831328940,Pune,38,2023-05-21
CUST08241,Gayathri Peri,urmi26@example.com,00560215578,Chennai,60,2024-04-06
CUST08242,Tanish Sane,rajagopalandalbir@example.com,+913255501381,Chennai,30,2023-12-31
CUST08243,Nathaniel Chadha,basakchatresh@example.org,01866695484,Kolkata,28,2023-03-02
CUST08244,Kamya Choudhry,rushilyogi@example.org,+917183489816,Hyderabad,35,2023-07-06
CUST08245,Victor Memon,paninidara@example.com,03868102901,Chennai,31,2023-08-09
CUST08246,Nirja Bath,yramachandran@example.org,+916944139126,Pune,19,2024-05-30
CUST08247,Yasti Chander,ymall@example.net,1244929511,Bangalore,46,2023-07-21
CUST08248,Tristan Mukherjee,sara53@example.com,0689659165,Delhi,42,2023-04-09
CUST08249,Niharika Badami,kamala53@example.net,6214334610,Mumbai,46,2023-10-02
CUST08250,Fiyaz Yohannan,ishaan54@example.org,9515019994,Chennai,42,2023-10-29
CUST08251,Omisha Oza,aradhanadoctor@example.net,+913453372622,Mumbai,46,2023-12-17
CUST08252,Watika Ben,mohammed13@example.net,1723193945,Ahmedabad,43,2023-09-08
CUST08253,Tara Ganguly,kumerguneet@example.org,+914370982639,Chennai,31,2024-05-06
CUST08254,Chanchal Pathak,omyaben@example.net,+911431023030,Hyderabad,55,2023-05-04
CUST08255,Rehaan Mohanty,vchana@example.com,05751787950,Delhi,23,2024-01-27
CUST08256,Daksh Lad,magarbina@example.org,+917326212039,Bangalore,50,2023-06-03
CUST08257,Sai Batra,advikchadha@example.net,+913621007994,Surat,64,2023-11-01
CUST08258,Sanaya Agrawal,mverma@example.org,+913768900462,Jaipur,25,2024-03-13
CUST08259,Pranav Sachdev,nhayer@example.com,+910064785520,Bangalore,66,2023-10-02
CUST08260,Lakshit Sood,rattiyashodhara@example.net,6207506446,Chennai,25,2023-12-16
CUST08261,Nidra Dar,neha74@example.org,00086238898,Ahmedabad,65,2024-05-09
CUST08262,Vritti Mukherjee,xvig@example.org,09414919525,Surat,40,2023-09-27
CUST08263,Gauri Kumar,ayaan08@example.org,1557385551,Pune,44,2023-10-08
CUST08264,Ucchal Dubey,maanasdayal@example.com,02178976779,Chennai,31,2024-02-26
CUST08265,Alka Mann,nnatarajan@example.com,+918708081331,Delhi,69,2024-02-12
CUST08266,Praneel Bath,mandurmi@example.org,+913979884937,Jaipur,41,2023-12-18
CUST08267,Vrinda Pandya,eapte@example.com,+915135544768,Ahmedabad,34,2024-05-17
CUST08268,Upasna Goyal,rattaarya@example.com,1391659530,Jaipur,25,2024-05-04
CUST08269,Wazir Pai,kritikasabharwal@example.org,7350699313,Ahmedabad,19,2023-05-13
CUST08270,Viraj Sandhu,dayita09@example.net,+914398247119,Mumbai,42,2023-04-30
CUST08271,Januja De,brindabansal@example.org,2698472811,Hyderabad,43,2024-06-05
CUST08272,Siya Roy,yashawini73@example.net,08148325657,Delhi,40,2023-11-27
CUST08273,Yadavi Madan,dayamai46@example.com,9547755086,Pune,37,2023-05-02
CUST08274,Dayita Basu,daksha85@example.net,+912154503089,Delhi,45,2023-04-25
CUST08275,Vincent Chaudry,achaudhuri@example.com,+910860331574,Kolkata,32,2023-10-24
CUST08276,Arjun Dasgupta,nagyharini@example.com,04717147426,Delhi,59,2024-02-10
CUST08277,Charan Bail,chakrabortywazir@example.net,02564813697,Hyderabad,48,2023-09-07
CUST08278,Kavya Modi,rbadal@example.org,+911277772963,Mumbai,35,2023-09-26
CUST08279,Libni Date,lsarna@example.com,03518407726,Pune,20,2023-10-11
CUST08280,Faraj Vaidya,lila05@example.com,03574901626,Bangalore,33,2023-11-01
CUST08281,Janani Rao,garatejas@example.net,03017214486,Bangalore,54,2023-09-19
CUST08282,Upadhriti Baral,yash04@example.org,01680486298,Mumbai,26,2023-11-30
CUST08283,Jeet Das,savantoni@example.com,+913016119944,Jaipur,27,2023-09-19
CUST08284,Bhanumati Prabhakar,fchakrabarti@example.org,+911968101889,Bangalore,62,2023-06-18
CUST08285,Raagini Uppal,unni73@example.net,6001222812,Ahmedabad,66,2023-12-17
CUST08286,Wahab Sinha,tanvi16@example.org,+911236381398,Mumbai,21,2023-06-27
CUST08287,Aashi D’Alia,yoshitaghose@example.com,8327129586,Surat,69,2023-09-14
CUST08288,Brijesh Bains,mshanker@example.com,+915883243998,Chennai,65,2023-02-22
CUST08289,Ekaraj Mammen,cdhar@example.com,+910298583799,Kolkata,41,2024-02-02
CUST08290,Charvi Sethi,orinder62@example.com,0016879674,Surat,44,2024-03-01
CUST08291,Eta Gole,urvi11@example.com,+917237242942,Bangalore,44,2023-03-12
CUST08292,Yauvani Nazareth,shivaniranganathan@example.org,+915878254234,Bangalore,29,2023-04-25
CUST08293,Pushti Gopal,mekhalaparekh@example.org,5365015317,Jaipur,27,2024-01-29
CUST08294,Jairaj Lal,merchantreyansh@example.net,1095623110,Bangalore,41,2023-10-21
CUST08295,Oscar Das,tara65@example.org,+917679987855,Delhi,68,2023-12-20
CUST08296,Shivansh Goda,madhavidora@example.com,9365513797,Bangalore,19,2024-04-19
CUST08297,Vamakshi Pai,ghoshaarna@example.org,5192880260,Ahmedabad,31,2024-02-16
CUST08298,Jhalak Jani,radhikananda@example.com,4591694549,Kolkata,43,2023-04-12
CUST08299,Quincy Kata,zaid21@example.com,7429655568,Pune,34,2023-10-15
CUST08300,Aayush Kala,ira08@example.com,5733677699,Surat,38,2024-02-05
CUST08301,Sai Mander,pratyush07@example.net,+916015723398,Mumbai,68,2023-02-22
CUST08302,Anya Balasubramanian,bordejyoti@example.org,+910164613447,Mumbai,39,2023-10-22
CUST08303,Kala Bava,cmand@example.com,01545479525,Mumbai,48,2024-03-29
CUST08304,Ayushman Bhatt,ucherian@example.net,+911225241360,Mumbai,65,2023-03-19
CUST08305,Jasmit Sant,triptiray@example.com,+910634050957,Bangalore,44,2023-09-02
CUST08306,Omya Pall,ijayaahluwalia@example.com,6093673033,Mumbai,52,2023-05-26
CUST08307,Bina Garg,kamya92@example.net,+918358060493,Hyderabad,66,2023-08-12
CUST08308,Rishi Manne,reva78@example.com,+913175529369,Surat,64,2023-04-19
CUST08309,Ayaan Nori,kuruvillasimon@example.com,00755902448,Jaipur,28,2023-06-29
CUST08310,Eesha Setty,raoyasti@example.com,+919493994096,Bangalore,24,2024-02-04
CUST08311,Damini Mohanty,shivani35@example.net,4875073864,Mumbai,40,2024-04-12
CUST08312,Harita Mital,devika89@example.com,05035669617,Chennai,23,2023-03-28
CUST08313,Yash Salvi,dsarkar@example.com,04225433577,Hyderabad,22,2023-06-24
CUST08314,Yug Sathe,zverma@example.com,9219091413,Delhi,48,2023-07-27
CUST08315,Mohini Nayar,ubansal@example.net,1605619457,Ahmedabad,44,2023-12-17
CUST08316,Chatura Shan,pillaizinal@example.org,3585381612,Jaipur,46,2024-02-15
CUST08317,Sanaya Din,narayananudyati@example.com,09810848878,Bangalore,56,2023-12-01
CUST08318,Advay Vala,nachiket89@example.com,+917464169162,Mumbai,37,2023-07-22
CUST08319,Amaira Krish,zarya@example.net,+917198375520,Ahmedabad,48,2024-05-26
CUST08320,Amrita Hayer,gnagar@example.com,1073725592,Kolkata,26,2023-05-03
CUST08321,Rayaan Panchal,viswanathanvamakshi@example.org,+911665687040,Pune,60,2023-06-16
CUST08322,Yochana Bakshi,mason18@example.org,+915760079500,Jaipur,41,2023-11-14
CUST08323,Neelima Sachdeva,jonathankata@example.org,00087898107,Surat,60,2023-07-04
CUST08324,Lekha Kant,binalalla@example.com,9908433576,Delhi,48,2023-06-14
CUST08325,Tanay Agate,rehaan18@example.net,06621444912,Ahmedabad,65,2023-07-16
CUST08326,Naksh Rajagopal,mohini25@example.net,6397576278,Surat,30,2024-01-23
CUST08327,Wridesh Shah,jatin19@example.com,08860230229,Bangalore,32,2024-06-07
CUST08328,Manya Bora,saumyananda@example.org,+911263535610,Jaipur,26,2023-07-19
CUST08329,Veer Singhal,fbali@example.com,04238624991,Bangalore,32,2023-10-25
CUST08330,Dev Arora,basakojas@example.org,04754253063,Delhi,65,2023-03-15
CUST08331,Neha Rama,ekantika68@example.com,+910778155089,Delhi,63,2023-07-20
CUST08332,Yash Rao,bariawriddhish@example.net,+911519433390,Hyderabad,36,2023-12-23
CUST08333,Nitesh Kunda,dhruvsarna@example.net,06770044406,Surat,24,2024-04-03
CUST08334,Hemangini Patel,aadibanik@example.org,+914666769365,Chennai,32,2024-05-23
CUST08335,Indira Mishra,fiyaz43@example.com,+914176459606,Kolkata,29,2023-08-07
CUST08336,Zilmil Lad,chakradevvasa@example.org,6912695614,Kolkata,39,2023-05-02
CUST08337,Riya Rao,william29@example.net,+913861154062,Ahmedabad,60,2023-12-17
CUST08338,Diya Majumdar,nachiket65@example.org,1608979023,Surat,51,2023-07-06
CUST08339,Triya Baria,badamijagat@example.net,+917984129061,Jaipur,54,2024-01-19
CUST08340,Abhiram Kala,dsundaram@example.net,+914236382934,Kolkata,66,2024-01-08
CUST08341,Gagan Upadhyay,bbora@example.net,02558688340,Bangalore,38,2024-02-14
CUST08342,Meera Ratti,waida73@example.org,+917069153842,Hyderabad,41,2024-02-19
CUST08343,Oscar Ramaswamy,ekapad95@example.net,06571035493,Bangalore,55,2023-08-26
CUST08344,Adya Nanda,jtoor@example.com,+912607899963,Mumbai,65,2023-06-24
CUST08345,Gaurika Bhasin,chaayagoda@example.com,9829411322,Hyderabad,58,2023-11-01
CUST08346,Isha Kalita,adweta61@example.net,5697270912,Mumbai,68,2024-04-16
CUST08347,Vamakshi Nanda,kandazayan@example.com,+918830703723,Chennai,29,2023-12-14
CUST08348,Gautami Sunder,jacobnarayanan@example.org,08561737899,Mumbai,27,2024-05-20
CUST08349,Anita Edwin,sarkarbahadurjit@example.net,04882360229,Mumbai,68,2024-03-30
CUST08350,Onveer Srinivasan,pbhasin@example.org,6620029793,Chennai,28,2024-06-26
CUST08351,Krishna Raval,birbrijesh@example.net,5317285398,Hyderabad,38,2024-02-15
CUST08352,Janani Talwar,bakhshikoshy@example.net,+916220889802,Mumbai,54,2023-11-01
CUST08353,Janya Mistry,ladupadhriti@example.org,05713674338,Ahmedabad,48,2023-09-02
CUST08354,Gaurang Dugar,sagarthomas@example.com,9047268357,Pune,30,2024-06-15
CUST08355,Chaitanya Tank,ekhanna@example.org,09976581213,Surat,43,2023-02-21
CUST08356,Fariq Sodhi,ridhibajwa@example.com,+919642211172,Ahmedabad,31,2024-06-16
CUST08357,Bakhshi Hayer,utata@example.net,+914147146624,Ahmedabad,57,2023-06-05
CUST08358,Amaira Biswas,anthonykalla@example.org,8628404012,Kolkata,52,2024-05-08
CUST08359,Peter Bhagat,simonwalla@example.net,+917551591579,Ahmedabad,25,2023-12-27
CUST08360,Anamika Varghese,sekhonnathan@example.com,1177966404,Kolkata,59,2024-04-09
CUST08361,Vrinda Mital,misraqushi@example.com,8995157166,Jaipur,39,2023-04-17
CUST08362,Harita Sandhu,kashish75@example.com,+914679261488,Pune,29,2024-03-12
CUST08363,Harrison Vasa,triptibath@example.org,+913612125981,Kolkata,39,2023-12-23
CUST08364,Charan Pandey,chanderikbal@example.com,+918872809519,Ahmedabad,67,2024-04-07
CUST08365,Abhimanyu Grewal,mistryjason@example.org,5771369684,Jaipur,47,2024-03-22
CUST08366,Qasim Jha,gilldakshesh@example.org,+917477487842,Delhi,60,2023-03-26
CUST08367,Vasana Comar,gaganraman@example.org,7698916233,Pune,66,2023-07-20
CUST08368,Noah Narang,shaurya46@example.org,+911031233635,Jaipur,34,2023-11-02
CUST08369,Anvi Sehgal,vganesh@example.net,+918902017080,Delhi,68,2023-11-08
CUST08370,Tanveer Shah,hbains@example.org,00416910982,Pune,45,2023-09-20
CUST08371,Gavin Gade,bhavsarchavvi@example.com,3042188003,Mumbai,52,2024-02-04
CUST08372,Anusha More,siyakota@example.org,02528670488,Bangalore,24,2023-04-22
CUST08373,Nilima Das,nitarapurohit@example.org,3563534481,Chennai,47,2023-05-23
CUST08374,Warinder Pandit,munihredhaan@example.com,07527128687,Delhi,25,2023-04-28
CUST08375,Falguni Pillay,ekalinga39@example.org,07309063580,Jaipur,63,2023-05-31
CUST08376,Dhriti Balakrishnan,gsagar@example.org,1201160944,Kolkata,26,2023-12-05
CUST08377,Robert Sridhar,watikaissac@example.com,+915113263459,Pune,37,2024-05-06
CUST08378,Forum Buch,aishani94@example.net,4263597194,Ahmedabad,45,2023-11-24
CUST08379,Reva Swaminathan,ira15@example.net,+913205998537,Jaipur,23,2023-04-20
CUST08380,Kamala Chaudhry,upadhyaymanya@example.com,09041114319,Jaipur,29,2023-12-14
CUST08381,Zayan Sampath,ythakkar@example.net,+919162023134,Hyderabad,70,2024-02-09
CUST08382,Qadim Lalla,chatura09@example.org,+910925421203,Jaipur,30,2023-05-05
CUST08383,Vedant Sibal,talwarchakrika@example.net,06234198351,Bangalore,61,2024-01-17
CUST08384,Nachiket Barad,aryayasti@example.com,+914379747571,Chennai,67,2023-06-24
CUST08385,Oliver Mand,voraanay@example.org,+918242350232,Mumbai,30,2024-03-19
CUST08386,Ubika Date,ishani51@example.org,03765827406,Pune,51,2023-11-28
CUST08387,Tarak Pai,wnath@example.org,02479495808,Surat,67,2024-06-19
CUST08388,Bhavika Seth,waida65@example.org,+918084738709,Bangalore,54,2023-11-16
CUST08389,Edhitha Loyal,gardearunima@example.org,8194444722,Jaipur,51,2024-05-02
CUST08390,Keya Kunda,agastyabrahmbhatt@example.net,+919350327535,Mumbai,69,2023-03-15
CUST08391,Ayaan Garde,mistrybakhshi@example.net,6584564551,Jaipur,41,2024-06-27
CUST08392,Daksh Sharaf,riaahluwalia@example.org,07279485956,Jaipur,32,2023-10-01
CUST08393,Nisha Vala,lguha@example.org,04788446967,Jaipur,28,2023-06-05
CUST08394,Rachit Bhardwaj,hredhaangupta@example.net,+916434272235,Pune,28,2023-12-24
CUST08395,Chaitaly Ravel,narangjagdish@example.org,4537655392,Delhi,61,2023-10-08
CUST08396,Vyanjana Parmar,ozaanvi@example.com,+918037332880,Bangalore,58,2023-02-16
CUST08397,Naveen Srivastava,krish18@example.org,+919080435169,Surat,32,2023-07-30
CUST08398,Karan Subramanian,itoor@example.net,+910859099322,Bangalore,52,2023-06-15
CUST08399,Darpan Ray,kashvi31@example.com,+914976690304,Surat,45,2023-04-09
CUST08400,Nachiket Sami,paniniganesan@example.org,6673848762,Chennai,35,2023-04-11
CUST08401,Vedika Dhaliwal,zmisra@example.org,3261113278,Mumbai,43,2024-01-26
CUST08402,Kai Chaudhary,yagneshsamra@example.net,+917895682734,Kolkata,42,2023-08-18
CUST08403,Luke Tella,udant11@example.org,0177885410,Jaipur,44,2023-08-19
CUST08404,Geetika Bose,tchaudhuri@example.org,+919317852789,Ahmedabad,47,2023-04-22
CUST08405,Anay Parsa,rmohan@example.com,08880980293,Pune,26,2023-05-17
CUST08406,Eshana Brahmbhatt,ksalvi@example.net,+917830448803,Kolkata,18,2023-08-25
CUST08407,Dhriti Trivedi,dinyug@example.com,0525788767,Delhi,34,2023-09-03
CUST08408,Udyati Keer,choudharymitali@example.com,4472442035,Jaipur,60,2024-06-04
CUST08409,Nathan Chatterjee,jaidar@example.com,02370400930,Kolkata,31,2024-01-26
CUST08410,Radhika Lanka,obalakrishnan@example.net,+914062161291,Surat,56,2023-03-26
CUST08411,Ekansh Divan,chandreshyohannan@example.net,09879223489,Delhi,21,2023-03-09
CUST08412,Harish Virk,dashrachita@example.net,5193230374,Hyderabad,26,2023-10-02
CUST08413,Vasatika Kannan,fvora@example.org,8888326477,Bangalore,48,2023-10-07
CUST08414,Xiti Kuruvilla,zilmilbatra@example.org,4928303749,Bangalore,66,2023-08-03
CUST08415,Azaan Thakur,omisha06@example.com,+910910930210,Chennai,43,2023-10-21
CUST08416,Ganga Behl,prana@example.org,6463820276,Bangalore,59,2023-05-06
CUST08417,Chandani Kapoor,bpadmanabhan@example.org,03011318339,Hyderabad,43,2023-03-06
CUST08418,Samarth Dhingra,chaitanya50@example.com,03554883970,Surat,30,2024-04-01
CUST08419,Tamanna Brahmbhatt,andrewkota@example.com,+910342239263,Chennai,40,2024-06-17
CUST08420,Jeevika Mitter,lipikakrishna@example.org,07334201013,Delhi,32,2023-09-07
CUST08421,Ati Sawhney,muniaishani@example.com,+917903285340,Kolkata,26,2023-07-30
CUST08422,Orinder Dara,ganeshupadhriti@example.net,+915896980668,Hyderabad,25,2023-10-06
CUST08423,Siddharth Pai,umaharaj@example.org,+915425619253,Surat,61,2023-09-18
CUST08424,Unnati Sami,rishisathe@example.org,+914080408844,Bangalore,31,2023-08-17
CUST08425,Advay Kanda,bajajvaishnavi@example.com,2427363324,Ahmedabad,27,2023-12-14
CUST08426,Harsh Vaidya,hcontractor@example.net,1391184855,Kolkata,66,2023-11-26
CUST08427,Dayamai Ben,unniborah@example.com,4809805615,Pune,18,2024-06-14
CUST08428,Nihal Johal,lalachasmum@example.net,+916726317327,Delhi,51,2024-02-28
CUST08429,Reva Chad,isha62@example.net,7636266315,Kolkata,51,2023-10-26
CUST08430,Damyanti Nagarajan,anay75@example.org,01536010418,Delhi,67,2023-07-07
CUST08431,Nandini Murthy,charvi50@example.com,+918965913278,Surat,48,2024-05-03
CUST08432,Laban Hegde,kadeadvaith@example.com,0264906049,Chennai,60,2023-09-08
CUST08433,Madhavi Sami,kdalia@example.net,+910168233472,Ahmedabad,37,2023-03-06
CUST08434,Noah Ram,vedant16@example.com,1532229153,Delhi,52,2023-04-17
CUST08435,Viraj Nagi,mallickkavya@example.org,3261482363,Surat,47,2024-01-03
CUST08436,Amol Yohannan,acharyasiya@example.org,1604114251,Bangalore,22,2023-07-25
CUST08437,Jackson Edwin,bordejagat@example.net,3166169070,Pune,35,2023-02-26
CUST08438,Vansha Nigam,faraj16@example.net,01228611124,Mumbai,42,2023-08-02
CUST08439,Abdul Tella,bhaktaqarin@example.org,+910068874951,Kolkata,25,2023-12-03
CUST08440,Mason Lall,varenyaseshadri@example.com,3047855940,Ahmedabad,45,2024-04-30
CUST08441,Raksha Mani,emane@example.net,01891344711,Surat,28,2023-10-25
CUST08442,Ladli Pai,hayerfariq@example.net,6182366646,Ahmedabad,66,2023-05-12
CUST08443,Radha Narasimhan,vasatika57@example.com,+917919029904,Kolkata,32,2024-03-08
CUST08444,Ridhi Bhargava,miteshprasad@example.net,4259908130,Jaipur,24,2023-06-30
CUST08445,Reva Shankar,yhora@example.com,03168396315,Delhi,64,2024-06-22
CUST08446,Ayush Pal,aadhya99@example.org,8759337200,Surat,56,2023-08-19
CUST08447,Raghav Khurana,rauqasim@example.org,03958725006,Pune,33,2024-04-06
CUST08448,Liam Mall,robert28@example.com,4459258223,Ahmedabad,62,2023-10-14
CUST08449,Wakeeta Wable,jyoti11@example.net,+913541179409,Hyderabad,44,2023-10-09
CUST08450,Peter Sharaf,sharmaumang@example.com,5615013252,Mumbai,58,2024-05-31
CUST08451,Chandani Ravi,rajagopaljonathan@example.org,+911511474826,Delhi,67,2023-11-04
CUST08452,Radha Tella,gaurika52@example.net,+910968130389,Kolkata,64,2023-06-18
CUST08453,Lavanya Karan,groverowen@example.org,07091751124,Kolkata,34,2023-06-28
CUST08454,Jasmit Sabharwal,mandeshana@example.org,3612292172,Jaipur,39,2023-06-10
CUST08455,Finn Mahal,frederickgala@example.org,+916297915785,Hyderabad,60,2024-02-16
CUST08456,Kevin Varghese,dugarzashil@example.com,6379781427,Kolkata,40,2024-01-01
CUST08457,Pavani Raman,calebmajumdar@example.com,06155067990,Delhi,18,2023-03-11
CUST08458,Vyanjana Kota,jackdatta@example.net,00360363595,Delhi,63,2024-04-03
CUST08459,Hemang Edwin,shivani48@example.org,4636196208,Ahmedabad,33,2024-03-21
CUST08460,Atharv Edwin,dakshesh61@example.net,01697472795,Surat,49,2024-04-22
CUST08461,Unni Tank,wakeetarau@example.net,5924534133,Chennai,55,2024-05-23
CUST08462,Aarini Garg,ysinghal@example.net,5726906849,Hyderabad,60,2024-05-13
CUST08463,Bhavna Prabhakar,girindra37@example.net,05882085951,Kolkata,24,2023-04-15
CUST08464,Omya Mitter,chandaojas@example.org,02433334289,Ahmedabad,53,2024-01-04
CUST08465,Lavanya Kurian,takyash@example.org,03687194923,Surat,54,2023-07-11
CUST08466,Yashasvi Datta,sahuja@example.net,9142564549,Hyderabad,56,2023-04-14
CUST08467,Vritti Parmar,dorapranit@example.com,+913002638795,Jaipur,60,2024-02-15
CUST08468,Kalpit Sheth,cpanchal@example.org,01101945621,Hyderabad,20,2023-06-15
CUST08469,Zehaan Hayer,xtak@example.org,4294294252,Surat,24,2023-04-03
CUST08470,Daksh Munshi,darpanlata@example.net,+911535944722,Surat,68,2023-08-18
CUST08471,Harrison Issac,tpall@example.com,+917485767548,Delhi,54,2023-05-10
CUST08472,Pooja Baral,niharikaedwin@example.net,07601406968,Delhi,25,2023-09-02
CUST08473,Idika Bakshi,egade@example.net,00205511437,Chennai,41,2023-03-28
CUST08474,Anita Wable,chaayagala@example.com,04974508249,Surat,61,2024-03-23
CUST08475,Panini Aurora,mdugar@example.org,+914787936766,Surat,44,2023-02-22
CUST08476,Nidra Bedi,chavviupadhyay@example.net,+915014781392,Hyderabad,63,2023-06-10
CUST08477,Banjeet Kar,yagarwal@example.com,01635696866,Mumbai,40,2024-06-16
CUST08478,Lucky Tailor,lankaamol@example.com,+913932653654,Ahmedabad,47,2023-10-07
CUST08479,Ekta Sarkar,avniborah@example.com,6422031280,Surat,51,2024-02-18
CUST08480,Inaya Khanna,bainsati@example.com,8277629179,Mumbai,43,2023-10-16
CUST08481,Ojasvi Reddy,bishakhadora@example.com,2201759847,Hyderabad,60,2023-08-17
CUST08482,Yahvi Mander,vgole@example.net,+911017014234,Mumbai,31,2023-06-13
CUST08483,Sudiksha Bhardwaj,alkaloyal@example.net,03677625288,Surat,29,2023-04-05
CUST08484,Madhav Char,korpalunnati@example.net,04248399704,Mumbai,58,2023-05-20
CUST08485,Dalaja Arora,mkhanna@example.net,+918490625195,Pune,24,2024-05-08
CUST08486,Warda Prashad,zsampath@example.com,04413008560,Kolkata,44,2023-07-13
CUST08487,Avni Mangal,isinha@example.org,+917411357967,Mumbai,64,2024-06-29
CUST08488,Wyatt Som,thomasnarula@example.net,09544603204,Ahmedabad,34,2023-07-18
CUST08489,Bhanumati Karan,dalbirnagy@example.org,6922002582,Pune,70,2023-05-06
CUST08490,Om Shenoy,boraandrew@example.net,+915586614014,Pune,40,2023-10-16
CUST08491,Chanchal Gaba,cdalal@example.org,01928505103,Chennai,35,2023-11-11
CUST08492,Siddharth Ramachandran,henry31@example.net,02956289911,Ahmedabad,68,2023-09-14
CUST08493,Patrick Raja,sarafkrishna@example.com,+917769989708,Mumbai,38,2023-06-14
CUST08494,Lekha Barad,nihal64@example.com,00898874762,Ahmedabad,62,2023-09-23
CUST08495,Bhavna Doctor,bhavani06@example.org,+918430027311,Kolkata,67,2024-01-25
CUST08496,Raksha Agate,dasguptaaryan@example.com,+912825140364,Bangalore,31,2024-06-14
CUST08497,Widisha Varma,ishita95@example.org,07043152100,Jaipur,67,2023-03-31
CUST08498,Wakeeta Brahmbhatt,dalajaprabhu@example.org,0763188282,Jaipur,59,2023-07-10
CUST08499,Sudiksha Keer,abeer94@example.net,0954170299,Pune,65,2024-05-17
CUST08500,Manya Desai,qsrivastava@example.com,9378112218,Hyderabad,66,2023-07-22
CUST08501,Shivansh Pandit,mandaisha@example.org,5358209751,Pune,67,2023-11-06
CUST08502,Jeet Anne,gaganbabu@example.org,+915364625121,Bangalore,49,2023-05-04
CUST08503,Tanvi Vohra,wrout@example.net,7417815188,Delhi,39,2024-06-16
CUST08504,Hemangini Sengupta,lsaha@example.net,+918975986476,Pune,57,2023-03-23
CUST08505,Dalbir Swamy,vvarty@example.org,+910963607438,Jaipur,65,2023-09-30
CUST08506,Akshay Yohannan,kashvivaidya@example.org,1745819032,Chennai,38,2024-03-28
CUST08507,Anamika Balakrishnan,rajeshri72@example.com,+911288159881,Kolkata,24,2024-05-17
CUST08508,Hema Walia,indira62@example.org,+912189145886,Delhi,58,2023-11-19
CUST08509,Manbir Kota,lukegarg@example.org,+917413067013,Hyderabad,38,2024-06-13
CUST08510,Frederick Narain,mohankritika@example.org,06393025321,Surat,49,2024-01-15
CUST08511,George Viswanathan,pprashad@example.org,4462878132,Bangalore,66,2023-10-03
CUST08512,Chameli Viswanathan,beranachiket@example.com,1949151688,Hyderabad,30,2024-02-26
CUST08513,Lakshit Bir,pallaviseshadri@example.org,06379538820,Kolkata,63,2024-05-06
CUST08514,Charita Aggarwal,qadimchauhan@example.com,+917210707806,Ahmedabad,40,2024-01-30
CUST08515,Varenya Bhalla,mannantanmayi@example.net,+913970693051,Pune,69,2024-01-01
CUST08516,Daksha Jani,talwarmitesh@example.com,9133346330,Ahmedabad,41,2023-09-03
CUST08517,William Varma,ronithmane@example.org,00980774854,Bangalore,28,2023-03-27
CUST08518,Vedant Dugar,tripathijagdish@example.com,+910387868881,Pune,19,2023-06-25
CUST08519,Gunbir Nanda,raushaurya@example.org,4266895578,Delhi,30,2024-01-08
CUST08520,Abha Mukherjee,anirudh19@example.com,9725710997,Surat,37,2024-05-27
CUST08521,Zaitra Nigam,ubika16@example.org,00392766564,Jaipur,62,2023-04-18
CUST08522,Vidhi Sama,advika85@example.org,+914610784249,Jaipur,36,2024-01-01
CUST08523,Onveer Srinivasan,dtoor@example.net,7078254958,Jaipur,52,2023-07-16
CUST08524,Hiral Jaggi,jananibhakta@example.org,+918586014996,Bangalore,43,2023-06-14
CUST08525,Dakshesh Subramanian,viswanathanupasna@example.net,+913643194290,Surat,62,2023-11-25
CUST08526,Edhitha Dave,xbhasin@example.org,07943716552,Delhi,30,2023-07-06
CUST08527,Jasmit Agate,battaandrew@example.net,09673113649,Delhi,23,2023-08-18
CUST08528,Mekhala Rama,baraldevansh@example.com,2686454060,Surat,60,2023-09-30
CUST08529,Nitara Arora,mugdha78@example.org,+916939914789,Hyderabad,34,2024-01-14
CUST08530,Guneet Murthy,abha42@example.org,1991809491,Bangalore,63,2024-02-10
CUST08531,Ikbal Arora,benjaminborde@example.net,02291893891,Pune,52,2023-05-11
CUST08532,Aarush Jha,hayerpooja@example.com,+912865393124,Pune,43,2023-03-29
CUST08533,Xiti Wable,yugchowdhury@example.org,6434908331,Bangalore,42,2024-01-16
CUST08534,Ira Narayanan,uchaudhary@example.org,7137088886,Delhi,65,2024-05-04
CUST08535,Balhaar Goyal,apadmanabhan@example.net,03360732629,Kolkata,57,2023-11-14
CUST08536,Oni Narayanan,nagarzayyan@example.net,02662456780,Surat,23,2024-06-09
CUST08537,Faras Chhabra,ydalia@example.com,4107588433,Pune,32,2024-03-28
CUST08538,Wriddhish Khanna,maxbandi@example.org,+910378741384,Ahmedabad,70,2024-06-18
CUST08539,Xiti Bava,xkothari@example.net,6451143986,Mumbai,33,2023-09-27
CUST08540,Ikshita Chaudhuri,zayan85@example.net,02206204772,Jaipur,27,2023-08-21
CUST08541,Vrinda Varughese,amangat@example.net,5805771575,Kolkata,19,2024-02-16
CUST08542,Jeevika Loyal,cheriantriveni@example.com,+916019363522,Ahmedabad,32,2024-04-28
CUST08543,Nathaniel Parmar,girindra38@example.com,+916664573584,Chennai,33,2024-02-26
CUST08544,Warjas Aggarwal,boratimothy@example.com,+913167947707,Chennai,46,2023-09-01
CUST08545,Lipika Rajagopal,svasa@example.com,01922215748,Chennai,27,2023-04-17
CUST08546,Luke Venkataraman,ishanideep@example.net,1187292348,Mumbai,36,2024-02-26
CUST08547,Faris Sengupta,chahalyashawini@example.com,4364420865,Chennai,19,2024-04-03
CUST08548,Suhani Nigam,sbalakrishnan@example.net,+911059625900,Surat,48,2024-04-19
CUST08549,Chaaya Sarraf,ozaaarav@example.com,04107903542,Ahmedabad,44,2023-03-23
CUST08550,Jatin Rai,jyoti87@example.net,00486264211,Jaipur,53,2023-07-12
CUST08551,Eshana Mohan,dugarsathvik@example.org,07346036765,Surat,30,2024-04-15
CUST08552,Indali Krish,matthew80@example.net,+912714665758,Hyderabad,29,2024-03-30
CUST08553,Jairaj Bala,vrishtiborah@example.net,2442638017,Jaipur,55,2023-03-13
CUST08554,Raagini Shah,chaudryfariq@example.com,7036062191,Hyderabad,58,2023-10-18
CUST08555,Vritti Tella,badamigauri@example.org,1344944162,Surat,42,2023-05-02
CUST08556,Nirja Peri,vben@example.com,3770455096,Kolkata,63,2024-04-11
CUST08557,Ryan Doctor,pnaidu@example.com,8758534152,Pune,69,2023-07-13
CUST08558,Pallavi Bava,jeet88@example.com,3820617605,Kolkata,45,2024-05-29
CUST08559,Rehaan Pradhan,varmanitesh@example.org,1245296544,Pune,41,2024-03-28
CUST08560,Amol Natt,ctata@example.com,2465146738,Chennai,38,2024-03-30
CUST08561,Ojasvi Randhawa,qbiswas@example.net,03562300423,Jaipur,40,2023-07-29
CUST08562,Chakradhar Ravel,tamannamohanty@example.net,07820279113,Delhi,62,2023-06-24
CUST08563,Utkarsh Borra,ojasvidugal@example.org,2860549722,Bangalore,38,2023-04-29
CUST08564,Ubika Tata,krishakalla@example.com,2776404969,Chennai,68,2024-03-29
CUST08565,Jhalak Shanker,mannanmekhala@example.org,4830975780,Jaipur,55,2023-09-09
CUST08566,Vanya Subramaniam,garimasankar@example.org,2429138741,Bangalore,24,2023-04-04
CUST08567,Jagvi Ramaswamy,uppalcaleb@example.com,1049131267,Jaipur,63,2023-09-18
CUST08568,Nitesh Tara,anika36@example.org,+913635654224,Ahmedabad,52,2024-06-10
CUST08569,Ekaja Atwal,dbhat@example.org,05121230801,Pune,24,2023-12-15
CUST08570,Sai Sani,omutti@example.org,+918379692702,Surat,32,2024-02-18
CUST08571,Harsh Buch,tzachariah@example.net,02960332874,Pune,63,2023-09-05
CUST08572,Upasna Ganesan,qbiswas@example.com,+911680138076,Jaipur,70,2024-06-13
CUST08573,Isaac Sami,bdasgupta@example.org,7095438285,Chennai,47,2023-12-04
CUST08574,Gunbir Goyal,tarabanik@example.net,07873465554,Kolkata,54,2024-03-09
CUST08575,Gaurav Parmer,pauwidisha@example.net,03893864652,Mumbai,47,2024-04-27
CUST08576,Chatura Halder,alka23@example.net,+912172183960,Surat,46,2023-12-12
CUST08577,Yashoda Jha,nhora@example.com,5000483505,Ahmedabad,55,2023-08-17
CUST08578,Odika Lala,turvi02@example.net,+910958203062,Hyderabad,22,2024-02-02
CUST08579,Mason Oak,kkara@example.net,+912562986058,Bangalore,19,2023-09-09
CUST08580,Neel Boase,manne@example.com,+919916944995,Jaipur,46,2023-03-30
CUST08581,Bachittar Jain,vansha28@example.net,04061917883,Jaipur,59,2024-05-08
CUST08582,Vaishnavi Pandit,aditya64@example.net,04865783465,Mumbai,40,2024-02-22
CUST08583,Yutika Srivastava,bhatiabhavini@example.org,05002045961,Ahmedabad,63,2023-07-26
CUST08584,Prisha Baria,rachitadixit@example.com,+915172946722,Bangalore,22,2024-04-20
CUST08585,Meera Bhalla,uparsa@example.com,5390648159,Pune,22,2023-12-29
CUST08586,Pallavi Nagy,ojasvi38@example.net,6783238409,Kolkata,54,2023-06-11
CUST08587,Rayaan Sankar,ekantadate@example.com,02796589546,Kolkata,64,2023-07-29
CUST08588,Siddharth Basu,ikbal37@example.org,04867156233,Mumbai,63,2024-02-15
CUST08589,Ubika Kurian,prashadfarhan@example.org,+912465726712,Surat,49,2023-02-20
CUST08590,Ira Magar,bhandarihamsini@example.com,02831987843,Hyderabad,63,2023-11-22
CUST08591,Samar Johal,choudhuryyug@example.net,09744937131,Bangalore,43,2024-03-11
CUST08592,Sai Dugar,hborah@example.net,05231023678,Chennai,60,2024-06-11
CUST08593,Shivansh Shanker,patlabaljiwan@example.net,4057218826,Ahmedabad,37,2023-02-18
CUST08594,Vidhi Devi,ridhi55@example.org,09591366953,Jaipur,62,2023-04-07
CUST08595,Balendra Naidu,hsrinivasan@example.org,03112015053,Kolkata,39,2023-11-16
CUST08596,Adya Sankar,bailhredhaan@example.net,0165074680,Chennai,54,2024-01-28
CUST08597,Aarna Thakur,nimratshanker@example.net,2009938256,Jaipur,44,2024-04-18
CUST08598,Kavya Vyas,pauyashvi@example.net,04656492909,Bangalore,67,2024-03-02
CUST08599,Dipta Keer,anikagrewal@example.org,07785545976,Jaipur,61,2023-12-24
CUST08600,Anita Grover,logan18@example.net,+910242836130,Surat,38,2023-12-13
CUST08601,Chatresh Mital,dbumb@example.org,03773975704,Mumbai,57,2023-02-21
CUST08602,Ekantika Bhargava,edutta@example.net,06001788976,Mumbai,63,2023-08-28
CUST08603,Nihal Loke,gulatideepa@example.net,2213714852,Pune,55,2023-10-28
CUST08604,Sanya Deshpande,golearyan@example.com,0833025486,Delhi,67,2023-05-24
CUST08605,Geetika Sheth,agastyasarma@example.com,4116648048,Delhi,57,2023-12-08
CUST08606,Rajata Vyas,boraaadi@example.net,02273363473,Delhi,51,2023-10-01
CUST08607,Bhanumati Nagi,edwinzashil@example.net,6213783690,Hyderabad,64,2023-09-22
CUST08608,Shivani Bawa,lakshmirajagopal@example.org,+916324634157,Bangalore,64,2024-06-02
CUST08609,Henry Srinivasan,ksankar@example.org,3306727140,Chennai,33,2024-06-03
CUST08610,Manthan Mohan,qyadav@example.org,4945516753,Surat,67,2024-01-18
CUST08611,Deepa Khare,jalsamerchant@example.org,8653838182,Bangalore,29,2023-10-05
CUST08612,Aadhya Shenoy,manya17@example.com,3988058781,Mumbai,59,2023-03-15
CUST08613,Harrison Walia,odikaissac@example.com,0280484583,Ahmedabad,64,2023-05-29
CUST08614,Wishi Ravel,trivenimadan@example.net,5960399747,Delhi,39,2023-09-06
CUST08615,Brijesh Ratti,zayyansastry@example.com,+917201153610,Delhi,24,2023-03-19
CUST08616,Samesh Narayan,hdugar@example.com,7715491286,Hyderabad,54,2023-07-24
CUST08617,Tejas Vohra,raghav31@example.org,07226303934,Hyderabad,69,2024-04-03
CUST08618,Unni Kalita,rkalita@example.com,3852406245,Hyderabad,42,2024-05-14
CUST08619,Bachittar Sandal,ikshitaprakash@example.net,+914862359390,Ahmedabad,26,2023-11-01
CUST08620,Rudra Naidu,schandra@example.org,+919647434171,Pune,29,2023-06-02
CUST08621,Saksham Dass,girish35@example.com,6465677938,Delhi,37,2023-09-26
CUST08622,Eshana Baral,bbanik@example.org,+917842762908,Pune,29,2023-05-09
CUST08623,Mitesh Kari,rachana77@example.com,+914363942910,Hyderabad,34,2023-08-24
CUST08624,Aayush Atwal,mitaliagarwal@example.org,5349060209,Ahmedabad,23,2023-06-21
CUST08625,Patrick Kara,bhattneelima@example.net,02716099182,Bangalore,34,2023-04-14
CUST08626,Bhanumati Roy,sainiumang@example.net,+911740505028,Hyderabad,30,2023-07-22
CUST08627,Wakeeta Lal,maya15@example.net,7340289230,Chennai,40,2024-03-19
CUST08628,Zaitra Dugar,wakeetajaggi@example.org,+913874930655,Delhi,39,2023-12-05
CUST08629,Henry Dube,jack26@example.com,4821784383,Ahmedabad,66,2023-10-19
CUST08630,Turvi Roy,urishilla14@example.org,06719735411,Delhi,51,2023-03-12
CUST08631,Lakshit Maharaj,lipikashankar@example.com,4798516258,Kolkata,19,2023-06-05
CUST08632,Sanaya More,dbalasubramanian@example.org,05523090147,Surat,21,2023-10-02
CUST08633,Triya Vyas,narainisha@example.com,+916007147956,Jaipur,21,2023-07-18
CUST08634,Saumya Bora,sathealexander@example.com,05991806638,Pune,24,2024-01-19
CUST08635,Onkar Narang,saneranbir@example.net,+917555282725,Bangalore,18,2023-08-25
CUST08636,Thomas Aggarwal,lohit32@example.net,03027961511,Jaipur,18,2023-08-02
CUST08637,Vasatika Patil,rauniharika@example.com,02531930584,Mumbai,38,2024-01-21
CUST08638,Anirudh Lanka,shroffryan@example.com,7645948525,Hyderabad,37,2024-04-03
CUST08639,Arya Morar,alexander93@example.net,7585307503,Mumbai,69,2023-07-24
CUST08640,Janya Chawla,doctorumang@example.com,+917573252342,Surat,54,2023-11-29
CUST08641,Jacob Srinivasan,ishanvi04@example.com,1231031900,Pune,22,2023-03-08
CUST08642,Chakrika Jani,chanakyatank@example.net,05010435881,Bangalore,30,2023-10-24
CUST08643,Robert Khatri,aadibiswas@example.net,5250836625,Surat,49,2024-02-06
CUST08644,Raghav Rai,ekanta82@example.net,+918786578344,Bangalore,52,2024-06-05
CUST08645,Siddharth Nagi,madhavjha@example.org,+917123899881,Chennai,40,2024-01-03
CUST08646,Manya Vala,kamya69@example.net,0479281252,Delhi,61,2023-02-14
CUST08647,Hardik Banerjee,irya43@example.com,01289507669,Bangalore,56,2023-07-02
CUST08648,Osha Aurora,ansh61@example.net,1418479619,Pune,54,2023-11-20
CUST08649,Anvi Lal,ayushmanbuch@example.com,06269732292,Bangalore,46,2023-12-13
CUST08650,Daniel Bhatti,rehaansharaf@example.org,02974539616,Bangalore,50,2023-04-07
CUST08651,Prisha Madan,baradbalveer@example.net,+912999972479,Bangalore,70,2024-01-28
CUST08652,Jackson Chadha,vghosh@example.org,+918151113038,Ahmedabad,19,2023-06-13
CUST08653,Alexander Zachariah,vyanjana32@example.org,06431644821,Surat,20,2023-05-05
CUST08654,Charita Chaudhry,gunbir37@example.net,04537003722,Jaipur,68,2024-02-18
CUST08655,Kamya Kara,thayre@example.net,+912490418222,Delhi,69,2023-04-01
CUST08656,Nirja Aggarwal,rajataedwin@example.org,+912190001418,Kolkata,36,2023-02-16
CUST08657,Unni Deshmukh,prabhukrisha@example.com,+919220533015,Delhi,40,2023-05-16
CUST08658,Libni Singhal,viraj73@example.com,06023353383,Bangalore,55,2023-11-09
CUST08659,Michael Biswas,reyansh67@example.com,6587485746,Jaipur,28,2023-05-13
CUST08660,Sara Sule,xdani@example.org,0489788303,Delhi,49,2023-07-12
CUST08661,Yug Baria,bordeqasim@example.org,1437729163,Chennai,56,2024-02-02
CUST08662,Tristan Badal,acharyayug@example.org,8907812528,Bangalore,57,2023-10-05
CUST08663,Arya Shanker,parthkara@example.org,3338265363,Pune,47,2024-01-24
CUST08664,Udant Handa,joommen@example.org,06661430267,Jaipur,42,2023-03-08
CUST08665,Aarini Badami,fmody@example.org,1652578408,Ahmedabad,25,2024-04-27
CUST08666,Anmol Srivastava,danielrama@example.org,06688782524,Jaipur,22,2023-03-21
CUST08667,Max Kibe,lvig@example.org,+918382036853,Pune,33,2024-01-19
CUST08668,Anay Mody,gnadkarni@example.com,+914883035509,Pune,27,2024-03-11
CUST08669,Ucchal Mangat,divya93@example.org,+911031644282,Chennai,70,2023-11-08
CUST08670,Chakradhar Mannan,qsani@example.net,3639309284,Ahmedabad,30,2024-05-11
CUST08671,Gabriel Sami,mekhala59@example.net,8054098113,Hyderabad,20,2023-11-20
CUST08672,Patrick Chawla,vbaria@example.org,7981741356,Pune,21,2024-04-05
CUST08673,Isaiah Bora,bimala77@example.com,+918033459419,Ahmedabad,69,2023-10-24
CUST08674,Chasmum Saraf,jayaramanpranav@example.org,06286850955,Surat,24,2023-07-28
CUST08675,Alka Char,anirudhvarghese@example.net,8350065834,Jaipur,23,2023-10-16
CUST08676,Nandini Sarin,bhasinyashoda@example.com,01171736029,Pune,51,2023-12-01
CUST08677,Gaurika Krishnamurthy,majumdardaniel@example.net,+910534196104,Surat,54,2023-07-06
CUST08678,Ucchal Barad,kalajoshua@example.org,00933420601,Jaipur,51,2024-06-14
CUST08679,Avi Deo,naiktejas@example.net,02814641221,Hyderabad,66,2023-03-13
CUST08680,Ishwar Rout,vasatikapatla@example.com,+915993170845,Jaipur,59,2023-04-02
CUST08681,Indrajit Boase,aashi46@example.net,+918536062662,Chennai,36,2023-05-03
CUST08682,Ayushman Chowdhury,kevin18@example.org,2545499614,Pune,26,2024-04-29
CUST08683,Anjali Chaudhuri,rohan00@example.org,+917692944950,Ahmedabad,66,2023-09-03
CUST08684,Yochana Vyas,isinghal@example.org,02393978023,Chennai,36,2023-03-07
CUST08685,Irya Chandran,avi78@example.net,6814108886,Hyderabad,43,2023-10-31
CUST08686,Krish Jayaraman,mittalzayan@example.net,+917972183673,Hyderabad,42,2024-02-01
CUST08687,Jairaj Kata,manbir57@example.com,+910588213644,Delhi,49,2023-03-26
CUST08688,Chakrika Uppal,igrewal@example.net,8961141150,Mumbai,49,2023-04-19
CUST08689,Gunbir Chopra,yadavi45@example.org,01440015391,Delhi,38,2023-03-25
CUST08690,Rushil Hari,anandimaran@example.org,9292638801,Jaipur,48,2024-06-18
CUST08691,Tarak Manne,yochanadass@example.com,+918376552242,Surat,42,2023-12-18
CUST08692,Janaki Bawa,akarnik@example.com,+916777532092,Kolkata,49,2023-05-09
CUST08693,Ishwar Mallick,duttaxalak@example.org,0589276834,Kolkata,67,2023-11-11
CUST08694,Dalbir Lala,liamlall@example.org,+912694755206,Mumbai,51,2024-03-19
CUST08695,Gaurika Nanda,daramaanas@example.net,2139582484,Mumbai,30,2023-07-27
CUST08696,Eiravati Lall,jsaxena@example.org,08626186652,Delhi,37,2023-04-05
CUST08697,Advay Nanda,gunbir77@example.com,+910473295138,Surat,65,2023-10-29
CUST08698,Ishita Rege,saksham11@example.net,+919387338068,Surat,52,2024-02-18
CUST08699,Imaran Yogi,tarachaman@example.net,+914537592939,Bangalore,59,2024-02-23
CUST08700,Azaan Salvi,gargshaurya@example.net,6008629759,Pune,65,2023-08-27
CUST08701,Nidra Shan,chandresh49@example.com,+916849128905,Mumbai,52,2023-05-21
CUST08702,Zaitra Agarwal,ydyal@example.org,+911457314902,Mumbai,21,2023-06-28
CUST08703,Krishna Sharma,edhitha64@example.net,07905558850,Kolkata,42,2023-09-17
CUST08704,Daniel Chowdhury,omishanagar@example.com,08375310715,Chennai,40,2024-03-23
CUST08705,Pratyush Parikh,calebvarkey@example.com,01027266192,Jaipur,21,2023-05-01
CUST08706,Ikbal Bhakta,adoctor@example.org,+918315412065,Hyderabad,65,2024-05-04
CUST08707,Oliver Zachariah,lekha98@example.net,3420888420,Jaipur,51,2023-07-26
CUST08708,Sara Munshi,vinayasachdev@example.com,+919144951074,Bangalore,50,2023-05-13
CUST08709,Finn Palla,gseshadri@example.net,1465120387,Pune,61,2024-01-12
CUST08710,Manthan Rastogi,sathvik54@example.org,8616166282,Mumbai,31,2024-05-24
CUST08711,Balendra Sharaf,obhatnagar@example.net,05548874481,Delhi,47,2024-04-21
CUST08712,Anvi Hari,yauvanibhatti@example.net,9684027386,Bangalore,32,2023-05-22
CUST08713,Adweta Dar,deolkashish@example.com,+917994874935,Pune,22,2023-10-10
CUST08714,Oeshi Bhalla,nihal02@example.org,9512792375,Chennai,49,2023-03-11
CUST08715,Yasti Pradhan,george14@example.org,+913542764507,Chennai,54,2024-02-29
CUST08716,Bimala Chander,yash25@example.net,7266556948,Surat,18,2023-02-13
CUST08717,Nachiket Kumar,kavyadesai@example.org,+913817805901,Mumbai,42,2023-08-04
CUST08718,Turvi Thakkar,avni99@example.org,6452256042,Chennai,62,2023-08-06
CUST08719,Lavanya Chaudhuri,mandaljacob@example.net,+915085603838,Delhi,36,2024-05-11
CUST08720,Garima Modi,ekapadbalay@example.org,+910255022868,Mumbai,33,2023-06-25
CUST08721,Suhani Acharya,balveer35@example.net,00729008798,Pune,29,2024-01-18
CUST08722,Jagvi Amble,gopal91@example.com,+914959130962,Hyderabad,70,2024-04-08
CUST08723,Shaurya Mitter,kmohan@example.org,+915729496260,Chennai,41,2024-02-14
CUST08724,Ekapad Agrawal,vamakshi73@example.org,06425662421,Hyderabad,20,2023-09-04
CUST08725,Pratyush Venkataraman,surishivani@example.net,03819486065,Bangalore,27,2023-03-20
CUST08726,Zayyan Shan,ganga99@example.net,5200859120,Surat,33,2023-11-24
CUST08727,Harrison Natt,unnimalhotra@example.com,+914167313291,Surat,60,2023-03-18
CUST08728,Chakradev Shan,butalanikita@example.net,+918318386812,Kolkata,45,2023-06-28
CUST08729,Matthew Sami,michaelshetty@example.org,08159995670,Surat,63,2023-04-28
CUST08730,Karan Kara,lajita19@example.com,+911996302881,Kolkata,31,2024-02-28
CUST08731,Bhavna Sankar,urvi68@example.org,+919477751508,Kolkata,44,2024-01-07
CUST08732,Zaitra Parmer,manbir23@example.com,+915140979283,Mumbai,44,2024-05-12
CUST08733,Warda Kapoor,bhavikanair@example.net,06782952233,Hyderabad,42,2023-09-28
CUST08734,Fitan Barman,qgrewal@example.net,09550673207,Kolkata,30,2023-10-06
CUST08735,Pooja Soni,nnair@example.com,4250094404,Ahmedabad,34,2023-11-26
CUST08736,Christopher Lad,sabharwalyahvi@example.com,0583469299,Surat,18,2024-02-04
CUST08737,Vivaan Reddy,lokeekanta@example.com,+910459999872,Hyderabad,20,2023-10-30
CUST08738,Hemangini Chopra,ojasvibava@example.org,+912467680692,Ahmedabad,26,2023-07-17
CUST08739,Zilmil Patel,abeer64@example.org,+911374395500,Chennai,22,2024-01-23
CUST08740,Gayathri Srivastava,hsheth@example.org,1610460197,Delhi,25,2023-11-04
CUST08741,Yatin Mannan,nandafaris@example.net,6644622716,Bangalore,68,2023-11-16
CUST08742,Rachit Hans,sahotajonathan@example.org,+911484241395,Ahmedabad,22,2023-04-03
CUST08743,Harsh Mann,dsarin@example.com,01813906728,Bangalore,52,2024-02-22
CUST08744,Lavanya Srinivasan,lallchakradhar@example.com,06687228935,Pune,28,2023-05-11
CUST08745,Edhitha Choudhry,baralmohini@example.com,4893403266,Kolkata,61,2023-11-02
CUST08746,Anvi Balakrishnan,qarin98@example.org,01675903288,Hyderabad,36,2024-01-19
CUST08747,Yatan Hora,vansha60@example.net,05632367798,Jaipur,36,2023-04-10
CUST08748,Hardik Chacko,rkrishna@example.org,3830764043,Kolkata,54,2023-09-18
CUST08749,Ijaya Grover,kaulzehaan@example.com,8867596804,Kolkata,24,2024-03-18
CUST08750,Darsh Kunda,chakrabortyarunima@example.com,4599450767,Delhi,43,2024-01-27
CUST08751,Devika Vaidya,jagat40@example.com,00133897904,Chennai,23,2024-01-12
CUST08752,Ekani Sarna,ramachandranraagini@example.com,+915035335430,Jaipur,49,2023-10-25
CUST08753,Omisha Mani,mukhopadhyaymohammed@example.net,3558263607,Chennai,26,2023-04-10
CUST08754,Triveni Kadakia,priyaarora@example.net,+911971721283,Jaipur,20,2024-03-12
CUST08755,Pooja Kaur,tsami@example.com,+917215001842,Ahmedabad,48,2024-06-13
CUST08756,Isaac Sen,llad@example.net,3725243857,Delhi,25,2024-06-02
CUST08757,Sathvik Banerjee,ektakata@example.net,+910238581602,Chennai,20,2023-05-24
CUST08758,Geetika Kurian,chandranchaudry@example.net,09683579129,Hyderabad,29,2023-05-10
CUST08759,Ishani Dugar,ekbaldave@example.com,07072197049,Delhi,66,2023-08-01
CUST08760,Adya Contractor,mukhopadhyayamaira@example.org,06223695948,Delhi,33,2023-03-17
CUST08761,Hritik Dayal,aviram@example.org,00696850026,Hyderabad,57,2023-03-06
CUST08762,Rehaan Tailor,mekhalacherian@example.com,7748492286,Pune,46,2023-07-07
CUST08763,Gaurika Sangha,atharvkara@example.com,09964266246,Bangalore,46,2024-01-20
CUST08764,Chasmum Bora,pallavi34@example.net,04734740172,Surat,67,2023-04-27
CUST08765,Advika Loke,deepabandi@example.net,00580222113,Mumbai,60,2023-06-09
CUST08766,Ekta Bassi,lopa43@example.org,+913318896667,Jaipur,67,2023-04-21
CUST08767,Naksh Manne,oupadhyay@example.net,3491087211,Chennai,67,2023-06-08
CUST08768,Hemang Nadkarni,saumya08@example.net,8501199122,Chennai,64,2024-03-04
CUST08769,Odika Rajagopal,xchatterjee@example.com,+911934275699,Pune,20,2023-03-05
CUST08770,Teerth Gandhi,atharv57@example.com,+910577803050,Surat,18,2024-02-20
CUST08771,Ekantika Karpe,janani62@example.com,+913808511673,Bangalore,39,2023-05-19
CUST08772,Dev Konda,yashodalalla@example.net,03638594241,Kolkata,29,2024-06-12
CUST08773,Indrajit Madan,zinalkrishnamurthy@example.com,00960196631,Pune,47,2023-11-22
CUST08774,Meghana Mani,vkuruvilla@example.com,+911982871994,Chennai,59,2023-02-25
CUST08775,Dalbir Ram,narasimhanoni@example.org,+914325880323,Mumbai,43,2023-04-30
CUST08776,Aryan Saha,qadim20@example.org,8928111567,Hyderabad,27,2023-09-18
CUST08777,Yachana Kapur,dewaneshana@example.com,9727262321,Kolkata,50,2023-12-06
CUST08778,Veer Tiwari,gangulyaayush@example.com,+913824769897,Delhi,32,2024-04-25
CUST08779,Samaksh Ravel,utkarsh97@example.com,+917003119404,Bangalore,58,2023-03-17
CUST08780,Wriddhish Yohannan,goswamidivya@example.org,+916404896189,Chennai,39,2023-05-27
CUST08781,Bhanumati Pathak,kaladewan@example.org,00573611819,Ahmedabad,19,2024-01-25
CUST08782,Charvi Seth,qkorpal@example.com,8426187752,Ahmedabad,22,2024-02-10
CUST08783,Vyanjana Majumdar,rsunder@example.com,0849658647,Chennai,56,2024-05-04
CUST08784,Banjeet Dyal,mnarang@example.net,08490100558,Jaipur,36,2023-04-17
CUST08785,Januja Chauhan,ikalita@example.com,+916193705661,Jaipur,28,2023-11-25
CUST08786,Bahadurjit Viswanathan,choprahemani@example.com,+918539065659,Bangalore,53,2023-03-14
CUST08787,Xalak Chander,anadig@example.net,01492876104,Pune,21,2023-08-30
CUST08788,Krisha Khanna,kevin94@example.org,05447209810,Delhi,61,2024-05-07
CUST08789,Wazir Sinha,pranav65@example.org,+910654341111,Delhi,44,2023-11-30
CUST08790,Urvashi Sankar,janichaaya@example.org,03966635906,Jaipur,52,2023-09-20
CUST08791,Faqid Sodhi,koshygaurika@example.com,00819965553,Mumbai,57,2023-07-09
CUST08792,Chandani Shroff,pranavkaul@example.net,+917223958952,Bangalore,64,2024-03-09
CUST08793,Yoshita Gole,rkhatri@example.com,05739911339,Pune,41,2023-07-08
CUST08794,Madhav Mital,adweta30@example.org,+915600017201,Mumbai,27,2024-04-06
CUST08795,Unni Sridhar,orindersundaram@example.com,08521808324,Delhi,61,2024-01-02
CUST08796,Liam Randhawa,bishakhamannan@example.net,07618993016,Chennai,18,2023-06-10
CUST08797,Turvi Rajan,nathaniel74@example.com,2780635889,Hyderabad,18,2023-11-05
CUST08798,Radha Dara,kashishrama@example.net,7466282894,Surat,21,2024-05-22
CUST08799,Bhavini Mitra,cswaminathan@example.org,5640794096,Hyderabad,67,2023-08-30
CUST08800,Gautam Chad,advikwali@example.org,+911803847283,Surat,25,2024-06-28
CUST08801,Kashvi Korpal,tanish98@example.net,00466750799,Chennai,66,2023-05-17
CUST08802,Saumya Samra,yadavi31@example.com,+918916159951,Mumbai,54,2024-01-15
CUST08803,Zaitra Varughese,rguha@example.net,8452955055,Jaipur,22,2023-05-04
CUST08804,Atharv Varma,indira47@example.com,8580183866,Mumbai,59,2024-01-16
CUST08805,Jasmit Wali,chaudhrypushti@example.com,01287305716,Ahmedabad,54,2023-07-05
CUST08806,Banjeet Bawa,vinayabansal@example.org,1504912542,Hyderabad,36,2024-02-09
CUST08807,Peter Bhakta,chakrikasachar@example.org,+913701555152,Surat,42,2023-09-21
CUST08808,Turvi Hans,oghosh@example.org,+918649452309,Ahmedabad,65,2024-04-30
CUST08809,Madhavi Arora,mahajanlila@example.com,+917501695379,Chennai,61,2023-02-25
CUST08810,Shravya Bhakta,ppai@example.net,+916578143200,Ahmedabad,57,2023-06-11
CUST08811,Nikita Chaudhry,ekaja82@example.net,2929288224,Kolkata,40,2024-06-28
CUST08812,Fariq Batra,guneetkadakia@example.net,+912415564118,Ahmedabad,48,2023-06-29
CUST08813,Idika Ram,siya59@example.net,+914708591394,Bangalore,47,2023-03-09
CUST08814,Sanaya Chhabra,choudhuryyashoda@example.com,01064590986,Jaipur,41,2023-06-05
CUST08815,Damini Balay,amairasoni@example.com,8308756775,Chennai,27,2024-01-18
CUST08816,Shravya Rao,brau@example.org,09602245911,Kolkata,58,2023-03-16
CUST08817,Hemangini Puri,natarajanayush@example.org,03534295016,Bangalore,42,2023-04-11
CUST08818,Elijah Ray,sandhucharles@example.org,1467661584,Kolkata,28,2024-02-05
CUST08819,Frado Khurana,krishnachaudhary@example.net,+916008325457,Pune,65,2023-10-21
CUST08820,Amaira Sarin,hkalla@example.org,05097971134,Mumbai,45,2023-02-17
CUST08821,Pahal Deshpande,ganga77@example.net,+916781932703,Kolkata,27,2024-06-24
CUST08822,Nachiket Doshi,finnwason@example.org,+917168571009,Mumbai,47,2023-03-15
CUST08823,Gautami Dhar,chandaahana@example.net,+911717602487,Hyderabad,63,2023-09-05
CUST08824,Gaurangi Menon,pradhanvrinda@example.org,+913226254297,Jaipur,32,2023-02-13
CUST08825,Advika Shah,yashahluwalia@example.com,+910864379447,Hyderabad,26,2024-06-18
CUST08826,Samuel Jha,solankijagdish@example.org,1019755873,Pune,31,2023-08-26
CUST08827,Amrita Pau,charitalalla@example.org,8866343791,Hyderabad,44,2023-09-10
CUST08828,Anya Dey,eshanadalia@example.net,01935428930,Hyderabad,47,2024-05-21
CUST08829,Praneel Das,nrajagopal@example.com,07208302443,Ahmedabad,46,2023-08-17
CUST08830,Urishilla Palan,cchhabra@example.org,5805553544,Hyderabad,47,2023-06-29
CUST08831,Qarin Bahl,qacharya@example.net,+915208819246,Pune,39,2023-05-20
CUST08832,Yashodhara Ramachandran,swamychakradhar@example.com,1464284841,Pune,60,2024-01-24
CUST08833,Varsha Ray,wsamra@example.net,4979044476,Hyderabad,26,2024-04-05
CUST08834,Mekhala Raman,lparmar@example.net,01981148387,Jaipur,31,2024-06-26
CUST08835,Qushi Yogi,anusha88@example.com,1600781730,Chennai,31,2023-04-07
CUST08836,Yagnesh Varghese,vanshakaran@example.org,08094803037,Chennai,54,2024-02-05
CUST08837,Deepa Nagarajan,jack24@example.net,03557139592,Chennai,64,2023-04-15
CUST08838,Robert Dugar,christopher89@example.com,0019958526,Surat,41,2023-04-20
CUST08839,Vincent Sharma,jaggilaksh@example.com,04311213223,Ahmedabad,53,2023-10-08
CUST08840,Zayyan Goyal,pvasa@example.org,8698415883,Hyderabad,41,2023-12-09
CUST08841,Ranbir Ratti,xdatta@example.com,02739400354,Kolkata,31,2023-08-21
CUST08842,Anjali Deshpande,chanchalmane@example.net,+913033743086,Hyderabad,27,2023-09-14
CUST08843,Ansh Bahri,tsharaf@example.com,05114142336,Ahmedabad,24,2023-02-24
CUST08844,Ethan Golla,memonyug@example.net,3809634209,Jaipur,59,2023-11-05
CUST08845,Brijesh Sengupta,faqid69@example.net,2817019947,Ahmedabad,37,2023-06-15
CUST08846,Urvi Kant,prashadishita@example.net,+915645492145,Surat,44,2024-06-05
CUST08847,Falak Uppal,aaravrajan@example.org,5888504274,Mumbai,30,2024-05-15
CUST08848,Chatresh Garde,manbirkoshy@example.com,+917328812615,Chennai,39,2023-03-27
CUST08849,Nathaniel Hans,lmorar@example.net,+911988377569,Jaipur,28,2023-05-27
CUST08850,Chaitanya Chakraborty,esen@example.org,+917680079747,Hyderabad,51,2023-10-13
CUST08851,Diya Deshpande,benjaminprasad@example.net,+915057161943,Hyderabad,29,2023-12-26
CUST08852,Harrison Garg,jayaramananirudh@example.org,+912058031160,Ahmedabad,19,2023-02-19
CUST08853,Raksha Gade,umani@example.net,+912971140710,Chennai,42,2023-02-19
CUST08854,Meera Sule,ndas@example.com,+912706672831,Surat,60,2023-07-25
CUST08855,Azaan Borah,goyaldarsh@example.org,07113509742,Bangalore,35,2023-07-02
CUST08856,Oeshi Tata,farajkarnik@example.net,03215269008,Surat,67,2023-05-15
CUST08857,Ijaya Kumar,deepvasatika@example.com,05937675407,Bangalore,59,2023-11-30
CUST08858,Aachal Bora,chaudrysamaksh@example.com,06148969081,Hyderabad,54,2023-07-29
CUST08859,Wriddhish Gokhale,neha44@example.net,07656326415,Chennai,27,2023-12-23
CUST08860,Chanakya Bhargava,zhayre@example.net,09571390516,Hyderabad,38,2024-02-24
CUST08861,Reyansh Palla,gokhaleyashica@example.org,09771088007,Ahmedabad,33,2023-03-03
CUST08862,Luke Kanda,rishi56@example.org,+914210398165,Bangalore,66,2023-06-26
CUST08863,Veda Swamy,som@example.org,3542341377,Ahmedabad,38,2023-05-28
CUST08864,Irya Dugar,pahal56@example.org,1958373147,Surat,66,2024-01-25
CUST08865,Jeet Bhavsar,ikbalsharaf@example.com,+916697233363,Surat,51,2023-12-23
CUST08866,Abeer Johal,upasna73@example.net,00625428150,Mumbai,61,2023-11-29
CUST08867,Zehaan Cherian,dtara@example.org,+919532527408,Delhi,68,2023-07-04
CUST08868,Raagini Bumb,pkaul@example.org,6668556115,Delhi,23,2023-09-21
CUST08869,Qadim Nanda,william36@example.com,+919281296857,Mumbai,18,2023-07-27
CUST08870,Tanmayi Parikh,vasudha01@example.com,+913673108099,Mumbai,39,2024-02-07
CUST08871,Vedhika Issac,krishnakaul@example.com,06134212810,Delhi,38,2024-05-24
CUST08872,Charita Garg,nvohra@example.net,7725672492,Pune,30,2023-12-13
CUST08873,Yutika Prakash,gaurang50@example.com,06120476866,Bangalore,31,2024-03-09
CUST08874,Yasti Barad,jhaveriwarda@example.com,09640499328,Kolkata,22,2023-12-20
CUST08875,Panini Edwin,rajata01@example.net,2340099150,Pune,57,2024-05-17
CUST08876,Lakshit Rau,hgandhi@example.net,+914434825649,Pune,55,2023-11-28
CUST08877,Indrajit Bahri,anitakhurana@example.org,00852923998,Ahmedabad,48,2023-08-13
CUST08878,Ekaraj Rai,lsuri@example.org,01959141296,Pune,63,2023-11-12
CUST08879,Aishani Dhaliwal,darika10@example.org,1544833202,Bangalore,36,2024-01-18
CUST08880,Varenya Swamy,somgagan@example.org,07903985377,Kolkata,24,2023-11-28
CUST08881,Maanav Bhattacharyya,triptibahri@example.com,+913621884798,Jaipur,28,2024-03-24
CUST08882,Ekantika Grewal,miteshpall@example.com,5733562393,Bangalore,28,2024-01-18
CUST08883,Ekanta Hegde,nradhakrishnan@example.net,02211740983,Hyderabad,25,2023-03-04
CUST08884,Harini Warrior,victorcomar@example.net,04564605909,Jaipur,57,2023-07-25
CUST08885,Jagrati Kalita,zbasu@example.org,0938089575,Hyderabad,28,2024-01-28
CUST08886,Bahadurjit Garde,vasanabera@example.org,4596436460,Jaipur,53,2023-10-04
CUST08887,Kashish Lall,diptachaudhry@example.net,+910821329137,Ahmedabad,62,2023-08-31
CUST08888,Xiti Tata,vargheseeshana@example.org,+919686434808,Kolkata,62,2024-03-26
CUST08889,Warjas Chadha,patlaishwar@example.org,+915110610081,Chennai,25,2023-12-03
CUST08890,Oni Bedi,isaiah91@example.org,+911545433557,Bangalore,46,2023-05-20
CUST08891,Kiaan Bora,oliver22@example.com,1408818029,Delhi,66,2023-10-21
CUST08892,Upadhriti Mander,gautampatil@example.net,+910175647642,Mumbai,26,2023-07-22
CUST08893,Urmi Chand,cnarayan@example.org,0586705809,Hyderabad,48,2024-01-29
CUST08894,Ishaan Nanda,fbora@example.org,+918665067369,Hyderabad,48,2023-02-26
CUST08895,Edhitha Khare,jagdish64@example.org,2119863085,Bangalore,67,2024-02-23
CUST08896,Qadim Mital,yashsamra@example.net,2615233430,Mumbai,55,2023-04-09
CUST08897,Agastya Bhattacharyya,aachalnatt@example.org,1772859209,Pune,46,2023-04-27
CUST08898,Kabir Sood,matthew45@example.org,+916280115467,Surat,54,2023-10-22
CUST08899,Tristan Sibal,ypingle@example.net,+914922018290,Bangalore,46,2024-03-28
CUST08900,Rachana Dora,chadqushi@example.org,03974807620,Mumbai,49,2023-12-05
CUST08901,Abha Bala,danielshan@example.org,+918873167762,Surat,40,2023-04-10
CUST08902,Januja Wable,ravalraksha@example.org,00721635206,Pune,23,2023-10-23
CUST08903,Vasatika Shan,tissac@example.org,1884921275,Pune,22,2024-04-09
CUST08904,Ranbir Kala,arya37@example.com,0114097127,Bangalore,26,2023-04-07
CUST08905,Dakshesh Grewal,vpradhan@example.net,+914140880862,Surat,37,2023-09-23
CUST08906,Caleb Kuruvilla,thomasagarwal@example.com,+915311247443,Hyderabad,27,2023-06-22
CUST08907,Oscar Radhakrishnan,mallickonkar@example.org,5144419147,Delhi,68,2023-11-20
CUST08908,Janaki Kamdar,ladowen@example.org,8244872502,Chennai,58,2024-05-17
CUST08909,Radhika Dhar,osha61@example.org,0761560383,Pune,36,2023-06-20
CUST08910,Hema Bava,xavier60@example.org,+913074597800,Delhi,40,2023-06-04
CUST08911,Qushi Muni,gaurangsethi@example.org,00529285054,Surat,69,2024-02-29
CUST08912,Krisha Baria,ochaudhari@example.org,7841477062,Ahmedabad,19,2023-09-11
CUST08913,Garima Varughese,contractornachiket@example.org,+912364454977,Surat,55,2023-11-06
CUST08914,Alexander Chhabra,wazirnatarajan@example.org,5249214951,Hyderabad,28,2023-06-18
CUST08915,Vasatika Palla,sabharwalarunima@example.org,+918864304967,Pune,34,2023-04-26
CUST08916,Omkaar Devan,bhaktakai@example.org,05919462794,Chennai,50,2023-07-13
CUST08917,Keya Thaman,finn75@example.net,09596667433,Kolkata,51,2023-06-27
CUST08918,Sachi Raval,tiwarielijah@example.org,7752175266,Mumbai,49,2024-05-19
CUST08919,Ishanvi Yohannan,madhav65@example.net,02181721602,Pune,28,2024-02-16
CUST08920,Megha Mitter,banerjeeanthony@example.com,5268389507,Mumbai,59,2024-04-04
CUST08921,Abhimanyu Viswanathan,wakeetaparikh@example.org,+917875624794,Chennai,62,2024-01-27
CUST08922,Charles Wadhwa,mason41@example.com,01909936376,Kolkata,34,2023-03-26
CUST08923,Yug Wali,trivediaarush@example.org,7785156008,Ahmedabad,45,2024-06-03
CUST08924,Vansha Bali,chaturamall@example.net,6092440112,Pune,20,2023-10-24
CUST08925,Oscar Thakur,zehaan25@example.org,2835675694,Kolkata,65,2023-08-12
CUST08926,Amol Thaman,pandyaanika@example.org,7704596751,Ahmedabad,60,2024-02-05
CUST08927,Charan Kunda,eta27@example.org,0500265949,Delhi,39,2024-05-26
CUST08928,Vanya Talwar,ogade@example.com,6826997668,Jaipur,20,2023-06-18
CUST08929,Indali Nath,saanvi93@example.com,5203559248,Bangalore,57,2024-04-25
CUST08930,Rayaan Mandal,battavedhika@example.com,00006728654,Mumbai,65,2023-10-17
CUST08931,Ishanvi Rao,wridesh19@example.org,04940550010,Surat,19,2023-05-18
CUST08932,Tristan Kari,mohanishaan@example.com,8104134474,Kolkata,42,2023-08-26
CUST08933,Ranveer Gaba,bsundaram@example.com,02785513342,Chennai,48,2023-05-20
CUST08934,Sarthak Chana,manddev@example.org,+916382818193,Hyderabad,42,2023-08-31
CUST08935,Hiral Rama,garalila@example.com,1678044634,Mumbai,62,2023-03-04
CUST08936,Frederick Mall,anandekansh@example.com,7489169760,Kolkata,62,2024-01-16
CUST08937,Yatan Panchal,aarushbahri@example.net,8616693349,Hyderabad,39,2023-11-03
CUST08938,Xavier Ratta,ypandya@example.net,+916976493999,Pune,69,2023-08-22
CUST08939,Xiti Dua,mallxavier@example.net,+910389005447,Jaipur,68,2024-04-26
CUST08940,Wahab Srinivas,vrishti42@example.org,2289299058,Hyderabad,44,2023-05-08
CUST08941,Oscar Korpal,jhayuvraj@example.com,06238729105,Pune,26,2023-03-06
CUST08942,Lohit Sharma,orana@example.org,3374956986,Pune,64,2023-12-21
CUST08943,Orinder Balasubramanian,sankarbachittar@example.com,+917278042923,Kolkata,53,2023-08-17
CUST08944,Bina Kari,udant82@example.com,0760483623,Chennai,49,2023-03-06
CUST08945,Simon Sastry,bhavani32@example.com,0245911503,Kolkata,35,2023-12-25
CUST08946,Harinakshi Luthra,hwalla@example.net,2562540254,Delhi,46,2024-03-26
CUST08947,Zayyan Trivedi,jcomar@example.net,7807559997,Delhi,69,2023-03-23
CUST08948,Amol Venkatesh,gagannaik@example.org,+911509952489,Pune,50,2023-07-17
CUST08949,Naveen Ratta,rsur@example.com,6609589855,Delhi,19,2023-02-25
CUST08950,Triveni Bath,jraj@example.org,+912595810712,Bangalore,69,2023-11-04
CUST08951,Finn Buch,oviyamanne@example.org,+912197609159,Delhi,33,2023-08-14
CUST08952,Nakul Sehgal,fparsa@example.com,4531803199,Delhi,29,2023-05-11
CUST08953,Owen Agrawal,kavyaiyer@example.net,02806438856,Pune,22,2023-06-25
CUST08954,Anvi Ramachandran,cjayaraman@example.org,+915611785296,Bangalore,54,2023-09-13
CUST08955,Nirja Chauhan,varghesezansi@example.com,+916029806296,Chennai,67,2023-10-09
CUST08956,Falan Dhingra,parth77@example.com,04849643113,Delhi,22,2023-07-26
CUST08957,Harsh Sibal,sudiksha33@example.com,+919127478956,Mumbai,64,2024-06-25
CUST08958,Hitesh Kaur,chanakyakhanna@example.com,+915237882102,Mumbai,65,2023-05-27
CUST08959,Noah Butala,regegayathri@example.net,1317750383,Pune,57,2023-05-15
CUST08960,Osha Srivastava,mannanjairaj@example.net,3490066696,Delhi,27,2024-05-28
CUST08961,Nitesh Sankaran,bgade@example.com,02602239414,Surat,58,2024-04-03
CUST08962,Jeet Kakar,nidhisule@example.org,+910878274473,Ahmedabad,58,2024-05-24
CUST08963,Hritik Kibe,choudhryoeshi@example.org,+910581873062,Pune,68,2023-12-28
CUST08964,Harshil Krish,magarishani@example.org,+911451030127,Delhi,57,2023-12-16
CUST08965,Harini Dara,udant25@example.net,07001589816,Delhi,21,2024-06-15
CUST08966,Ethan Krishnan,lsidhu@example.net,+912194497632,Bangalore,30,2023-05-10
CUST08967,Faraj Bhardwaj,ekanshnanda@example.net,9253607206,Delhi,29,2024-05-27
CUST08968,Urvashi Brar,usunder@example.net,+915108895837,Delhi,63,2023-04-07
CUST08969,Charvi Sachdeva,hnagi@example.net,5256712965,Delhi,18,2024-05-22
CUST08970,Damyanti Padmanabhan,prabhakaraarnav@example.com,09575351126,Hyderabad,68,2023-08-19
CUST08971,Alexander Jha,karnikkashvi@example.net,06924957425,Chennai,31,2024-05-27
CUST08972,Nitesh Boase,buchraagini@example.net,+914181398796,Mumbai,63,2023-06-21
CUST08973,Jairaj Talwar,upasna81@example.org,+919721762089,Delhi,42,2023-05-12
CUST08974,Leela Sankar,nirja32@example.net,5982780995,Pune,58,2023-07-24
CUST08975,Henry Lanka,lakshit96@example.com,+911554619379,Jaipur,30,2023-06-08
CUST08976,Advik Reddy,balaydaksha@example.net,6144236599,Ahmedabad,70,2023-02-15
CUST08977,Tripti Seth,bhavikaiyer@example.com,04275507516,Chennai,63,2023-11-09
CUST08978,Ryan Sabharwal,warhikulkarni@example.net,5055125092,Ahmedabad,56,2023-09-26
CUST08979,Raagini Chokshi,bendakshesh@example.net,+919624087364,Bangalore,48,2023-12-02
CUST08980,Faris Sami,hemangmand@example.org,+914259894970,Kolkata,64,2024-03-08
CUST08981,Harish Batra,jhaveridhruv@example.net,2507836679,Surat,21,2024-02-07
CUST08982,Netra Dora,jonathangandhi@example.net,01502932657,Ahmedabad,29,2023-06-17
CUST08983,Qushi Choudhury,ayushsahni@example.net,09440174598,Jaipur,18,2024-02-08
CUST08984,Aditya Das,avnikibe@example.net,6021298809,Delhi,29,2024-06-14
CUST08985,Vansha Oza,chasmumrana@example.org,05642228563,Chennai,34,2023-02-19
CUST08986,Mugdha Prabhu,walivarsha@example.com,00982922644,Bangalore,52,2024-02-23
CUST08987,Jeremiah Saxena,lbal@example.net,+912804596100,Surat,30,2023-12-06
CUST08988,Nikita Tara,vedadugal@example.net,1210864442,Delhi,62,2024-06-03
CUST08989,Anya Panchal,bhanumati36@example.net,3139590012,Delhi,30,2024-06-03
CUST08990,Idika Bahri,samramaanav@example.com,01287937643,Bangalore,38,2024-02-01
CUST08991,Dipta Raj,oparikh@example.net,+910093139095,Chennai,28,2023-04-10
CUST08992,Manan Vala,adhar@example.org,+912290708561,Hyderabad,58,2023-05-24
CUST08993,Thomas Chokshi,oganesh@example.net,07016440725,Surat,36,2023-04-27
CUST08994,Pahal Atwal,ekiyahanda@example.com,07814603083,Surat,44,2024-02-06
CUST08995,Upasna Upadhyay,unnatikalita@example.com,04107631008,Jaipur,58,2023-08-06
CUST08996,Isaiah Sengupta,awali@example.net,1984594597,Kolkata,31,2023-07-28
CUST08997,Upma Bhatti,daksh17@example.org,01730063893,Hyderabad,34,2023-12-06
CUST08998,Barkha Kata,pnatarajan@example.com,+913163670460,Pune,65,2024-01-31
CUST08999,Jasmit Mannan,revasridhar@example.net,01908107229,Chennai,51,2024-05-03
CUST09000,Amruta Kara,mtara@example.org,05820669456,Mumbai,59,2024-02-09
CUST09001,Upasna Char,rajagopalgirindra@example.org,+913648762477,Kolkata,36,2024-03-05
CUST09002,Oliver Sule,krishnaeta@example.net,1634280534,Bangalore,22,2023-08-01
CUST09003,Qadim Reddy,godajairaj@example.net,+917122014540,Mumbai,22,2024-01-25
CUST09004,Darika Nigam,rakshabhagat@example.com,1571274417,Ahmedabad,40,2024-04-25
CUST09005,Omisha Misra,mekhalanarayanan@example.com,00952512130,Mumbai,57,2024-03-29
CUST09006,Aradhana Karpe,jacob13@example.org,5009693159,Hyderabad,23,2024-03-20
CUST09007,Balvan Shan,rishi13@example.net,+917288076425,Ahmedabad,18,2024-01-02
CUST09008,Aarnav Mangal,ppandey@example.org,3750564757,Delhi,38,2023-10-12
CUST09009,David Ramaswamy,chhabradipta@example.com,+913211695831,Surat,67,2023-04-20
CUST09010,Sanaya Master,kuruvillaraksha@example.net,07255715920,Pune,62,2024-03-15
CUST09011,Ronith Khalsa,chasmumchand@example.com,2137638810,Surat,61,2023-04-13
CUST09012,Yug Pant,saumyabumb@example.org,08915719962,Delhi,54,2024-03-17
CUST09013,Vedika Shere,tripathihamsini@example.org,06495839863,Kolkata,64,2023-09-30
CUST09014,Bahadurjit Mukherjee,parekhjason@example.com,3678670017,Pune,46,2023-09-05
CUST09015,Elijah Kari,amairaboase@example.com,0490613957,Pune,65,2024-03-02
CUST09016,Keya Gokhale,chaudhariunnati@example.org,+911920568573,Ahmedabad,41,2023-09-29
CUST09017,Warjas Varkey,sde@example.org,1020182346,Ahmedabad,37,2024-03-28
CUST09018,Urishilla Sama,eperi@example.com,8582151236,Ahmedabad,38,2023-12-30
CUST09019,Anusha Nanda,banjeet66@example.org,+918000036399,Jaipur,65,2024-05-25
CUST09020,Ekansh Rama,neha89@example.net,+912898191508,Chennai,32,2024-02-24
CUST09021,Yatan Basak,gangasethi@example.net,07743360971,Surat,28,2024-05-30
CUST09022,Isaiah Narain,gautamivohra@example.net,0434758128,Mumbai,62,2024-06-11
CUST09023,Yug Karpe,qnaik@example.org,9161298770,Pune,44,2023-04-11
CUST09024,Rushil Dar,qbhavsar@example.net,+914830791508,Ahmedabad,47,2023-07-23
CUST09025,Yagnesh Basu,panditikshita@example.net,+917492684278,Pune,68,2023-10-01
CUST09026,Pavani Sahota,xranganathan@example.com,00154079531,Hyderabad,47,2023-09-24
CUST09027,Yadavi Bains,ghoseyashasvi@example.com,05407405272,Ahmedabad,46,2024-01-11
CUST09028,Hemal Koshy,williamchatterjee@example.net,03412113986,Bangalore,27,2024-01-23
CUST09029,Zashil Bobal,madhavprasad@example.org,+916157601465,Hyderabad,44,2023-03-08
CUST09030,Ikshita Pai,shankerarjun@example.org,08492550345,Mumbai,26,2024-04-28
CUST09031,Ayushman Barad,wishikar@example.org,1897980977,Pune,42,2023-06-22
CUST09032,Lipika Hayre,mnanda@example.com,8214088890,Bangalore,43,2024-02-27
CUST09033,Amrita Ramaswamy,gkaur@example.org,5766800785,Pune,18,2024-04-10
CUST09034,Sanya Mandal,brijesh69@example.net,1054552885,Hyderabad,68,2023-12-04
CUST09035,Jagrati Patel,wbaria@example.net,+912113747941,Bangalore,27,2024-04-12
CUST09036,Sai Kamdar,lallakashish@example.org,+911622126014,Surat,29,2023-10-08
CUST09037,Amruta Madan,hbrahmbhatt@example.net,01955940995,Chennai,24,2023-12-02
CUST09038,Lajita Ben,ikala@example.org,6340169846,Mumbai,43,2024-06-04
CUST09039,Wriddhish Reddy,hwalla@example.net,2163099242,Ahmedabad,27,2023-03-17
CUST09040,Jalsa Mand,nsharma@example.net,9116527543,Kolkata,39,2023-04-30
CUST09041,Yuvraj Sharma,pranavsetty@example.org,+912972291315,Chennai,19,2024-04-09
CUST09042,Aayush Mani,pushtigole@example.org,2393035184,Ahmedabad,43,2023-05-30
CUST09043,Mugdha Kade,geraranbir@example.org,1232300981,Bangalore,37,2024-04-19
CUST09044,Nitara Trivedi,qwadhwa@example.org,4556728967,Jaipur,35,2024-01-09
CUST09045,Urishilla Sankar,parthsetty@example.net,8067628611,Chennai,30,2023-04-28
CUST09046,Ikbal Goel,vmall@example.com,01568800175,Ahmedabad,56,2023-09-21
CUST09047,Chakradhar Saraf,sanayamurty@example.com,5279032919,Ahmedabad,45,2024-06-21
CUST09048,Rachana Varghese,sidhuarjun@example.org,+918560158697,Hyderabad,28,2023-09-06
CUST09049,Charan Patla,duttasamaksh@example.org,07316575433,Ahmedabad,60,2023-08-13
CUST09050,Udyati Bakshi,wridesh47@example.com,+918838624964,Mumbai,40,2023-12-26
CUST09051,Yagnesh Barman,kpatla@example.net,+918513795868,Delhi,22,2023-10-13
CUST09052,Ekaja Sandal,warinder80@example.net,04704396922,Pune,63,2024-03-16
CUST09053,Laksh Rajagopal,kabirdhaliwal@example.net,0305133915,Ahmedabad,56,2023-06-17
CUST09054,Janya Morar,elijah65@example.com,01154023156,Kolkata,27,2024-03-03
CUST09055,Amrita Kurian,jsharaf@example.com,+918055229060,Chennai,51,2024-02-08
CUST09056,Aishani Dhingra,nilimajain@example.org,+917636048368,Ahmedabad,69,2024-02-05
CUST09057,Hitesh Krishna,bawaraghav@example.com,00160074219,Chennai,44,2024-05-09
CUST09058,Kabir Gara,imarandani@example.com,+917546234187,Ahmedabad,18,2024-06-14
CUST09059,Frado Saraf,ubikasankaran@example.com,3545440972,Kolkata,58,2023-10-30
CUST09060,Dayita Chawla,zaid71@example.net,+910764758834,Bangalore,39,2023-06-06
CUST09061,Ria Panchal,bimala16@example.org,0406420900,Kolkata,61,2024-06-15
CUST09062,Ekbal De,aarnasastry@example.com,4337183190,Surat,45,2023-08-25
CUST09063,Vyanjana Pradhan,upadhriti31@example.org,08562436304,Surat,25,2023-10-03
CUST09064,Bhavya Deep,chanchalpadmanabhan@example.net,9130756290,Surat,26,2024-04-26
CUST09065,Rachita Cherian,giriknarang@example.com,09797582645,Jaipur,36,2024-01-04
CUST09066,Liam Shah,rajeshrihayer@example.com,05212509088,Pune,64,2023-07-23
CUST09067,Vyanjana Issac,jhalaksamra@example.net,4533190489,Pune,69,2023-12-17
CUST09068,Anvi Buch,darpangola@example.com,+916268488480,Bangalore,41,2024-06-01
CUST09069,Anita Nanda,vpillay@example.org,+914097666309,Surat,48,2023-08-30
CUST09070,Harita Raman,bordechakradev@example.net,+914262460199,Delhi,19,2023-09-29
CUST09071,Aishani Gade,anjali95@example.com,3500373485,Ahmedabad,41,2023-04-20
CUST09072,Ekanta Sandhu,yohannanrohan@example.org,+919848466144,Hyderabad,33,2023-10-13
CUST09073,Ayush Parmer,anirudhmore@example.net,05247904552,Chennai,38,2023-07-28
CUST09074,Baghyawati Aurora,lmital@example.com,04012567103,Chennai,38,2023-12-09
CUST09075,Ubika Varghese,nbali@example.net,+919901079305,Ahmedabad,68,2023-03-17
CUST09076,Qadim Sidhu,qjohal@example.org,09853310154,Kolkata,53,2024-05-09
CUST09077,Triya Chakrabarti,vincentbrar@example.org,0377822730,Pune,54,2023-11-08
CUST09078,Rajeshri Rajagopalan,tejas68@example.org,+915932349920,Pune,62,2023-04-11
CUST09079,Champak Handa,karanchampak@example.org,+917582946181,Chennai,26,2024-03-01
CUST09080,Urvi Bhatt,nitara87@example.com,+914224941192,Pune,68,2023-12-07
CUST09081,Abhiram Kade,qshenoy@example.org,06324857844,Surat,32,2024-03-20
CUST09082,Quincy Khatri,smohanty@example.org,+911814491788,Surat,57,2024-05-23
CUST09083,Devansh D’Alia,manthanchahal@example.org,0184796169,Chennai,70,2023-05-31
CUST09084,Hredhaan Lal,guptaindali@example.net,03189611204,Chennai,49,2024-01-23
CUST09085,Urvi Batra,kbasak@example.com,+916323266749,Surat,48,2024-04-15
CUST09086,Wakeeta Kari,jonathan70@example.org,+913917986532,Mumbai,38,2024-01-05
CUST09087,Pahal Madan,manthan29@example.com,+918770815376,Jaipur,24,2023-03-02
CUST09088,Radha Panchal,xitimadan@example.com,+913331632504,Hyderabad,66,2023-03-01
CUST09089,Agastya Ravel,okalla@example.net,+919745323145,Bangalore,57,2023-08-22
CUST09090,Upadhriti Bal,guptamaanav@example.org,6993729819,Pune,23,2023-07-10
CUST09091,Champak Pall,anmol43@example.net,03208762063,Jaipur,49,2023-03-19
CUST09092,Kalpit Deo,xchada@example.net,+914707723570,Ahmedabad,56,2023-08-20
CUST09093,Anya Taneja,mandalsamesh@example.org,09780432447,Kolkata,22,2023-10-30
CUST09094,Caleb Tandon,yamini96@example.org,06746299083,Ahmedabad,42,2024-02-09
CUST09095,Yuvraj Modi,benjamin64@example.com,08838662916,Chennai,68,2023-06-19
CUST09096,Reva Ganguly,manbirthakkar@example.org,04520323183,Kolkata,63,2024-06-18
CUST09097,Lavanya Prasad,devansh45@example.net,6917422055,Bangalore,41,2023-09-12
CUST09098,Yatan Sinha,karperaksha@example.net,9317262382,Mumbai,48,2023-04-22
CUST09099,Anamika Swamy,keya86@example.org,02172337347,Chennai,32,2024-03-01
CUST09100,Ekta Pandey,ubikabedi@example.net,08157533011,Mumbai,38,2023-08-17
CUST09101,Nidhi Swamy,amrita28@example.org,2024742115,Pune,70,2024-02-22
CUST09102,Samaksh Chahal,sharafanusha@example.org,04434139547,Surat,48,2024-01-03
CUST09103,Tejas Vig,ngupta@example.com,2349549356,Jaipur,27,2023-10-30
CUST09104,Fitan Dewan,michaelyadav@example.net,4212643572,Kolkata,38,2023-10-30
CUST09105,Daniel Parekh,lekhabaral@example.net,6995776763,Ahmedabad,38,2023-12-30
CUST09106,Gopal Balay,woza@example.org,06185280700,Surat,52,2023-03-06
CUST09107,Chaaya Ranganathan,chandrangarima@example.org,5926474352,Chennai,70,2023-05-14
CUST09108,Praneel Kalla,cchahal@example.org,+915938406619,Chennai,56,2024-04-20
CUST09109,Aadhya Bal,thomasbuch@example.com,+912609587478,Surat,25,2023-05-14
CUST09110,Neel Narula,kothariganga@example.org,+917873354825,Kolkata,64,2024-04-27
CUST09111,Siya Tara,vasudhaissac@example.org,03665574887,Mumbai,65,2023-04-02
CUST09112,Sneha Krishnamurthy,wchandran@example.org,7610815486,Chennai,51,2023-08-18
CUST09113,Kabir Lad,warriorshivansh@example.net,+915951940392,Jaipur,36,2023-06-18
CUST09114,Krishna Goswami,mahalgagan@example.net,06727285000,Chennai,68,2024-04-03
CUST09115,Pooja Ganesan,hbala@example.org,4585725547,Hyderabad,45,2023-10-26
CUST09116,Manbir Aggarwal,girindrarama@example.com,+914520290487,Mumbai,37,2024-05-23
CUST09117,Aadhya Rege,ftailor@example.org,5986898094,Kolkata,31,2023-10-12
CUST09118,Pushti Chaudhari,suhanitaneja@example.org,02973623940,Bangalore,36,2023-06-05
CUST09119,Krishna Mital,rushilbandi@example.org,09392521758,Mumbai,19,2023-07-27
CUST09120,Michael Baral,raggarwal@example.org,+916737558798,Hyderabad,23,2023-12-06
CUST09121,Krishna Tailor,unni80@example.net,+917543007957,Pune,47,2023-04-26
CUST09122,Mohini Jain,chadhareva@example.org,2420043356,Bangalore,46,2023-07-02
CUST09123,Chanakya Sem,kalitaharini@example.com,03122179883,Hyderabad,53,2023-09-18
CUST09124,Naveen Master,gaganpalan@example.org,1504554844,Bangalore,56,2023-10-16
CUST09125,Ronith Natarajan,prabhuqasim@example.com,05103880347,Ahmedabad,66,2023-06-20
CUST09126,Yatin Chad,gdhingra@example.org,8759589541,Pune,24,2023-05-07
CUST09127,Chaaya Khosla,jyogi@example.com,+914836247072,Kolkata,47,2024-05-15
CUST09128,Oviya Sandhu,munidevansh@example.net,02752277113,Kolkata,30,2023-12-23
CUST09129,Yahvi Mital,gsubramanian@example.com,04612689155,Surat,47,2023-11-19
CUST09130,Viraj Batta,chandresh90@example.org,09205899136,Kolkata,28,2024-01-08
CUST09131,Yachana Chatterjee,edasgupta@example.com,09422004574,Surat,26,2024-05-29
CUST09132,Baghyawati Mukhopadhyay,daksheshdevan@example.com,00746130375,Pune,19,2023-04-16
CUST09133,Hredhaan Lalla,mittalbhavika@example.org,7749169473,Delhi,21,2023-06-22
CUST09134,Anay Warrior,mandaarna@example.org,3410492962,Pune,53,2024-01-14
CUST09135,Isaiah Bora,borahekanta@example.com,07514062325,Ahmedabad,41,2024-02-06
CUST09136,Tamanna Raghavan,walianamika@example.net,+919525881127,Bangalore,38,2024-02-04
CUST09137,Tamanna Samra,mmurty@example.net,06289441235,Hyderabad,53,2023-11-30
CUST09138,Sanaya Yogi,boommen@example.org,8239214646,Mumbai,58,2023-11-19
CUST09139,Oliver Soman,dbakshi@example.com,00578291319,Hyderabad,59,2023-06-05
CUST09140,Abdul Chacko,petersom@example.org,03631654098,Pune,43,2024-02-19
CUST09141,Yuvraj Chatterjee,virajpandit@example.com,1510697423,Bangalore,38,2023-06-22
CUST09142,Vincent Murty,pahalratti@example.com,02560536786,Surat,66,2023-12-02
CUST09143,Krisha Dani,dipta87@example.com,+918437491915,Mumbai,59,2024-01-26
CUST09144,Darpan Korpal,pauzinal@example.net,+917114315131,Kolkata,38,2023-02-18
CUST09145,Balveer Natarajan,cmadan@example.com,+919240955191,Surat,66,2023-03-04
CUST09146,Kevin Bahl,nathankashyap@example.org,9923681639,Surat,20,2024-02-16
CUST09147,Matthew Lanka,qabilkala@example.net,0198871256,Jaipur,21,2024-05-05
CUST09148,Christopher Tripathi,tripathiabhimanyu@example.org,+914827797573,Bangalore,49,2023-11-23
CUST09149,Rehaan Taneja,palhemani@example.net,9423619257,Delhi,22,2024-04-18
CUST09150,Agastya Chaudhary,baljiwan21@example.com,+911675774701,Bangalore,27,2024-04-04
CUST09151,Simon Dave,qrai@example.com,+918137654910,Delhi,51,2024-03-05
CUST09152,Zansi Karnik,omkaarkapoor@example.org,07024419486,Bangalore,63,2023-02-14
CUST09153,Isaac Krishna,wishi89@example.org,2901769830,Chennai,23,2023-10-05
CUST09154,Maanas Sen,mittalfariq@example.org,+911118981613,Pune,40,2023-06-13
CUST09155,Vedhika Peri,sbhat@example.net,+914594866819,Pune,23,2023-09-24
CUST09156,Rachana Swamy,dalbir63@example.com,+911408680771,Hyderabad,39,2023-05-01
CUST09157,Faraj Butala,yashvi46@example.net,09799411423,Delhi,49,2023-08-28
CUST09158,Udant Bahri,qchaudhry@example.com,+918013564546,Hyderabad,52,2023-05-08
CUST09159,Abdul Mohan,nathaniel91@example.net,09911083185,Mumbai,51,2024-01-09
CUST09160,Ikbal Nanda,vrishti30@example.org,+919257611606,Hyderabad,59,2023-10-22
CUST09161,Tanvi Lata,avnisachdeva@example.net,5836889325,Hyderabad,62,2023-05-04
CUST09162,Urishilla Om,okarpe@example.com,01665811229,Bangalore,53,2023-06-02
CUST09163,Kamala Ahuja,bhavsarshravya@example.com,0556129232,Delhi,70,2023-02-15
CUST09164,Pallavi Koshy,xratti@example.org,08535930560,Chennai,46,2023-04-25
CUST09165,Tara Singh,wishi82@example.net,+913327494129,Bangalore,25,2023-08-24
CUST09166,Urmi Tandon,ozamadhav@example.net,3796264455,Kolkata,32,2023-09-04
CUST09167,Darika Muni,rjohal@example.org,+915679552810,Chennai,21,2023-03-17
CUST09168,Anusha Krishnamurthy,lakshitgala@example.net,2043724649,Jaipur,19,2024-03-05
CUST09169,Chanchal Shah,farajkaul@example.com,+914762680679,Mumbai,59,2024-05-17
CUST09170,Dalaja Deol,farhanbobal@example.org,2409421505,Chennai,48,2024-02-23
CUST09171,Raksha Manda,gkale@example.net,+916661287768,Mumbai,20,2024-03-14
CUST09172,Harrison Buch,agatepallavi@example.com,00588564930,Chennai,66,2023-12-10
CUST09173,Krishna Verma,rohanbail@example.com,7563886616,Chennai,27,2023-04-11
CUST09174,Amara Lala,goswamicharles@example.com,02522159796,Bangalore,50,2023-08-08
CUST09175,Bhavya Ramakrishnan,hemangini81@example.com,00580262658,Pune,38,2024-05-22
CUST09176,Aadhya Vaidya,krajagopalan@example.org,+917098844532,Hyderabad,66,2024-04-07
CUST09177,Yauvani Shere,victornagi@example.org,06640489869,Hyderabad,19,2023-11-30
CUST09178,Isha Golla,asengupta@example.net,00918577141,Jaipur,66,2024-05-11
CUST09179,Azad Deshmukh,ati18@example.net,+917743869751,Kolkata,49,2023-11-11
CUST09180,Yashvi Kaul,christopher77@example.com,05818359852,Mumbai,60,2023-08-11
CUST09181,Alexander Narain,vasatika34@example.com,+918317750546,Hyderabad,53,2023-11-22
CUST09182,Advik Kothari,kalasai@example.com,03303566397,Delhi,20,2023-07-08
CUST09183,Owen Krish,charles43@example.com,+912165529735,Chennai,55,2023-07-15
CUST09184,Kabir Khatri,vasudha76@example.net,05352746053,Mumbai,31,2024-04-05
CUST09185,Bhavini Manne,theodoretara@example.com,+919755408267,Chennai,55,2023-11-09
CUST09186,Saanvi Jhaveri,champak29@example.net,+914558726186,Ahmedabad,18,2023-04-19
CUST09187,Arjun Soni,dlall@example.org,3210252907,Pune,62,2023-03-13
CUST09188,Onkar Ramanathan,pahal82@example.com,01611175313,Delhi,55,2023-06-15
CUST09189,Parth Bassi,zbahri@example.org,+917245562784,Pune,50,2023-11-02
CUST09190,Tara Iyer,waida78@example.net,+911851317752,Bangalore,43,2023-06-07
CUST09191,Ira Vaidya,odikasen@example.org,+914650040302,Chennai,27,2023-04-28
CUST09192,Odika Kunda,sahafalguni@example.org,04932434061,Jaipur,18,2024-05-03
CUST09193,Falguni Vohra,lmutti@example.com,04166590161,Surat,36,2023-03-28
CUST09194,Darika Reddy,lipika94@example.com,8061763264,Kolkata,53,2024-05-13
CUST09195,Tanish Bakshi,onveer51@example.com,+914708598801,Pune,50,2024-06-21
CUST09196,Fiyaz Sethi,amrutacheema@example.org,+915659682724,Hyderabad,28,2023-10-04
CUST09197,Jatin Malhotra,charvipalan@example.net,3009276781,Chennai,66,2023-06-30
CUST09198,Niharika Dewan,vasudhaparmer@example.net,+912443323154,Surat,34,2024-03-20
CUST09199,Bhavya Deshmukh,cmuni@example.com,7812762527,Pune,30,2023-03-24
CUST09200,Frederick Ravi,gaurang98@example.net,02407818041,Pune,34,2023-03-21
CUST09201,Aarnav Venkatesh,charitabawa@example.org,+918525667831,Hyderabad,25,2023-06-15
CUST09202,Dalaja Menon,janiira@example.net,7735503604,Kolkata,46,2024-03-07
CUST09203,Kashvi Varty,madantanmayi@example.com,+917915400829,Mumbai,46,2023-05-06
CUST09204,Damini Nagi,asuri@example.net,06742055098,Surat,59,2024-02-13
CUST09205,Owen Bali,waliaoni@example.org,6873154959,Jaipur,67,2023-05-20
CUST09206,Xiti Mall,kadechaaya@example.net,0911765245,Hyderabad,31,2023-03-25
CUST09207,Agastya Rastogi,warinderbasu@example.org,02125393073,Bangalore,25,2023-06-28
CUST09208,Mason Palan,kritikaroy@example.org,08050359560,Mumbai,42,2023-08-07
CUST09209,Upkaar Parmar,bakhshisampath@example.net,+910410664950,Delhi,65,2024-01-03
CUST09210,Ekansh Bassi,farajsrinivasan@example.net,05180659495,Chennai,30,2023-07-19
CUST09211,Jack Nadkarni,ynath@example.org,07020549749,Surat,65,2023-07-27
CUST09212,Lavanya Sastry,hnarain@example.org,03981855743,Kolkata,62,2023-10-27
CUST09213,Triveni Korpal,aarna24@example.net,+911398719886,Chennai,55,2024-03-21
CUST09214,Vasatika Modi,raghavantara@example.com,+912662675964,Kolkata,41,2023-05-21
CUST09215,Warjas Kothari,chandani02@example.org,5464675138,Ahmedabad,21,2023-08-11
CUST09216,Siddharth Sarkar,mandbanjeet@example.org,09176734352,Chennai,54,2023-12-10
CUST09217,Fitan Misra,ayaan78@example.com,0163583549,Kolkata,31,2024-06-26
CUST09218,Aachal Oak,zsen@example.com,02554916155,Jaipur,19,2023-11-19
CUST09219,Reva Dua,trivediharsh@example.net,+911756099252,Kolkata,18,2024-03-24
CUST09220,Abdul Bose,aptedipta@example.org,5072720074,Chennai,29,2023-08-18
CUST09221,Megha Kuruvilla,chaitaly25@example.net,06549866384,Pune,31,2023-07-13
CUST09222,Charvi Bhatia,golavritti@example.org,2282676260,Ahmedabad,64,2023-02-24
CUST09223,Matthew Bahl,charles22@example.org,01958664326,Hyderabad,64,2024-06-12
CUST09224,Siddharth Tiwari,obava@example.org,5078368673,Pune,47,2023-03-15
CUST09225,Jagvi Vyas,qramakrishnan@example.net,+910974273500,Hyderabad,56,2024-05-19
CUST09226,Krishna Pathak,chandraudyati@example.com,01220003392,Bangalore,49,2023-06-27
CUST09227,Triveni Vohra,jagvi38@example.com,+915392692852,Ahmedabad,53,2023-02-14
CUST09228,Jalsa Chaudhuri,dominicmall@example.org,+910973065102,Surat,36,2023-06-09
CUST09229,Manya Chad,bumbwakeeta@example.com,08686932381,Chennai,22,2023-04-17
CUST09230,Charan Choudhry,chanchal27@example.com,9697164219,Surat,24,2023-03-23
CUST09231,Zinal Jayaraman,zayyanbabu@example.org,+916810634410,Mumbai,19,2023-03-23
CUST09232,Jason Goyal,turvi87@example.net,02502612893,Surat,21,2024-01-26
CUST09233,Lekha Bumb,chaudhuritanveer@example.net,+915481350772,Mumbai,35,2024-03-14
CUST09234,Nakul Loyal,atwalfarhan@example.com,9021720277,Mumbai,37,2023-04-13
CUST09235,Vidhi Wali,bchoudhary@example.net,04743958285,Ahmedabad,42,2024-03-06
CUST09236,Vidhi Goyal,abahri@example.net,+916347973057,Surat,28,2023-11-07
CUST09237,Avi Sodhi,jack57@example.org,02283443484,Delhi,21,2024-01-10
CUST09238,Ekapad Ghosh,triveni69@example.net,01259437036,Pune,31,2023-04-02
CUST09239,Dayita Singhal,nishavenkatesh@example.net,0009880066,Chennai,45,2024-02-02
CUST09240,Urvi Subramanian,januja65@example.net,+911700325313,Pune,22,2023-11-22
CUST09241,Liam Dayal,khoslaishani@example.org,+914807851195,Kolkata,44,2024-05-04
CUST09242,Jai Dugar,chameli78@example.net,02799435662,Mumbai,37,2023-05-13
CUST09243,Ansh Virk,sanayagupta@example.net,07245953790,Mumbai,25,2024-03-14
CUST09244,Gunbir Batra,chandran33@example.net,+915318601210,Kolkata,27,2024-05-21
CUST09245,Omisha Atwal,gopalkabir@example.com,08780902741,Kolkata,47,2023-05-31
CUST09246,Wishi Sant,danieltandon@example.org,06850576302,Chennai,25,2023-06-07
CUST09247,Damini Devi,jeremiahbera@example.org,09676929158,Mumbai,48,2023-06-25
CUST09248,Ekiya Krishnan,nchaudhry@example.org,05306431058,Bangalore,18,2024-02-16
CUST09249,Pallavi Nayar,zmurty@example.org,00389128607,Delhi,23,2024-02-06
CUST09250,Hemangini Kala,ayogi@example.com,+910673616816,Chennai,47,2023-11-20
CUST09251,Upkaar Naik,kabirshan@example.com,+919703144213,Surat,62,2024-06-24
CUST09252,Naksh Wagle,agastya12@example.org,08133184339,Jaipur,35,2023-02-25
CUST09253,Andrew Bansal,irya76@example.net,02554462634,Kolkata,19,2023-04-20
CUST09254,Aishani Basu,vidhidhar@example.net,05342451393,Surat,48,2023-04-25
CUST09255,Nidhi Sridhar,mitalipandya@example.org,03238588200,Delhi,64,2023-09-02
CUST09256,Vinaya Dixit,udarshkade@example.org,7886278184,Bangalore,31,2023-06-08
CUST09257,Mahika Bobal,koshywriddhish@example.org,+917554295557,Delhi,43,2023-12-25
CUST09258,Mason Choudhury,damyanti02@example.org,+917952886141,Hyderabad,19,2023-07-22
CUST09259,Omya Loyal,udarsh60@example.com,+911445094274,Mumbai,49,2023-11-15
CUST09260,Dalaja Barman,janyajayaraman@example.com,00714667021,Hyderabad,47,2023-10-14
CUST09261,Jonathan Nath,mohangavin@example.org,+919463530505,Hyderabad,29,2023-09-13
CUST09262,Amara Dhaliwal,harrison41@example.org,05132555180,Mumbai,54,2023-09-21
CUST09263,Xalak Biswas,dalaja30@example.net,0461185587,Mumbai,60,2023-04-29
CUST09264,Tanvi Savant,aarna18@example.com,+910180652661,Delhi,67,2023-10-26
CUST09265,Jeet Sangha,qtak@example.org,05614164574,Kolkata,63,2023-05-04
CUST09266,Girik Sunder,kritikachakrabarti@example.org,08964461390,Kolkata,64,2023-10-19
CUST09267,Barkha Krish,aarnavsoman@example.org,+918156723561,Ahmedabad,30,2024-02-16
CUST09268,Hamsini Dash,tamannabatra@example.net,07217076373,Kolkata,19,2023-03-21
CUST09269,Meera Ravel,xnigam@example.org,+918832336164,Kolkata,30,2024-06-09
CUST09270,Hemani Garg,mnadkarni@example.org,5362321990,Chennai,62,2023-06-18
CUST09271,Anya Mand,mannanvamakshi@example.com,01406402626,Ahmedabad,69,2023-07-30
CUST09272,Mahika Acharya,abhiramseth@example.com,+914880043105,Mumbai,59,2023-04-18
CUST09273,Atharv Sanghvi,maneharsh@example.net,+911219081253,Mumbai,54,2023-07-09
CUST09274,Geetika Walia,shereekapad@example.org,09153868728,Hyderabad,53,2023-09-28
CUST09275,Harrison Pillay,xswamy@example.org,5778122312,Ahmedabad,68,2023-08-11
CUST09276,Gaurangi Naik,kthaman@example.net,03481417220,Chennai,63,2023-06-15
CUST09277,Arunima Maharaj,anitatandon@example.org,6315101493,Mumbai,36,2023-08-04
CUST09278,Omkaar Palla,dnarayan@example.com,+911536030873,Pune,23,2023-05-19
CUST09279,Yug Nayak,yadavjairaj@example.com,09655408146,Surat,41,2023-09-17
CUST09280,Warjas Datta,solankibaljiwan@example.org,+911927805088,Ahmedabad,70,2023-07-25
CUST09281,Xalak Samra,libni71@example.net,+917113934517,Ahmedabad,52,2023-07-15
CUST09282,Viraj Chowdhury,fraghavan@example.org,+910627276434,Bangalore,41,2023-10-26
CUST09283,Raagini Keer,tejasbobal@example.com,05228603859,Pune,64,2024-04-01
CUST09284,Pushti Grover,orinder85@example.com,+910686618486,Jaipur,52,2023-06-08
CUST09285,Samesh Oza,nathaniel47@example.net,+919188139279,Bangalore,38,2023-04-11
CUST09286,Balvan Sunder,keya32@example.com,08797318768,Pune,44,2024-03-02
CUST09287,Jagrati Buch,varkeygirindra@example.com,03048444068,Bangalore,55,2024-02-17
CUST09288,Pallavi Pai,bkalla@example.com,7857427550,Hyderabad,41,2023-10-14
CUST09289,Max Raval,ijaya48@example.com,+917689037242,Ahmedabad,40,2023-07-06
CUST09290,Imaran Nagy,wazir64@example.org,07441876740,Kolkata,27,2024-03-02
CUST09291,Aarav Desai,pahalvora@example.net,8529104756,Ahmedabad,61,2024-03-10
CUST09292,Sudiksha Ghose,farajgill@example.com,+918003355632,Jaipur,44,2024-01-23
CUST09293,Zashil Arya,kashishbuch@example.com,3246304891,Pune,45,2024-02-06
CUST09294,Dakshesh Tak,anvilanka@example.org,8946775040,Delhi,56,2023-12-07
CUST09295,Varsha Lal,zaid18@example.com,+912625392134,Kolkata,26,2023-05-18
CUST09296,Viraj Sunder,arjun86@example.org,2594949390,Pune,40,2023-03-05
CUST09297,Noah Raman,nbarad@example.org,5018744607,Ahmedabad,46,2023-09-07
CUST09298,Nisha Bir,rajata96@example.net,05929162811,Jaipur,61,2024-05-12
CUST09299,Zinal Kadakia,arya74@example.com,+910131585565,Bangalore,20,2023-06-02
CUST09300,Imaran Mukherjee,shivansh35@example.org,04386384764,Pune,50,2023-12-24
CUST09301,Chaman Raghavan,hamsinichand@example.org,8520099329,Bangalore,56,2023-08-03
CUST09302,Yashawini Ganesan,karnikneelima@example.net,0987949268,Pune,52,2023-12-24
CUST09303,Veda Majumdar,iryatak@example.com,+917550451985,Bangalore,69,2023-03-21
CUST09304,Vedhika Tara,barkha25@example.org,8038189859,Surat,26,2023-05-14
CUST09305,Ubika Bhavsar,bhatiaharita@example.com,+910145335880,Chennai,70,2023-12-19
CUST09306,Madhav Raju,baraljyoti@example.org,03425213812,Hyderabad,23,2023-08-17
CUST09307,Bhavya Balasubramanian,dixitadvik@example.net,06116766648,Hyderabad,25,2024-01-11
CUST09308,Nachiket Rajan,pgoda@example.org,05814953258,Jaipur,52,2023-07-29
CUST09309,Udant Dhillon,walijai@example.com,04602931442,Mumbai,51,2024-02-26
CUST09310,Sanaya Sarma,christopher59@example.com,+910351247209,Delhi,54,2024-01-04
CUST09311,Yutika Khare,shettychakradhar@example.org,00023323902,Mumbai,34,2023-08-29
CUST09312,Zinal Chandra,bakhshisolanki@example.org,+911446704765,Jaipur,60,2023-04-20
CUST09313,Orinder Kibe,logan03@example.org,6674968452,Bangalore,65,2024-02-01
CUST09314,Nidhi Ramaswamy,rachanabhat@example.org,+913754830163,Chennai,61,2024-02-03
CUST09315,Osha Grewal,dasslaban@example.net,5567522467,Pune,49,2024-04-08
CUST09316,Yagnesh Raju,isha98@example.net,+915331808906,Delhi,38,2023-06-07
CUST09317,Widisha Memon,devikaben@example.net,+911407563947,Pune,53,2023-07-30
CUST09318,Amruta Pandey,ikalita@example.com,+914900563561,Hyderabad,51,2023-11-26
CUST09319,Jonathan Raghavan,tanaybawa@example.net,1102786579,Hyderabad,32,2024-04-24
CUST09320,Victor Kuruvilla,samiazaan@example.net,0856034376,Surat,40,2023-10-16
CUST09321,Dhruv Rau,dchakraborty@example.net,03171514043,Hyderabad,62,2023-02-20
CUST09322,Reva Saran,udant85@example.net,3736762087,Delhi,32,2024-03-23
CUST09323,Manya Uppal,aahana01@example.org,04824896170,Ahmedabad,27,2024-03-16
CUST09324,Ria Rau,sai02@example.org,7865550139,Chennai,63,2024-02-19
CUST09325,Ekantika Bobal,acharyayashawini@example.com,09608066138,Mumbai,68,2024-04-18
CUST09326,Jeevika Pal,krishnamaya@example.net,9687673658,Jaipur,69,2024-02-20
CUST09327,Hemani Shah,gmore@example.net,+910081035691,Delhi,49,2024-02-23
CUST09328,Samarth Hayre,tanveerborah@example.com,+910440339374,Bangalore,22,2023-08-24
CUST09329,Simon Upadhyay,gunbirkrish@example.com,+914739268754,Kolkata,33,2024-01-15
CUST09330,Libni Sarkar,sastrylogan@example.org,+915376090627,Hyderabad,37,2024-05-04
CUST09331,Abhimanyu Golla,geetikabera@example.com,+913226007796,Chennai,52,2024-05-04
CUST09332,Leela Sankar,mnatarajan@example.com,5025491577,Delhi,70,2023-05-05
CUST09333,Aarav Nori,saneqasim@example.net,5012934160,Chennai,19,2024-05-17
CUST09334,Mohini Kashyap,robert07@example.org,3742742474,Mumbai,19,2023-10-19
CUST09335,Vedant Nagi,kbuch@example.com,+911424551983,Kolkata,25,2024-04-27
CUST09336,Jeremiah Seshadri,fiyaz93@example.net,4584353818,Chennai,29,2024-05-02
CUST09337,Avni Shenoy,khoslaadvika@example.org,06833187635,Delhi,22,2023-08-11
CUST09338,Advika Dhar,jeet57@example.com,07232378006,Kolkata,46,2024-01-20
CUST09339,Zayyan Barman,toorurvashi@example.org,8272702943,Delhi,45,2023-11-28
CUST09340,Hardik Hegde,dalaja11@example.net,+914256024182,Pune,60,2023-10-20
CUST09341,Dhriti Palla,kmanne@example.org,3805344352,Hyderabad,18,2023-10-16
CUST09342,Laksh Batra,dubeyjyoti@example.net,8138307852,Surat,37,2023-12-21
CUST09343,Jalsa Samra,ekta04@example.org,05518033631,Pune,42,2023-06-13
CUST09344,Gayathri Boase,sarthak36@example.com,2036185497,Pune,31,2023-11-04
CUST09345,Hemal Parmer,prabhakarmanya@example.com,4491362577,Kolkata,45,2024-05-25
CUST09346,Vritti Murthy,ishwartiwari@example.org,+919262818335,Surat,55,2023-09-10
CUST09347,Dalaja Brar,kahuja@example.net,0175308395,Ahmedabad,58,2024-06-13
CUST09348,David Patel,saanvibajwa@example.net,+910701634729,Surat,55,2023-03-14
CUST09349,Gautam Pandya,ishaan82@example.org,02964354273,Mumbai,61,2023-07-22
CUST09350,Meghana Sheth,fpall@example.org,+919262067251,Ahmedabad,20,2024-06-16
CUST09351,Nimrat Luthra,waliaekani@example.net,02577125059,Ahmedabad,38,2024-06-08
CUST09352,Kritika Sastry,qbrar@example.net,3335535431,Pune,19,2023-10-10
CUST09353,Divya Kant,vasana24@example.com,3184180548,Kolkata,62,2023-10-16
CUST09354,Sathvik Nair,singhaljhalak@example.com,+911300510397,Ahmedabad,69,2023-06-10
CUST09355,Aarnav Gala,falguni93@example.com,09037078522,Hyderabad,66,2024-05-27
CUST09356,Peter Kapoor,oliver85@example.com,1905308686,Jaipur,67,2024-01-25
CUST09357,Darpan Mukhopadhyay,jray@example.net,+916629748821,Delhi,45,2023-09-19
CUST09358,Lipika Ahluwalia,berazehaan@example.com,+917999539339,Surat,57,2023-12-26
CUST09359,Kamya Thakur,balhaar42@example.org,4063660712,Pune,61,2024-04-22
CUST09360,Ishaan Kale,obakshi@example.com,+915446356633,Ahmedabad,19,2024-03-20
CUST09361,Nikita Bhalla,mpatla@example.net,09231913108,Hyderabad,20,2024-06-21
CUST09362,Max Bassi,jack45@example.net,04561567074,Ahmedabad,66,2024-01-06
CUST09363,Aayush Sen,jdesai@example.net,00115552709,Delhi,48,2024-03-26
CUST09364,Vamakshi Doctor,rgour@example.org,+915497060020,Kolkata,52,2023-06-28
CUST09365,Megha Sethi,vyasranveer@example.com,+916997801083,Delhi,23,2023-06-23
CUST09366,Unni Garde,asood@example.com,3699547799,Chennai,64,2023-07-07
CUST09367,Pooja Bobal,mnarang@example.com,02497106886,Delhi,47,2024-02-04
CUST09368,Chaaya Dyal,vyanjanabahri@example.net,+915766566109,Hyderabad,65,2024-05-26
CUST09369,Harini Joshi,anya73@example.org,08031673857,Pune,33,2023-04-06
CUST09370,Amruta Mohanty,jagdishboase@example.org,+914805711854,Surat,48,2023-06-06
CUST09371,Lajita Mittal,pmaharaj@example.net,8123820264,Mumbai,38,2023-07-04
CUST09372,Balveer Mannan,nsrinivas@example.net,+919056144754,Kolkata,53,2024-04-09
CUST09373,Peter Chowdhury,varenya47@example.net,02912278183,Ahmedabad,31,2023-02-27
CUST09374,Jagdish Sahni,bosepriya@example.org,5545757100,Surat,44,2024-02-29
CUST09375,Wahab Sahni,odika70@example.net,6412318652,Delhi,18,2024-04-15
CUST09376,Tara Mohanty,bbhatti@example.org,9440904410,Bangalore,55,2023-04-05
CUST09377,Daksh Prasad,ekantika89@example.net,01415946283,Mumbai,50,2023-12-06
CUST09378,Zayan Iyer,bgrewal@example.org,+915152442643,Ahmedabad,22,2023-12-19
CUST09379,Kevin Tripathi,chowdhuryaradhana@example.com,03080612998,Jaipur,29,2023-11-19
CUST09380,Indali Raja,jagdish65@example.org,1450196232,Ahmedabad,35,2024-06-14
CUST09381,Pahal Sha,wazir67@example.net,08613125086,Surat,42,2023-07-10
CUST09382,Advik Pillay,manyaluthra@example.net,3562017962,Jaipur,59,2023-07-13
CUST09383,Bishakha Tak,usetty@example.com,4531968728,Mumbai,34,2023-12-07
CUST09384,Yashoda Garg,omannan@example.org,+916329342581,Surat,25,2024-04-25
CUST09385,Vasana Prasad,georgegour@example.net,01010020265,Jaipur,49,2023-06-11
CUST09386,Vidhi Thakur,singhtanay@example.org,01027037935,Bangalore,46,2024-03-07
CUST09387,Faqid Deo,balamadhav@example.org,07925356509,Kolkata,28,2024-03-29
CUST09388,Ryan Rattan,thamanpratyush@example.com,5161832300,Mumbai,36,2024-03-25
CUST09389,Anmol Gupta,parthaggarwal@example.com,+913724086890,Surat,39,2023-10-17
CUST09390,Bishakha Saxena,chaman28@example.org,9823102242,Hyderabad,25,2023-08-04
CUST09391,Nicholas Sidhu,tanvi49@example.net,+910971846109,Bangalore,22,2023-12-12
CUST09392,Maanav Kaul,matthew25@example.com,08325142297,Chennai,48,2023-07-03
CUST09393,Kamya Deep,ucheema@example.com,05682239680,Ahmedabad,33,2023-07-26
CUST09394,Ekavir Walia,yasti38@example.com,00998163180,Mumbai,42,2024-04-14
CUST09395,Ishanvi Ramanathan,udyati18@example.com,03440401097,Bangalore,67,2023-03-16
CUST09396,Amol Goswami,zansi09@example.com,08449788799,Hyderabad,20,2024-02-21
CUST09397,Avni Anand,falak89@example.org,+917269352011,Kolkata,29,2024-04-29
CUST09398,Indali Konda,munshinilima@example.org,04599434276,Chennai,39,2023-11-27
CUST09399,Lavanya Bhandari,chandresh83@example.net,+912789111969,Surat,49,2023-10-12
CUST09400,David Menon,agastyahari@example.net,+918572157693,Chennai,63,2024-01-09
CUST09401,Wriddhish Chahal,ishwarsood@example.org,+915578201740,Ahmedabad,69,2023-08-11
CUST09402,Bimala Kant,sagardeepa@example.com,5507973193,Delhi,24,2023-05-26
CUST09403,Gaurangi Lata,deolkamya@example.net,0708267070,Bangalore,26,2024-02-09
CUST09404,Harish Wali,qgolla@example.net,+916161557281,Bangalore,65,2023-04-07
CUST09405,Onkar Master,shethzaitra@example.com,3808246413,Surat,54,2024-02-01
CUST09406,Isaiah Johal,henryshukla@example.com,03420785481,Mumbai,46,2023-04-18
CUST09407,Rehaan Yogi,champak80@example.net,6299695382,Ahmedabad,41,2023-02-13
CUST09408,Gayathri Wali,yaminitoor@example.net,9041133625,Hyderabad,19,2024-03-26
CUST09409,Irya Basak,banikurishilla@example.com,8034903317,Jaipur,62,2024-06-29
CUST09410,Amol Padmanabhan,anshgala@example.net,08725854428,Pune,58,2024-03-20
CUST09411,Hemangini Bhalla,udarshsen@example.com,02498534134,Jaipur,24,2024-01-07
CUST09412,Gavin Sarraf,zachariaanya@example.net,+918337526470,Hyderabad,48,2023-12-12
CUST09413,Triveni Taneja,abanerjee@example.com,7531101361,Mumbai,35,2023-06-12
CUST09414,Faras Balasubramanian,chaayabali@example.net,2907380660,Hyderabad,53,2023-03-28
CUST09415,Jonathan Bawa,sheresamesh@example.com,09044508527,Hyderabad,22,2023-05-20
CUST09416,Jasmit Chand,fbajaj@example.net,06949696143,Delhi,23,2024-06-14
CUST09417,Michael Devi,shivanikhanna@example.org,09764376610,Kolkata,60,2024-06-01
CUST09418,Mitali Kota,nimrat61@example.org,08037975339,Pune,48,2024-02-08
CUST09419,Unnati Babu,oeshiborde@example.com,7817664715,Hyderabad,50,2023-10-10
CUST09420,Upkaar Choudhry,falakverma@example.org,+919292311092,Chennai,26,2023-09-14
CUST09421,Anvi Solanki,dharwishi@example.net,07823476304,Delhi,19,2023-03-27
CUST09422,Vedant Oza,yaggarwal@example.net,2322635748,Bangalore,23,2023-12-23
CUST09423,Nitara Pau,yashodharatrivedi@example.com,6304622776,Surat,29,2023-11-10
CUST09424,Gaurav Karnik,nehabalasubramanian@example.org,05266110855,Chennai,46,2024-02-16
CUST09425,Pushti Kanda,obalay@example.org,08666064630,Jaipur,41,2023-06-14
CUST09426,Faqid Bains,lakshmivohra@example.net,1620129253,Jaipur,34,2023-03-02
CUST09427,Urvashi Hora,dchanda@example.net,+911900318695,Ahmedabad,22,2023-07-08
CUST09428,Megha Biswas,chakradev38@example.net,01510490346,Bangalore,55,2023-06-03
CUST09429,Sai Kurian,rmann@example.net,4924364300,Hyderabad,25,2023-11-20
CUST09430,Sachi Brahmbhatt,usampath@example.com,+917413650371,Jaipur,20,2023-11-29
CUST09431,Chanchal Dhillon,davidloke@example.net,+914706058734,Chennai,30,2024-03-29
CUST09432,Indira Mani,kannanrobert@example.org,5070979280,Bangalore,37,2023-12-13
CUST09433,Udyati Yadav,majumdarnaveen@example.net,+917164075160,Bangalore,65,2023-02-20
CUST09434,Jack Shere,priyasaha@example.com,6221884653,Hyderabad,18,2024-04-27
CUST09435,Eesha Sule,glal@example.net,00118341827,Pune,21,2023-08-26
CUST09436,Leela Sarma,umammen@example.net,+911097133314,Jaipur,68,2024-01-22
CUST09437,Sachi Ramaswamy,qnarasimhan@example.net,+910243912165,Mumbai,25,2024-03-06
CUST09438,Sara Mane,jagratiramakrishnan@example.com,2986005417,Jaipur,60,2023-09-23
CUST09439,Bhavna Jha,hayremax@example.com,2358390240,Kolkata,55,2024-05-11
CUST09440,Gayathri Devan,udarshbera@example.net,+912338075563,Jaipur,18,2023-08-19
CUST09441,Hemangini Handa,samarthpai@example.org,+911117156263,Kolkata,69,2023-05-16
CUST09442,Shaurya Kalla,ovarughese@example.org,1598724624,Bangalore,38,2023-04-26
CUST09443,Megha Swamy,hemaniwadhwa@example.com,01822726314,Chennai,48,2023-03-23
CUST09444,Darika Kohli,nnair@example.com,04682720125,Chennai,30,2024-02-27
CUST09445,Kalpit Chaudhari,sdixit@example.com,8192917754,Ahmedabad,48,2023-07-15
CUST09446,Arya Mitter,aditya16@example.com,+912392380162,Ahmedabad,31,2023-10-18
CUST09447,Michael Lanka,virksaanvi@example.com,03885131146,Delhi,29,2023-09-12
CUST09448,Adya Prabhakar,anmol85@example.net,05228885075,Hyderabad,53,2024-01-15
CUST09449,Qabil Iyengar,kabir82@example.com,+914500718592,Jaipur,69,2023-03-17
CUST09450,Neha Deshmukh,chanalopa@example.net,7431920515,Delhi,27,2024-01-24
CUST09451,Girindra Rajagopalan,nagibaghyawati@example.org,+916066788072,Bangalore,50,2023-12-06
CUST09452,Neel Hegde,gmangat@example.org,+911248715563,Bangalore,66,2024-06-12
CUST09453,Faris Nagar,sahanetra@example.com,+911682119419,Delhi,48,2024-05-13
CUST09454,Sai Rajagopalan,babuchaaya@example.com,7211072570,Jaipur,22,2023-09-15
CUST09455,Ikbal Bedi,falak36@example.org,5246876545,Surat,28,2024-02-16
CUST09456,Widisha Bala,tkrishnan@example.net,3251616426,Chennai,58,2023-08-23
CUST09457,Reyansh Bassi,ekaraj49@example.net,5009317684,Hyderabad,58,2023-08-30
CUST09458,Kevin Shenoy,alka03@example.net,+915336887580,Pune,32,2023-08-05
CUST09459,Baljiwan Garde,qmodi@example.net,+914825310419,Kolkata,44,2024-02-09
CUST09460,Noah Ramakrishnan,anita97@example.net,7912289318,Mumbai,66,2023-07-06
CUST09461,Shivansh Chokshi,krisha33@example.org,0651448718,Hyderabad,20,2023-10-21
CUST09462,Imaran Barad,rsehgal@example.com,+911080367458,Pune,67,2023-10-15
CUST09463,Irya Pillai,enayar@example.com,3116041875,Hyderabad,19,2023-07-20
CUST09464,Krish Oza,tiwarilajita@example.com,9004788201,Chennai,60,2024-05-02
CUST09465,Upkaar Mody,ymuni@example.org,+919083517486,Pune,43,2023-07-04
CUST09466,Pooja Sengupta,siddharthmann@example.net,5353326167,Ahmedabad,56,2023-02-17
CUST09467,Guneet Khare,dashchatresh@example.com,+913021732551,Chennai,65,2023-07-18
CUST09468,Wridesh Khurana,oshukla@example.com,9681010696,Bangalore,48,2023-03-06
CUST09469,Pushti Das,omprabhu@example.com,8445197249,Surat,68,2024-04-09
CUST09470,Yagnesh Toor,warjas53@example.com,5591729740,Jaipur,44,2024-04-25
CUST09471,Chatresh Sahni,cprabhu@example.net,+910171754997,Bangalore,33,2024-04-23
CUST09472,Arjun Ranganathan,damyanti52@example.com,+917824011988,Surat,51,2023-11-04
CUST09473,Peter Natt,ebatta@example.com,+911928340621,Kolkata,49,2023-06-17
CUST09474,Bachittar Muni,fariqraghavan@example.org,00492630747,Delhi,45,2023-09-26
CUST09475,Libni Muni,raunandini@example.org,+918984363962,Surat,19,2023-08-19
CUST09476,Udarsh Nanda,hrana@example.com,6354523857,Hyderabad,22,2023-12-06
CUST09477,Krishna Wali,mekhalagoyal@example.net,8206172072,Jaipur,23,2024-06-23
CUST09478,Ijaya Singh,mangallavanya@example.org,04133741306,Bangalore,67,2023-06-24
CUST09479,Diya Lad,anjalimenon@example.org,03156112235,Mumbai,41,2023-04-29
CUST09480,Liam Grover,mangalyashoda@example.net,6042492245,Kolkata,43,2023-07-11
CUST09481,Fiyaz Savant,alka12@example.com,03382349886,Kolkata,47,2023-04-05
CUST09482,Madhav Deo,vwadhwa@example.com,07299771054,Pune,37,2023-02-25
CUST09483,Janya Raghavan,isaiahsandhu@example.com,8463665225,Jaipur,56,2024-01-22
CUST09484,Jai Iyer,iyengarwridesh@example.org,+916043248948,Pune,37,2024-06-04
CUST09485,Samaksh Johal,riya09@example.com,+916982507337,Ahmedabad,50,2023-09-03
CUST09486,Yachana Srinivasan,krishna59@example.net,04568164206,Ahmedabad,42,2023-06-29
CUST09487,Noah Sura,galaekta@example.com,+913979863847,Surat,62,2024-04-30
CUST09488,Madhavi Thaman,dominic85@example.org,07393976130,Jaipur,61,2024-06-15
CUST09489,Osha Nagarajan,rachit52@example.net,6704943880,Surat,56,2024-05-30
CUST09490,Girindra Rao,ekaraj72@example.com,+910307930943,Surat,26,2024-01-09
CUST09491,Michael Soman,randhawasamarth@example.org,02099329794,Ahmedabad,39,2023-06-30
CUST09492,Harita Walla,pbhakta@example.org,4816415647,Delhi,62,2023-03-10
CUST09493,Vincent Ganesh,indrajit66@example.com,6828028695,Ahmedabad,39,2023-04-26
CUST09494,Irya Kara,ishaansharma@example.com,+912122208640,Jaipur,51,2023-07-04
CUST09495,Jagrati Borde,dasjoshua@example.org,02220340613,Surat,58,2023-11-30
CUST09496,Yutika Dutta,saumya12@example.net,8630405199,Delhi,34,2023-07-15
CUST09497,Neha Lall,aarnanatt@example.net,+919869933379,Kolkata,35,2024-04-10
CUST09498,Eshana Ratti,syogi@example.net,3720925815,Kolkata,56,2023-08-30
CUST09499,Rachit Basak,yoshita50@example.org,04705216362,Jaipur,32,2023-03-30
CUST09500,Alexander Ganesh,wardamistry@example.com,8602416698,Pune,38,2023-02-22
CUST09501,Orinder Shanker,gdevan@example.org,02094885233,Chennai,54,2024-03-12
CUST09502,Abha Badami,mramaswamy@example.org,8954305553,Chennai,40,2023-07-17
CUST09503,Suhani Patla,qushi98@example.net,08231801421,Kolkata,30,2024-03-09
CUST09504,Darsh Dhingra,dsingh@example.net,04401728942,Pune,51,2023-05-05
CUST09505,Brinda Dass,ijayaacharya@example.org,6435828237,Hyderabad,35,2024-02-18
CUST09506,Aarush Ranganathan,onkar56@example.com,06382782123,Kolkata,56,2023-03-07
CUST09507,Chaaya Dada,mitali50@example.net,+919520032446,Hyderabad,60,2023-11-07
CUST09508,Wridesh Patla,ichatterjee@example.net,4494180296,Chennai,67,2024-05-03
CUST09509,Charan Krishnan,munshimohini@example.org,06218379470,Surat,68,2024-05-09
CUST09510,Caleb Lanka,lopaganesan@example.net,2006581972,Bangalore,69,2024-03-07
CUST09511,Charan Talwar,qabilgoel@example.com,0966952181,Kolkata,30,2024-01-05
CUST09512,Xiti Srinivas,utkarshsharaf@example.com,3857943558,Pune,63,2023-08-26
CUST09513,Odika Kara,dominic70@example.com,+911652859294,Jaipur,53,2023-03-16
CUST09514,Jhalak Suri,nadiggagan@example.com,+917498860811,Pune,31,2023-04-10
CUST09515,Gopal Parmar,amritarege@example.net,+917092017763,Ahmedabad,55,2023-11-03
CUST09516,Utkarsh Kothari,aarnav74@example.org,8749234931,Jaipur,29,2023-03-09
CUST09517,Ria Lad,ywali@example.net,0326286042,Delhi,64,2024-03-14
CUST09518,Qarin Om,gangulyniharika@example.net,7834685017,Kolkata,58,2023-10-24
CUST09519,Gautam Ahuja,nidrasarin@example.com,4813977738,Chennai,31,2024-01-24
CUST09520,Pooja Bava,mahajanadya@example.net,6819916512,Surat,68,2023-12-01
CUST09521,Akshay Biswas,dubejanaki@example.com,02211124543,Pune,29,2023-10-30
CUST09522,Saumya Dani,nigamnirja@example.com,+912123256209,Ahmedabad,41,2023-10-28
CUST09523,Vamakshi Batta,sherekevin@example.org,06306827273,Chennai,43,2023-04-23
CUST09524,Jacob Chana,upkaardeshmukh@example.org,07329915587,Ahmedabad,63,2023-03-21
CUST09525,Jeremiah Mukhopadhyay,robertvohra@example.com,9096052891,Kolkata,54,2023-10-28
CUST09526,Advik Bala,keyabrar@example.net,+913530578406,Ahmedabad,52,2023-12-27
CUST09527,Harshil Basu,patelnachiket@example.com,5533524745,Pune,27,2024-06-06
CUST09528,Urmi Mand,ekalinga63@example.net,+919250024714,Kolkata,56,2024-05-13
CUST09529,Saksham Murthy,ysami@example.net,4906806192,Delhi,34,2023-10-30
CUST09530,Xalak Kala,henry69@example.com,03212753806,Delhi,42,2024-01-08
CUST09531,Jacob Oak,varmajagrati@example.com,+914554660419,Jaipur,43,2023-07-01
CUST09532,Frado Madan,shankarbaljiwan@example.com,9652061755,Mumbai,22,2024-03-16
CUST09533,Adya Sood,lkadakia@example.com,+911862245963,Chennai,69,2023-09-21
CUST09534,Aditya Purohit,rroy@example.com,+915519211921,Kolkata,49,2023-03-15
CUST09535,Avni Andra,davidnagarajan@example.org,06618908455,Ahmedabad,53,2023-07-31
CUST09536,Gavin Singh,sundaramdayita@example.com,03241987047,Surat,70,2024-03-12
CUST09537,Chaitanya Kunda,fkanda@example.net,+911504934506,Kolkata,50,2023-07-21
CUST09538,Aashi Vyas,adwetakanda@example.net,06502864570,Surat,44,2024-01-16
CUST09539,Nidra Murthy,jacobsharma@example.net,+917319979935,Chennai,35,2023-02-14
CUST09540,Unnati Balan,rastogirohan@example.com,+913203836060,Mumbai,45,2024-05-29
CUST09541,Oliver Palla,ganesanjanani@example.org,05867783898,Ahmedabad,56,2023-08-15
CUST09542,Kevin Palla,triya34@example.org,8389280078,Delhi,48,2023-03-07
CUST09543,Tanay Tank,kadeavni@example.org,+918651524222,Hyderabad,42,2024-03-06
CUST09544,Wriddhish Mutti,ghoshbhavika@example.org,+915414466273,Pune,25,2023-06-24
CUST09545,Arin Dewan,kevinoza@example.org,03955630944,Bangalore,29,2024-04-15
CUST09546,Ekaraj Lad,anneyoshita@example.com,1890236866,Delhi,41,2024-01-25
CUST09547,Odika Balan,fuppal@example.net,8936512968,Mumbai,20,2023-08-27
CUST09548,Sai Sood,urminaidu@example.org,0025303482,Delhi,35,2023-11-09
CUST09549,Hritik Ben,grao@example.com,07632040749,Delhi,53,2023-02-18
CUST09550,Ojas Dixit,xviswanathan@example.net,04386479546,Jaipur,35,2023-04-26
CUST09551,Udyati Jaggi,adoshi@example.org,07565590706,Bangalore,68,2023-09-06
CUST09552,Sanaya Bhattacharyya,siddharthswaminathan@example.com,5584984549,Delhi,65,2023-11-21
CUST09553,Farhan Kothari,usolanki@example.org,05181815427,Hyderabad,31,2023-12-12
CUST09554,Sathvik Arora,rajeshri27@example.org,09950377120,Mumbai,60,2024-01-03
CUST09555,Viraj Butala,hnori@example.org,+913140595315,Surat,21,2023-12-26
CUST09556,Bhanumati Nazareth,pandyajagdish@example.org,00198097976,Mumbai,25,2023-07-31
CUST09557,Kamala Yogi,kchakrabarti@example.org,00921892711,Pune,57,2024-03-14
CUST09558,Fitan Wason,eesha26@example.org,3336725306,Kolkata,36,2024-05-17
CUST09559,Advaith Bhakta,aadhyasengupta@example.org,+917971113673,Hyderabad,33,2024-05-09
CUST09560,Raagini Bala,udyatichopra@example.com,05259511165,Chennai,32,2023-12-02
CUST09561,Mekhala Chacko,dhawanbarkha@example.com,00435997972,Surat,56,2024-06-08
CUST09562,Dipta Ahluwalia,pdhillon@example.org,+911554148644,Surat,66,2023-06-17
CUST09563,Maya Acharya,chasmum65@example.com,+914806387736,Kolkata,53,2023-11-16
CUST09564,Kamala Choudhary,priya81@example.net,+913079289858,Pune,33,2023-06-02
CUST09565,Nitesh Mangat,vedhika46@example.org,+919671120866,Bangalore,19,2023-08-01
CUST09566,Kamya Kulkarni,shethelijah@example.com,02842815443,Jaipur,55,2024-04-19
CUST09567,Pallavi Tiwari,khalsanihal@example.net,07314031266,Pune,66,2023-09-13
CUST09568,Ati Kibe,balveer05@example.com,0096669913,Chennai,28,2024-05-15
CUST09569,Wyatt Krishna,shivani89@example.com,03781871646,Hyderabad,31,2023-02-16
CUST09570,Vrishti Varughese,abeernagy@example.net,7846132011,Jaipur,57,2023-08-22
CUST09571,Timothy Biswas,hvenkataraman@example.org,+910847879612,Mumbai,28,2024-03-17
CUST09572,Arin Lad,purohitvidhi@example.net,04250019304,Delhi,54,2023-12-06
CUST09573,Patrick Mahajan,ati11@example.com,2069451955,Surat,35,2023-08-26
CUST09574,Chaitaly Nagy,rnarang@example.net,9470507939,Ahmedabad,25,2023-05-26
CUST09575,Tanveer Sha,aarini48@example.net,+911306560474,Delhi,33,2024-04-30
CUST09576,Ekalinga Manne,bosesai@example.org,3031522612,Hyderabad,32,2023-10-24
CUST09577,Sachi Sem,netrarattan@example.com,+914375229999,Chennai,47,2024-02-27
CUST09578,Hemang Ramakrishnan,gdhillon@example.org,03823886639,Surat,28,2024-06-10
CUST09579,Alka Buch,srinivasamol@example.com,08442185384,Bangalore,32,2024-01-02
CUST09580,Damini Wagle,bumbjagvi@example.com,4066412560,Kolkata,24,2023-03-18
CUST09581,Arin Ahuja,indalibansal@example.com,2233388955,Mumbai,33,2024-03-17
CUST09582,Faraj Dara,batraeta@example.com,6412875025,Kolkata,45,2023-11-03
CUST09583,Indali Malhotra,nidra25@example.org,2420926531,Surat,56,2023-11-23
CUST09584,Alexander Lata,onkar53@example.net,+917686311295,Hyderabad,46,2023-05-26
CUST09585,Daksh Rai,mgoyal@example.com,+915692041204,Chennai,32,2023-05-09
CUST09586,William Anand,frado46@example.org,2127700968,Delhi,23,2023-07-17
CUST09587,Vasudha Chana,sahniansh@example.com,4412674101,Hyderabad,63,2023-05-19
CUST09588,Ridhi Amble,zayanlad@example.org,8645780111,Ahmedabad,46,2023-06-23
CUST09589,Garima Jain,dvarty@example.net,02978620666,Bangalore,65,2024-05-27
CUST09590,Ansh Manda,oliver06@example.org,+911564492268,Hyderabad,57,2023-06-23
CUST09591,Mitali Chander,ishanibasu@example.net,+918122983911,Hyderabad,19,2024-06-24
CUST09592,Maanav Madan,upatla@example.org,03043038080,Jaipur,66,2024-05-30
CUST09593,Ekansh Gole,rattantanish@example.com,+913427168713,Kolkata,31,2023-03-18
CUST09594,Jai Patla,deyupkaar@example.com,01143607330,Ahmedabad,45,2023-02-19
CUST09595,Omaja Bhagat,yrastogi@example.org,01609509220,Jaipur,39,2023-11-08
CUST09596,Saumya Kanda,chakradev07@example.net,+913713696701,Pune,19,2023-11-01
CUST09597,Ladli Ramanathan,nidra04@example.org,+916119274119,Ahmedabad,50,2024-01-15
CUST09598,Mitali Mahajan,chandani34@example.org,4183499074,Surat,42,2023-12-23
CUST09599,Nicholas Rout,bhavinibawa@example.net,03283351499,Ahmedabad,56,2023-10-21
CUST09600,Netra Mangal,jatinviswanathan@example.org,4972223493,Chennai,41,2023-10-17
CUST09601,Eta Kohli,ranbir36@example.org,+913238223435,Bangalore,63,2023-05-03
CUST09602,Azad Samra,radhika46@example.com,1469542571,Delhi,56,2024-04-12
CUST09603,Janani Srivastava,leenabakshi@example.org,06307068022,Hyderabad,28,2023-07-08
CUST09604,Harsh Ganesh,nandariya@example.com,+912192835198,Hyderabad,31,2023-11-03
CUST09605,Chameli Korpal,mmittal@example.com,0692482230,Chennai,38,2023-11-05
CUST09606,Gautami Hayer,hmadan@example.org,+914840281340,Pune,43,2024-04-09
CUST09607,Baghyawati Ranganathan,xalak84@example.com,1102595682,Kolkata,33,2023-09-05
CUST09608,Andrew Bahl,theodorechar@example.net,+910582845468,Kolkata,32,2023-10-01
CUST09609,Samesh Vala,faqid74@example.net,03727154837,Hyderabad,56,2023-08-17
CUST09610,Dipta Rattan,regeraghav@example.com,03414288498,Ahmedabad,19,2024-05-24
CUST09611,Robert Edwin,nilima34@example.net,02685279167,Surat,33,2023-05-29
CUST09612,Niharika Ramachandran,bahadurjit08@example.com,6660044953,Delhi,46,2023-08-31
CUST09613,Rehaan Setty,tailoramaira@example.net,0167995553,Mumbai,42,2024-02-01
CUST09614,Rayaan Khatri,luthraayush@example.com,02805631937,Surat,40,2023-06-07
CUST09615,Harinakshi Naik,rsarkar@example.net,+919958483004,Pune,42,2024-04-05
CUST09616,Vinaya Bhargava,jchatterjee@example.com,+918715346742,Mumbai,49,2023-10-12
CUST09617,Nicholas Wadhwa,noahtailor@example.net,+910977318615,Hyderabad,64,2023-07-27
CUST09618,Saanvi Bhandari,hemalgaba@example.net,04712189127,Ahmedabad,45,2024-02-17
CUST09619,Megha Chanda,aryanrattan@example.org,+912800249678,Delhi,45,2024-05-08
CUST09620,Rajata Iyer,iyerkrish@example.com,09067488326,Kolkata,40,2023-03-23
CUST09621,Gaurangi Dey,comarturvi@example.org,6033637656,Chennai,35,2024-01-18
CUST09622,Wahab Banerjee,adweta80@example.org,04944431215,Pune,34,2023-07-19
CUST09623,Tristan Saha,evenkatesh@example.com,05492717813,Ahmedabad,28,2023-11-07
CUST09624,Dayamai Purohit,diya75@example.org,02758634350,Bangalore,32,2024-01-10
CUST09625,Dipta Raval,osant@example.org,+913352559751,Surat,59,2024-03-26
CUST09626,Guneet Subramaniam,aishanibanik@example.net,09602808674,Jaipur,56,2023-02-25
CUST09627,Jackson Pradhan,anarayan@example.com,+912447548952,Jaipur,69,2024-02-11
CUST09628,Baghyawati Sachdeva,bmani@example.org,02414297702,Chennai,20,2023-12-29
CUST09629,Jagdish Nadkarni,ikaur@example.net,00851090471,Hyderabad,41,2023-08-14
CUST09630,Theodore Gade,mayamore@example.org,4608829194,Mumbai,66,2023-06-08
CUST09631,Zilmil Prashad,toorxalak@example.com,9725030850,Chennai,23,2023-05-27
CUST09632,Rayaan Mahajan,mitalhredhaan@example.org,07961025397,Bangalore,23,2023-06-25
CUST09633,Dhriti Memon,ekani20@example.net,08500210892,Surat,62,2024-02-04
CUST09634,Abeer Savant,lgala@example.org,08749361551,Jaipur,21,2023-07-04
CUST09635,Indira Butala,ishadayal@example.net,09605578291,Kolkata,23,2024-03-31
CUST09636,Ekavir Solanki,ksanghvi@example.org,02968741671,Jaipur,34,2023-11-15
CUST09637,Pranit Patel,owenlal@example.com,2420069910,Ahmedabad,27,2023-10-28
CUST09638,Bhavini Natarajan,vtripathi@example.com,6225865608,Kolkata,27,2023-09-07
CUST09639,Bhavna Bansal,meghanachandran@example.org,01267237810,Hyderabad,35,2023-05-25
CUST09640,Oni Narain,nkakar@example.com,+913505294764,Bangalore,32,2023-11-02
CUST09641,Wridesh Ahuja,prama@example.org,05054709619,Hyderabad,37,2023-08-04
CUST09642,Zayan Singh,mitesh98@example.com,+910099052328,Bangalore,51,2023-10-12
CUST09643,Jacob Merchant,lmisra@example.org,6514220807,Delhi,32,2023-06-13
CUST09644,Wakeeta Sachdeva,vaishnavi76@example.org,+910030791256,Delhi,57,2023-10-31
CUST09645,Andrew Jani,guneetgrewal@example.org,+915921853464,Mumbai,54,2024-05-05
CUST09646,Shaurya Bhagat,misraishwar@example.org,00479404546,Bangalore,36,2023-07-23
CUST09647,Shivani Raju,vaidyagautam@example.net,5717233661,Jaipur,48,2024-03-30
CUST09648,Ethan Shetty,sanaya85@example.org,+915140296027,Hyderabad,28,2023-08-18
CUST09649,Amrita Seshadri,janakisood@example.net,09919382815,Chennai,19,2024-06-01
CUST09650,Amruta Shere,saanvimohan@example.org,+919208876268,Chennai,56,2024-02-19
CUST09651,Bachittar Wali,chandani64@example.com,9343197474,Delhi,22,2024-06-18
CUST09652,Yauvani Mandal,ojas10@example.net,08855461700,Delhi,35,2024-02-07
CUST09653,Caleb Mand,madanwazir@example.org,+910062295948,Bangalore,52,2024-02-29
CUST09654,Darika Sabharwal,battaranbir@example.org,+917063276150,Delhi,67,2024-04-12
CUST09655,Nathan Radhakrishnan,alka03@example.com,7358792281,Ahmedabad,53,2023-08-26
CUST09656,Zansi Sani,gunbirkant@example.org,+917633361187,Pune,64,2023-08-18
CUST09657,Samaksh Dugar,saniyoshita@example.org,04626546598,Bangalore,27,2023-12-11
CUST09658,Laksh Sarna,ganesanmegha@example.net,+913833298866,Jaipur,29,2023-11-26
CUST09659,Oeshi Ramanathan,taranatt@example.org,03141744279,Chennai,68,2023-09-11
CUST09660,Rishi Saran,zdhar@example.com,+910979880387,Mumbai,38,2024-03-25
CUST09661,Aryan Bhattacharyya,lakshsrinivas@example.net,4984753843,Bangalore,67,2023-06-01
CUST09662,Gautam Randhawa,galaisha@example.org,8510592791,Kolkata,50,2024-02-06
CUST09663,Nicholas Sandhu,qdasgupta@example.net,04719238928,Mumbai,50,2024-01-29
CUST09664,Nathan Pau,hredhaan55@example.com,02239527216,Jaipur,21,2024-02-18
CUST09665,Krishna Sandal,natarajanyamini@example.org,04602921023,Hyderabad,26,2023-03-20
CUST09666,Chaitaly Varma,anaybaral@example.org,04132464208,Bangalore,21,2024-01-28
CUST09667,Dhruv Rajan,skhanna@example.org,+915937536057,Ahmedabad,27,2024-03-11
CUST09668,Reyansh Tata,kkashyap@example.org,+915599760591,Bangalore,33,2023-09-23
CUST09669,Gautami Memon,nathanielbali@example.com,4567007862,Surat,41,2023-04-16
CUST09670,Karan Ganesan,darhenry@example.com,+915187324382,Surat,68,2024-04-26
CUST09671,Falguni Baral,bobalutkarsh@example.net,1717111208,Kolkata,47,2024-02-09
CUST09672,Kavya Raval,widisharajan@example.com,+916232405610,Chennai,47,2023-06-25
CUST09673,Imaran Sibal,samuel43@example.org,+918700236988,Bangalore,63,2023-12-11
CUST09674,Qushi Dhaliwal,hayrepriya@example.org,+913296708673,Delhi,63,2023-08-24
CUST09675,Anmol Arora,raybhanumati@example.org,7480841537,Chennai,28,2024-06-03
CUST09676,Ishaan Ratta,whayer@example.net,7733772442,Surat,66,2023-10-02
CUST09677,Jagdish Tella,darpandass@example.org,+911759853164,Mumbai,22,2024-04-07
CUST09678,Caleb Prabhu,nmittal@example.org,5961421878,Hyderabad,26,2023-10-22
CUST09679,Brinda Prashad,esandal@example.net,07025793686,Mumbai,36,2024-06-21
CUST09680,Praneel Sengupta,vaishnavi44@example.net,4152148159,Ahmedabad,51,2024-05-24
CUST09681,Anya Savant,basunidhi@example.net,02063593867,Ahmedabad,61,2023-09-18
CUST09682,Omya Rastogi,vedhikaraja@example.com,02505850292,Hyderabad,53,2023-04-22
CUST09683,Warinder Ghosh,diya62@example.org,6614129486,Jaipur,64,2024-02-18
CUST09684,Gavin Choudhury,karan02@example.com,00667875227,Hyderabad,51,2023-06-07
CUST09685,Liam Loyal,christopher94@example.org,+913997202512,Ahmedabad,59,2023-04-18
CUST09686,Chakradev Kalita,azaddhar@example.net,+917371886296,Jaipur,40,2023-08-31
CUST09687,Jalsa Chacko,meera76@example.com,9784692391,Surat,54,2024-01-28
CUST09688,Nicholas Dalal,pandyajagdish@example.org,04599137627,Hyderabad,66,2024-01-04
CUST09689,Warinder Hayre,pguha@example.org,07729139354,Kolkata,51,2023-06-19
CUST09690,Aishani Minhas,diyachoudhry@example.org,+912983412274,Hyderabad,28,2023-09-06
CUST09691,Vivaan Nair,tagrawal@example.net,2723841112,Jaipur,49,2023-12-27
CUST09692,Diya Kapur,deshpandejackson@example.org,05825480479,Bangalore,69,2024-06-29
CUST09693,Raksha Hari,dhruv23@example.net,1949592474,Mumbai,31,2023-04-27
CUST09694,Kabir Lal,maneria@example.org,2586011639,Delhi,56,2023-07-31
CUST09695,Balvan Deep,rsoni@example.com,5761174059,Pune,37,2024-05-10
CUST09696,Saksham Goswami,hritik01@example.org,08165215922,Delhi,56,2024-02-09
CUST09697,Gautam Kota,talwarreva@example.net,+918143606350,Hyderabad,42,2024-06-06
CUST09698,Rajata Bhatti,mbrar@example.org,7673545477,Hyderabad,37,2023-05-22
CUST09699,Balendra Memon,xthakkar@example.net,+911338067083,Pune,19,2024-06-24
CUST09700,Vrishti Acharya,balvan73@example.org,1717832005,Pune,49,2023-09-26
CUST09701,Mitesh Nazareth,sarthaksane@example.net,03999374607,Chennai,66,2023-12-26
CUST09702,Vedika Jha,eeshachaudry@example.org,0716853426,Mumbai,31,2023-08-12
CUST09703,Jalsa Nayak,radhikakaur@example.org,+914856188029,Hyderabad,67,2023-07-12
CUST09704,Kavya Gade,pbajwa@example.net,+916172282324,Bangalore,46,2024-06-20
CUST09705,Saumya Mitter,raghavpalla@example.net,8731726007,Surat,68,2023-08-30
CUST09706,Hardik Sheth,aahanadalia@example.com,+912077887961,Bangalore,59,2023-04-05
CUST09707,Yachana Viswanathan,balakrishnanyauvani@example.org,00138346105,Kolkata,43,2023-02-15
CUST09708,Yuvraj Kapoor,tamanna55@example.net,5809568295,Chennai,27,2023-03-24
CUST09709,Rajata Ghosh,dezaitra@example.org,+914166053410,Mumbai,32,2023-08-23
CUST09710,Harish Varty,tswaminathan@example.com,+917242464946,Ahmedabad,34,2024-03-09
CUST09711,Vrishti Bansal,alexandersubramanian@example.com,07382918382,Ahmedabad,43,2023-09-24
CUST09712,Prisha Ahuja,gkeer@example.org,9176999854,Ahmedabad,63,2024-06-11
CUST09713,Forum Chanda,kadakiaelijah@example.com,6127445041,Ahmedabad,41,2024-06-11
CUST09714,Simon D’Alia,chaitanya57@example.com,7025314369,Chennai,47,2023-12-02
CUST09715,Triveni Kant,isridhar@example.com,+910587105119,Bangalore,44,2023-05-28
CUST09716,Mason Konda,upadhyayriya@example.org,9740778733,Mumbai,33,2023-08-16
CUST09717,Aayush Basu,dalajatak@example.net,1297870457,Bangalore,58,2023-08-10
CUST09718,Bhavani Ramaswamy,lbuch@example.com,3518001262,Delhi,36,2024-04-03
CUST09719,Nakul Krish,ombera@example.com,1253445288,Pune,21,2023-12-02
CUST09720,Viraj Bala,ayaan80@example.net,03536849357,Pune,47,2023-11-04
CUST09721,Neelima Thakur,masonjain@example.org,+919501944182,Hyderabad,59,2023-06-28
CUST09722,Jackson Yogi,warhipalan@example.net,9613032258,Hyderabad,22,2023-02-23
CUST09723,Owen Panchal,jpalla@example.com,+919600512710,Surat,36,2023-08-12
CUST09724,Mugdha Rao,farajgrewal@example.net,4305578293,Pune,70,2023-02-28
CUST09725,Kala Nanda,jeremiah76@example.com,7629686169,Jaipur,53,2024-06-26
CUST09726,Jason Mitter,chanakya06@example.org,+918286646319,Ahmedabad,20,2023-07-02
CUST09727,Qasim Mitra,nkaul@example.net,1308916548,Ahmedabad,22,2024-05-24
CUST09728,Lakshmi Nagy,benjamin38@example.org,05300993352,Pune,39,2024-01-15
CUST09729,Ira Kunda,charanmahajan@example.com,+911237452717,Chennai,37,2024-01-22
CUST09730,Gagan Vohra,gaurika03@example.com,+910823404033,Jaipur,28,2023-10-25
CUST09731,Warjas Rao,dnanda@example.net,07365467121,Mumbai,24,2023-06-05
CUST09732,Abhiram Gandhi,samuel93@example.net,+915398297750,Bangalore,65,2024-02-28
CUST09733,Vinaya Warrior,subramaniamdayamai@example.com,08581966183,Jaipur,35,2023-07-30
CUST09734,Lajita Dhar,hredhaan71@example.net,9997290799,Mumbai,19,2024-03-18
CUST09735,Bhavini Kunda,agateindali@example.com,00912092333,Jaipur,31,2024-01-23
CUST09736,Charan Nayar,tgara@example.com,8122589789,Jaipur,41,2023-12-07
CUST09737,Wazir Deo,pallaishaan@example.com,+919476474862,Mumbai,46,2023-10-28
CUST09738,Onkar Trivedi,purirachit@example.org,9425936218,Hyderabad,39,2024-06-10
CUST09739,Samarth Singh,wgopal@example.org,+911035661966,Surat,47,2023-07-26
CUST09740,Vasana Doctor,basakayush@example.com,+916209861820,Pune,57,2024-01-08
CUST09741,Chaitaly Samra,bajajvivaan@example.net,5524075833,Pune,36,2023-08-10
CUST09742,Unni Deshmukh,rchad@example.net,+916323753882,Pune,21,2024-04-17
CUST09743,Sarthak Dhillon,npant@example.org,5203723107,Jaipur,55,2023-05-14
CUST09744,Daksha Subramaniam,banerjeemadhav@example.org,8848043470,Delhi,46,2023-05-14
CUST09745,Anusha Mishra,qtella@example.org,02382850025,Ahmedabad,45,2023-05-30
CUST09746,Ekaraj Gupta,hredhaansarkar@example.org,+919772041605,Jaipur,20,2024-06-15
CUST09747,Baghyawati Din,znaik@example.net,8825752238,Jaipur,64,2023-09-20
CUST09748,Lekha Varughese,pavanilala@example.org,+913072628228,Surat,50,2023-08-24
CUST09749,Jatin Prasad,bakhshiahuja@example.com,01773220003,Delhi,27,2023-11-17
CUST09750,Saumya Nori,ishwar33@example.org,+913081213734,Hyderabad,39,2023-08-08
CUST09751,Logan Nagar,darasarthak@example.com,01079682656,Ahmedabad,64,2024-06-08
CUST09752,William Hegde,chanakyapadmanabhan@example.org,+919297432840,Kolkata,27,2023-12-02
CUST09753,Harinakshi Rajagopalan,dararyan@example.com,+919247810257,Bangalore,66,2024-03-14
CUST09754,Nathaniel Hayer,gollachaitaly@example.net,07276990827,Chennai,23,2023-05-22
CUST09755,Patrick Edwin,amruta60@example.com,9421512388,Surat,42,2024-03-08
CUST09756,Lavanya Bhattacharyya,lakshitghose@example.org,1540701401,Kolkata,43,2024-04-15
CUST09757,Chaaya Divan,oeshichowdhury@example.org,4279066149,Chennai,20,2024-03-02
CUST09758,Rachana Badami,wmitra@example.org,6194179785,Mumbai,37,2023-08-17
CUST09759,Watika Chatterjee,eiravati16@example.com,+911054921556,Mumbai,26,2024-03-02
CUST09760,Max Randhawa,lmitra@example.net,06481603114,Chennai,44,2023-10-19
CUST09761,Charita Mand,finn85@example.org,5171952633,Surat,30,2023-10-29
CUST09762,Anjali Dutt,esachar@example.net,01501941515,Hyderabad,69,2023-05-13
CUST09763,Arin Sen,tiwariturvi@example.org,07391295034,Bangalore,45,2023-05-18
CUST09764,Fitan Taneja,takjanani@example.org,01633635500,Jaipur,54,2024-04-14
CUST09765,Farhan Misra,balakrishnangaurangi@example.com,09451603772,Kolkata,31,2023-12-26
CUST09766,Madhavi Tripathi,gautamsalvi@example.org,05191850489,Mumbai,22,2024-03-08
CUST09767,Chandran Suresh,sanghaliam@example.com,9424219873,Bangalore,20,2024-05-26
CUST09768,Ishani Atwal,libni36@example.com,05978628351,Kolkata,64,2023-12-03
CUST09769,Kabir Badal,priya72@example.com,1907221382,Ahmedabad,68,2023-11-28
CUST09770,Gautami Nadkarni,sankaranchanakya@example.com,00454949861,Delhi,32,2023-03-29
CUST09771,Zehaan Shan,bawanaksh@example.net,8996985229,Ahmedabad,28,2023-11-16
CUST09772,Oeshi Garg,barkharavi@example.org,09568756623,Ahmedabad,25,2023-04-24
CUST09773,Sanaya Doctor,shravyadayal@example.org,6387626701,Delhi,60,2024-03-07
CUST09774,Karan Bora,gauravbawa@example.org,00402285953,Ahmedabad,69,2023-05-26
CUST09775,Eta Handa,madhavisood@example.org,09581877277,Pune,57,2024-03-07
CUST09776,Saumya Cheema,ranganathanayush@example.com,02554285734,Pune,48,2023-06-24
CUST09777,Mason Bhakta,hiteshmore@example.org,+911732245038,Kolkata,54,2023-05-05
CUST09778,Hamsini Wable,sankaranbaljiwan@example.net,09931431480,Jaipur,53,2023-04-20
CUST09779,Luke Murthy,vnazareth@example.org,+916319993837,Pune,58,2024-06-26
CUST09780,Nathaniel Kunda,yagnesh57@example.org,07019920145,Pune,51,2023-09-29
CUST09781,Pooja Memon,bbassi@example.org,6314203324,Bangalore,60,2024-06-21
CUST09782,Logan Jaggi,aishani16@example.net,7206936492,Surat,51,2024-05-06
CUST09783,Daniel Peri,sridharpooja@example.org,08056755748,Kolkata,69,2024-01-06
CUST09784,Deepa Agrawal,chaitaly91@example.com,+912902925837,Surat,67,2023-07-30
CUST09785,Michael Sodhi,kreddy@example.org,9894122112,Chennai,32,2023-08-15
CUST09786,Hritik Baria,ploke@example.org,01786650060,Mumbai,45,2023-09-29
CUST09787,Zashil Choudhary,qborde@example.net,07159596809,Ahmedabad,35,2024-06-07
CUST09788,Amrita Mitra,ksarna@example.com,0955987917,Pune,50,2023-02-28
CUST09789,Niharika Vig,nsahota@example.com,8237592731,Kolkata,49,2023-04-03
CUST09790,Faqid Solanki,tanejaomya@example.org,01511656949,Hyderabad,21,2024-04-22
CUST09791,Umang Walia,rananeha@example.org,3717568162,Surat,37,2023-10-26
CUST09792,Karan Mohan,sathediya@example.org,+913284734933,Kolkata,24,2024-04-20
CUST09793,Hemani Chand,hayerkamya@example.com,0512806610,Bangalore,53,2024-06-12
CUST09794,Elijah Cherian,gulatirobert@example.net,+919418657205,Chennai,68,2023-02-19
CUST09795,Christopher Bains,parth41@example.com,2040675906,Chennai,33,2023-03-23
CUST09796,Chaaya Bedi,viswanathanzinal@example.org,09421502487,Ahmedabad,27,2023-08-13
CUST09797,Dayita Nadig,jaikar@example.com,7275803203,Delhi,62,2023-12-05
CUST09798,Jalsa Chana,sarafbalvan@example.org,00008013857,Jaipur,50,2024-05-12
CUST09799,Azaan Samra,nkapadia@example.com,02160177737,Pune,44,2023-08-07
CUST09800,Azaan Dayal,ckashyap@example.org,+916566217047,Hyderabad,44,2023-10-17
CUST09801,George Sethi,vedhikagupta@example.com,03549712901,Surat,39,2023-03-31
CUST09802,Advika Brar,shravya76@example.org,5712980667,Kolkata,23,2024-01-26
CUST09803,Nidhi Bail,xdesai@example.net,9758264775,Chennai,28,2023-08-03
CUST09804,Vansha Biswas,shauryachauhan@example.net,1524715626,Surat,48,2023-06-20
CUST09805,Vamakshi Mohanty,chhabraforum@example.com,+911266437625,Delhi,67,2023-05-06
CUST09806,Harrison Khare,upmakashyap@example.net,+916299851709,Pune,21,2023-07-20
CUST09807,Charles Goel,narayananfaqid@example.org,+911863755924,Hyderabad,43,2023-03-22
CUST09808,Faraj Chatterjee,ubika24@example.net,0104483937,Hyderabad,27,2024-06-03
CUST09809,Naksh Grover,zashildeshmukh@example.org,6834654916,Hyderabad,48,2023-02-14
CUST09810,Jasmit Karpe,aadhya65@example.net,6912443732,Mumbai,39,2023-03-11
CUST09811,Aarna Mahajan,samar44@example.com,6169234667,Pune,25,2023-10-13
CUST09812,Yashodhara Dass,yvirk@example.net,08868272381,Kolkata,33,2024-06-20
CUST09813,Saumya Peri,mchand@example.org,2222329635,Ahmedabad,49,2023-06-13
CUST09814,Nitesh Radhakrishnan,saanvi14@example.net,05870376741,Hyderabad,55,2024-05-30
CUST09815,Isaac Bal,guneetrandhawa@example.com,+910910963129,Chennai,43,2023-07-20
CUST09816,Nimrat Kothari,djain@example.net,06406665369,Hyderabad,33,2023-06-13
CUST09817,Alexander Babu,kannankashvi@example.net,9937616224,Kolkata,33,2023-03-06
CUST09818,Theodore Sarin,oni57@example.net,3965408403,Surat,69,2024-02-14
CUST09819,Nandini Bhasin,handabalendra@example.net,01821810951,Bangalore,39,2023-06-16
CUST09820,Mugdha Sabharwal,jnagarajan@example.com,+916131764204,Bangalore,56,2023-07-11
CUST09821,Aditya Oommen,gkant@example.org,08158562858,Pune,55,2024-03-30
CUST09822,Champak Swamy,somannaksh@example.net,08896035889,Hyderabad,23,2023-06-02
CUST09823,Lucky Mistry,chowdhuryanirudh@example.org,0844059172,Delhi,23,2023-04-03
CUST09824,Charles Sanghvi,christopher75@example.org,08900134692,Delhi,68,2023-07-14
CUST09825,Charvi Aggarwal,baghyawati30@example.com,04742432864,Mumbai,27,2023-12-24
CUST09826,Caleb Vyas,gauravgoswami@example.org,+913269427342,Jaipur,45,2024-04-06
CUST09827,Gauri Lata,lankairya@example.org,+919275563764,Ahmedabad,23,2023-02-20
CUST09828,Andrew Thaker,adixit@example.org,+911965595372,Bangalore,21,2024-03-25
CUST09829,Lohit Sodhi,gaurikabarad@example.net,0465202545,Mumbai,48,2024-02-09
CUST09830,Ekiya Dar,vincentsuresh@example.org,+911073906200,Bangalore,20,2024-05-28
CUST09831,Bhavani Sandhu,ridhi15@example.net,9983773547,Bangalore,36,2023-04-07
CUST09832,Rushil Gera,chaudhryarjun@example.com,4109044360,Pune,61,2024-04-27
CUST09833,Ira Dhillon,krish89@example.com,5798023919,Pune,60,2023-08-29
CUST09834,Ansh Murthy,yadavtanay@example.org,2233046572,Surat,23,2024-02-18
CUST09835,Urmi Mall,mittalmax@example.org,05901722290,Mumbai,28,2023-11-14
CUST09836,Jeremiah Parmer,radhika63@example.net,+919297915981,Kolkata,39,2023-04-28
CUST09837,David Chana,yashvi21@example.org,3074837849,Delhi,20,2024-05-04
CUST09838,Nachiket Rege,kdani@example.org,03555238859,Surat,23,2024-02-21
CUST09839,Ekalinga Sehgal,rehaansaxena@example.net,5020573850,Mumbai,57,2024-06-10
CUST09840,Nakul Gaba,tvarty@example.org,01553684349,Mumbai,70,2024-02-23
CUST09841,Lakshmi Dewan,advik09@example.org,6058088915,Chennai,68,2024-04-02
CUST09842,Yatin Narula,karahemang@example.net,09462902082,Bangalore,43,2024-04-18
CUST09843,Harrison Agarwal,ekarajratta@example.org,08278911511,Ahmedabad,24,2024-02-28
CUST09844,Xiti Rai,nmadan@example.com,7023879134,Kolkata,55,2024-06-14
CUST09845,Finn Dube,triptibarad@example.com,+915875278817,Kolkata,57,2023-08-25
CUST09846,Maanav Sani,udyatibose@example.net,4780502469,Jaipur,22,2023-08-20
CUST09847,Jagdish More,gollafalan@example.net,08670590290,Surat,36,2023-11-23
CUST09848,Rishi Sengupta,chatterjeehritik@example.org,07380838849,Bangalore,22,2023-10-28
CUST09849,Daksha Nigam,devika10@example.com,04040319628,Ahmedabad,56,2024-01-14
CUST09850,Eesha Singhal,bhanumati99@example.com,+912620718947,Kolkata,28,2023-09-08
CUST09851,Charvi Loyal,jalsa35@example.net,+916043174466,Jaipur,24,2023-12-24
CUST09852,Ria Sarkar,kadeutkarsh@example.org,4450750639,Ahmedabad,56,2023-08-09
CUST09853,Chameli Gera,anjali99@example.com,01885463310,Chennai,62,2023-12-06
CUST09854,Baghyawati Kumar,mahika60@example.net,03630856054,Kolkata,20,2024-01-16
CUST09855,Omaja Bhatnagar,yoshita75@example.net,1159169723,Hyderabad,39,2023-05-10
CUST09856,Janya Master,tbehl@example.net,05891093050,Bangalore,62,2024-03-31
CUST09857,Qadim Keer,mohantyanjali@example.org,0972899502,Ahmedabad,69,2024-06-20
CUST09858,Ekanta Peri,farhan39@example.org,02741636846,Ahmedabad,40,2024-02-29
CUST09859,Ucchal Hayre,janihardik@example.org,8662868179,Jaipur,37,2023-03-28
CUST09860,Bachittar Padmanabhan,daksha85@example.org,+916214893780,Kolkata,59,2024-03-16
CUST09861,Gaurav Kaul,manbir29@example.org,2680817437,Hyderabad,44,2024-05-19
CUST09862,Faqid Shere,oommenhema@example.net,00996045691,Chennai,68,2023-08-30
CUST09863,Gauri Yadav,nidraguha@example.org,+919602172455,Kolkata,60,2024-02-27
CUST09864,Ridhi Bali,gautami60@example.net,04731707205,Pune,31,2023-07-10
CUST09865,Ishwar Pau,indira18@example.net,9088701284,Chennai,47,2023-10-02
CUST09866,Jairaj Srivastava,ridhimukhopadhyay@example.org,+913513908250,Bangalore,63,2023-02-18
CUST09867,Frado Comar,bhaktaaishani@example.org,8021303842,Bangalore,20,2024-03-13
CUST09868,Eesha Aurora,vrittinarayanan@example.com,+915244402153,Delhi,21,2024-03-16
CUST09869,Lucky Chad,ladwilliam@example.com,02025980300,Surat,25,2024-06-04
CUST09870,Tanish Sarin,khora@example.com,4766253621,Bangalore,24,2023-05-08
CUST09871,Kabir Andra,nmannan@example.net,+913629720850,Ahmedabad,26,2023-08-19
CUST09872,Upma Bajwa,chaitaly64@example.org,06066697294,Bangalore,64,2024-04-14
CUST09873,Wyatt Zacharia,laban29@example.com,01741440782,Delhi,36,2024-03-23
CUST09874,Hritik Vyas,dupadhyay@example.org,+912894615353,Pune,62,2024-06-21
CUST09875,Maanav Hayre,kaririya@example.net,+916883610855,Pune,55,2023-04-01
CUST09876,Chameli Ray,oahuja@example.net,04006441187,Chennai,63,2023-10-29
CUST09877,Vedika Chandran,pallagirindra@example.net,2330454348,Ahmedabad,45,2023-05-25
CUST09878,Ridhi Prabhu,indiramandal@example.net,9540634412,Hyderabad,25,2023-11-06
CUST09879,Oni Sarkar,deepasama@example.org,+914177762345,Jaipur,64,2023-11-09
CUST09880,Dipta Dash,pavanisem@example.com,+915407325002,Surat,37,2023-04-16
CUST09881,Netra Bali,ridhihayre@example.org,02514526927,Chennai,48,2024-03-05
CUST09882,Ojasvi Agarwal,omishasalvi@example.org,07908473024,Mumbai,41,2024-02-03
CUST09883,Dalbir Chhabra,iradatta@example.org,05670263136,Bangalore,43,2024-06-01
CUST09884,Faqid Jaggi,ryan93@example.net,+915896754824,Chennai,40,2023-03-19
CUST09885,Bahadurjit Panchal,uborah@example.com,0909731948,Delhi,21,2024-02-13
CUST09886,Waida Kakar,fapte@example.org,9343906268,Mumbai,69,2023-07-13
CUST09887,Gauri Bobal,anthonyagarwal@example.net,+919987120996,Kolkata,42,2024-02-25
CUST09888,Keya Vora,tara46@example.net,+915927773177,Bangalore,70,2024-02-13
CUST09889,Udyati Sabharwal,nsarkar@example.net,8750070328,Ahmedabad,47,2023-07-03
CUST09890,Nathan Bajaj,qushiparmer@example.org,02199880994,Hyderabad,68,2024-06-10
CUST09891,Aarush Divan,baradeiravati@example.org,9188760897,Pune,46,2023-07-08
CUST09892,Daksh Chaudhuri,chadaamaira@example.com,1663555857,Bangalore,70,2024-06-01
CUST09893,Nimrat Kara,dubecharita@example.org,3851537346,Pune,65,2023-11-18
CUST09894,Darpan Dave,chaturasama@example.com,4392849170,Hyderabad,60,2023-04-23
CUST09895,Amruta Chaudhari,manthanapte@example.com,03177380612,Pune,66,2024-03-25
CUST09896,Krishna Konda,varmatimothy@example.net,6991943516,Surat,62,2024-02-12
CUST09897,Daniel Om,bishakha12@example.org,1686936242,Bangalore,18,2023-05-01
CUST09898,Mitali Thakur,niteshchhabra@example.net,2361062957,Bangalore,34,2024-05-30
CUST09899,Upma Pal,kalazashil@example.com,4475137139,Hyderabad,23,2023-06-14
CUST09900,Kiaan Naidu,vivaan77@example.org,1802280666,Ahmedabad,39,2023-08-11
CUST09901,Aadi Mallick,sarthak42@example.org,09681349584,Bangalore,20,2023-09-21
CUST09902,Samesh Bhatnagar,tejas54@example.org,06558547863,Bangalore,33,2023-05-17
CUST09903,Xalak Munshi,zinal63@example.org,08234648114,Jaipur,56,2023-04-01
CUST09904,Siya Jani,zehaan31@example.org,+916562120350,Ahmedabad,35,2024-01-23
CUST09905,Oeshi Bobal,hsaini@example.net,7083389477,Chennai,64,2024-05-23
CUST09906,Gavin Kari,settywaida@example.net,1437062953,Bangalore,44,2023-06-12
CUST09907,Jason Vora,yshetty@example.com,0282369741,Mumbai,67,2024-05-11
CUST09908,Gagan Pandey,prashadrachita@example.org,00552212414,Mumbai,58,2023-08-21
CUST09909,Anya Dalal,yatinkorpal@example.org,+913159378383,Pune,63,2023-11-18
CUST09910,Balvan Raj,nimrat85@example.com,06740437207,Pune,69,2023-09-09
CUST09911,Utkarsh Chadha,kadeudant@example.org,06229631962,Surat,41,2024-02-28
CUST09912,Theodore Chhabra,epatil@example.org,+915894417589,Pune,18,2024-01-23
CUST09913,Oscar Master,kaimahal@example.org,08230942608,Delhi,48,2023-06-07
CUST09914,Urvashi Puri,brindaprasad@example.org,7878444121,Jaipur,30,2023-08-02
CUST09915,Faras Wason,fnigam@example.org,05546001833,Chennai,27,2024-03-24
CUST09916,Brinda Bassi,ekanshnadkarni@example.org,+916626604569,Pune,61,2023-05-16
CUST09917,Anamika Gera,kashishramaswamy@example.org,6583415008,Jaipur,35,2024-03-14
CUST09918,Mitesh Gupta,lranganathan@example.com,+912728487171,Jaipur,43,2023-02-21
CUST09919,Zansi Nagarajan,raghavanhemal@example.org,6480661892,Jaipur,55,2024-05-31
CUST09920,Krishna Borah,sibaljhalak@example.org,00305394204,Surat,57,2023-11-19
CUST09921,Naksh Sani,sudikshabala@example.org,+910756096012,Chennai,45,2024-04-22
CUST09922,Ikshita Shan,masterupadhriti@example.org,00116322312,Mumbai,47,2024-02-05
CUST09923,Falan Mutti,yaminibarad@example.com,+911940847472,Surat,53,2023-04-28
CUST09924,Oni Saran,khuranaupasna@example.org,07956159436,Kolkata,52,2024-04-03
CUST09925,Kiaan Gour,kashviwalia@example.com,03694999108,Ahmedabad,20,2023-10-11
CUST09926,Jagvi Kulkarni,dhingraliam@example.org,+914338700407,Kolkata,39,2023-11-21
CUST09927,Anay Randhawa,rastogifaraj@example.net,+917095000671,Mumbai,44,2023-08-10
CUST09928,Gaurangi Bhatt,manbirbera@example.com,00797800010,Surat,58,2024-03-18
CUST09929,Mohini Pillai,gangadhillon@example.org,+916569086402,Delhi,48,2023-05-11
CUST09930,Anthony Mistry,isaacmukherjee@example.net,03444287509,Hyderabad,47,2023-11-08
CUST09931,Yasti Kakar,omkaar46@example.net,+913534936860,Surat,54,2023-05-05
CUST09932,Aarnav Puri,gsetty@example.org,01709889833,Chennai,38,2023-12-19
CUST09933,Faqid Jha,amritaapte@example.org,+912430942405,Surat,32,2023-12-21
CUST09934,Aayush Keer,agrawalbina@example.org,+913567215947,Ahmedabad,34,2024-06-05
CUST09935,Qadim Swamy,xavier83@example.com,06330735160,Kolkata,59,2024-04-30
CUST09936,Kamya Lad,nshroff@example.org,+917976957682,Mumbai,70,2023-04-22
CUST09937,Veer Sridhar,warhi39@example.org,+911133149926,Chennai,60,2023-05-15
CUST09938,Yug Sarna,bassixiti@example.org,9023586909,Surat,34,2023-03-01
CUST09939,Suhani Borah,jyotigarde@example.net,04216121756,Hyderabad,34,2023-10-29
CUST09940,Zayyan Jayaraman,timothymohan@example.com,0408136549,Mumbai,51,2024-01-17
CUST09941,Nidhi Mann,bahadurjit48@example.com,+914362761005,Chennai,20,2024-05-21
CUST09942,Udarsh Sem,snanda@example.net,00933183110,Chennai,70,2023-08-28
CUST09943,Wazir Chand,andrew36@example.net,+915555544382,Ahmedabad,33,2024-06-17
CUST09944,Daniel Karpe,dalbir60@example.com,+911834986821,Hyderabad,18,2024-05-22
CUST09945,Mahika Vyas,kabir78@example.com,01286912986,Hyderabad,21,2024-02-02
CUST09946,Aachal Chowdhury,dkaur@example.net,00334214436,Delhi,69,2023-08-09
CUST09947,Tejas Misra,ikrishnamurthy@example.net,+918375656426,Kolkata,52,2023-12-10
CUST09948,Advika Mody,bdixit@example.org,+912459604242,Jaipur,44,2024-04-02
CUST09949,Manya Dutt,idika69@example.org,+915720923465,Mumbai,50,2023-12-24
CUST09950,Ekapad Guha,saksham68@example.com,02988924238,Kolkata,67,2024-02-24
CUST09951,Tripti Shah,indrajitsaha@example.com,+912440426537,Surat,60,2023-02-19
CUST09952,Chakrika Setty,oliver98@example.org,1632234169,Mumbai,49,2024-04-08
CUST09953,Jagat Srivastava,hemani70@example.com,3104898654,Surat,31,2024-05-13
CUST09954,Siddharth Ghose,yutikasami@example.org,09263728964,Jaipur,60,2024-03-13
CUST09955,Lavanya Saran,jagvipatla@example.org,06424280868,Jaipur,36,2023-06-12
CUST09956,Amrita Hayre,dixitandrew@example.com,6624381650,Delhi,33,2024-06-17
CUST09957,Naksh Virk,aviupadhyay@example.org,6310695481,Hyderabad,53,2023-03-03
CUST09958,Wyatt Sankaran,lakshit23@example.com,+915833305794,Pune,29,2023-03-30
CUST09959,Aryan Ganesh,sinhamadhavi@example.net,+913633981980,Jaipur,59,2023-08-18
CUST09960,Onkar Mahal,chakradevbhardwaj@example.net,+915784208885,Chennai,18,2023-10-07
CUST09961,Forum Varughese,tandontriveni@example.com,+916079387965,Hyderabad,23,2024-02-02
CUST09962,Dalaja Agate,chaudhurianusha@example.net,02152119092,Pune,59,2024-04-15
CUST09963,Unnati Bhatia,koshyisha@example.net,02670959904,Chennai,48,2023-04-25
CUST09964,Chanakya Raval,amannan@example.org,5877294154,Mumbai,24,2024-06-07
CUST09965,Meghana Lad,hsawhney@example.org,+911922840535,Bangalore,65,2023-09-29
CUST09966,Gunbir Raja,charita58@example.org,00001354258,Kolkata,28,2024-01-13
CUST09967,Dominic Sandal,balhaargala@example.com,+912378590821,Kolkata,60,2024-01-21
CUST09968,William Shenoy,deshmukhupasna@example.com,07315586694,Kolkata,44,2024-06-16
CUST09969,Fitan Kapadia,cverma@example.com,8343014127,Bangalore,45,2023-06-27
CUST09970,Aditya Hans,fitanoak@example.org,+917621172388,Chennai,64,2023-04-29
CUST09971,Waida Padmanabhan,nilimabakshi@example.org,8787680925,Bangalore,41,2024-02-19
CUST09972,Krishna Sehgal,galachanakya@example.net,+916630409705,Delhi,66,2023-12-19
CUST09973,Barkha Aggarwal,gabavinaya@example.net,05337293627,Kolkata,37,2024-01-25
CUST09974,Pranav Reddy,fmistry@example.org,03310691989,Jaipur,62,2023-02-24
CUST09975,Nandini Gupta,ykumer@example.org,+915698132043,Jaipur,58,2023-04-01
CUST09976,Rehaan Narula,dapte@example.net,6320491152,Delhi,22,2023-07-01
CUST09977,Reyansh Bera,ymishra@example.net,04709299643,Bangalore,25,2023-06-26
CUST09978,Vidhi Dada,binamenon@example.com,+912312679846,Mumbai,33,2023-09-13
CUST09979,Pallavi Varma,advaithsingh@example.net,05465646553,Delhi,67,2023-11-19
CUST09980,Yahvi Kohli,lzachariah@example.net,07376660196,Kolkata,29,2024-06-14
CUST09981,Chaaya Reddy,lavanyasawhney@example.org,+914517938537,Delhi,66,2023-03-27
CUST09982,Indira Buch,maanavnigam@example.net,5935105738,Ahmedabad,39,2023-09-13
CUST09983,Parth Saini,ekavir78@example.org,+910762581933,Delhi,50,2023-09-01
CUST09984,Gagan Lalla,zaid20@example.net,7349634826,Jaipur,47,2023-07-31
CUST09985,Raksha Vohra,akanda@example.net,04940193484,Jaipur,25,2023-06-19
CUST09986,Warjas Murty,sanyaghosh@example.org,06094673523,Ahmedabad,60,2023-12-12
CUST09987,Ijaya Palla,yashkaul@example.org,03145365600,Surat,35,2024-03-20
CUST09988,Vasana Virk,rachitsem@example.org,+915672568185,Delhi,40,2023-05-23
CUST09989,Wazir Devan,ymaster@example.com,03916413116,Delhi,40,2023-06-24
CUST09990,Isaac Dar,klal@example.org,+918451288161,Bangalore,42,2023-06-07
CUST09991,Tanveer Chauhan,zansi72@example.org,+911859191303,Chennai,52,2023-03-29
CUST09992,Pranit Ghose,vasana85@example.net,04679072757,Kolkata,64,2023-12-25
CUST09993,Lipika Dyal,gnanda@example.org,+917335990449,Mumbai,57,2023-07-19
CUST09994,Yagnesh Bhalla,vanyabaria@example.net,6472957773,Delhi,22,2023-12-23
CUST09995,Zaitra Seshadri,yamini56@example.net,+911975167929,Bangalore,27,2023-07-13
CUST09996,Ekapad Ravel,dprabhakar@example.net,09559105529,Pune,28,2023-12-01
CUST09997,Anirudh Basak,bahadurjitkannan@example.org,7079417586,Jaipur,70,2023-12-22
CUST09998,Manan Dixit,faris83@example.net,08423142905,Jaipur,30,2024-03-27
CUST09999,Jairaj Jaggi,atwalishanvi@example.net,2731166815,Ahmedabad,66,2023-11-25
