shipment_id,transaction_id,ship_date,delivery_date,status,courier
SHP76707,TXN00015071,2024-02-18,2024-02-19,Delivered,Delhivery
SHP51973,TXN00091677,2024-06-25,2024-07-01,Delivered,EcomExpress
SHP23446,TXN00016852,2024-04-29,2024-05-02,Delivered,Shadowfax
SHP26832,TXN00046080,2024-06-02,2024-06-03,Delivered,Delhivery
SHP70971,TXN00061809,2024-04-06,2024-04-08,Delivered,EcomExpress
SHP30330,TXN00076033,2024-05-26,2024-05-27,Delivered,Shadowfax
SHP77506,TXN00051001,2024-04-14,2024-04-23,Delivered,EcomExpress
SHP98947,TXN00093360,2024-04-08,2024-04-17,Delivered,Shadowfax
SHP47608,TXN00080090,2024-05-18,2024-05-19,Delivered,Shadowfax
SHP50300,TXN00060732,2024-05-23,2024-06-01,Delivered,EcomExpress
SHP87239,TXN00073383,2024-03-04,2024-03-14,Delivered,Shadowfax
SHP11708,TXN00049974,2024-02-08,2024-02-11,Delivered,EcomExpress
SHP69766,TXN00068611,2024-03-15,2024-03-23,Delivered,Shadowfax
SHP84796,TXN00074453,2024-03-26,2024-03-31,Delivered,Shadowfax
SHP54502,TXN00059176,2024-05-13,2024-05-22,Delivered,BlueDart
SHP37668,TXN00067721,2024-05-19,2024-05-22,Delivered,BlueDart
SHP54529,TXN00037000,2024-02-15,2024-02-20,Delivered,Shadowfax
SHP52858,TXN00070170,2024-06-24,2024-07-01,Delivered,Shadowfax
SHP21165,TXN00088271,2024-01-18,2024-01-19,Delivered,Delhivery
SHP73513,TXN00041019,2024-01-22,2024-01-31,Delivered,Shadowfax
SHP43003,TXN00067778,2024-05-31,2024-06-09,Delivered,BlueDart
SHP33121,TXN00068035,2024-04-11,2024-04-20,Delivered,EcomExpress
SHP60562,TXN00045672,2024-03-15,2024-03-20,Delivered,Delhivery
SHP94906,TXN00051536,2024-04-11,2024-04-20,Delivered,Shadowfax
SHP24307,TXN00097201,2024-04-10,2024-04-12,Delivered,Shadowfax
SHP67001,TXN00024496,2024-02-18,2024-02-20,Delivered,BlueDart
SHP63254,TXN00026662,2024-04-13,2024-04-23,Delivered,EcomExpress
SHP79291,TXN00039735,2024-02-01,2024-02-10,Delivered,EcomExpress
SHP38736,TXN00016623,2024-06-11,2024-06-20,Delivered,Shadowfax
SHP74023,TXN00022335,2024-06-22,2024-06-25,Delivered,EcomExpress
SHP35544,TXN00046770,2024-04-15,2024-04-18,Delivered,BlueDart
SHP19067,TXN00028215,2024-04-01,2024-04-05,Delivered,Delhivery
SHP92179,TXN00014777,2024-01-05,2024-01-13,Delivered,Shadowfax
SHP90565,TXN00075401,2024-02-22,2024-03-03,Delivered,Delhivery
SHP57521,TXN00068522,2024-04-08,2024-04-12,Delivered,Shadowfax
SHP76946,TXN00037500,2024-03-31,2024-04-09,Delivered,EcomExpress
SHP11155,TXN00068630,2024-01-05,2024-01-14,Delivered,BlueDart
SHP82611,TXN00041874,2024-01-13,2024-01-22,Delivered,Delhivery
SHP58055,TXN00052398,2024-03-01,2024-03-10,Delivered,BlueDart
SHP18642,TXN00046087,2024-05-31,2024-06-03,Delivered,BlueDart
SHP70940,TXN00036679,2024-04-18,2024-04-22,Delivered,Delhivery
SHP62336,TXN00091866,2024-02-02,2024-02-09,Delivered,BlueDart
SHP72686,TXN00092775,2024-04-13,2024-04-20,Delivered,EcomExpress
SHP45323,TXN00008318,2024-06-02,2024-06-06,Delivered,Shadowfax
SHP66483,TXN00059873,2024-05-19,2024-05-24,Delivered,Delhivery
SHP16629,TXN00015443,2024-04-13,2024-04-22,Delivered,BlueDart
SHP76521,TXN00048679,2024-02-04,2024-02-09,Delivered,Delhivery
SHP16167,TXN00059156,2024-04-06,2024-04-16,Delivered,Delhivery
SHP10963,TXN00027951,2024-04-04,2024-04-05,Delivered,Shadowfax
SHP30099,TXN00076148,2024-04-06,2024-04-13,Delivered,Delhivery
SHP91765,TXN00019896,2024-02-27,2024-03-01,Delivered,Delhivery
SHP64558,TXN00048344,2024-05-19,2024-05-25,Delivered,Delhivery
SHP10431,TXN00024141,2024-06-13,2024-06-14,Delivered,EcomExpress
SHP44983,TXN00048148,2024-02-13,2024-02-22,Delivered,Delhivery
SHP15232,TXN00067840,2024-06-03,2024-06-04,Delivered,Shadowfax
SHP40377,TXN00075235,2024-01-30,2024-02-07,Delivered,Shadowfax
SHP21076,TXN00016702,2024-02-02,2024-02-11,Delivered,Shadowfax
SHP37234,TXN00039899,2024-06-19,2024-06-28,Delivered,Shadowfax
SHP25805,TXN00048774,2024-04-07,2024-04-13,Delivered,BlueDart
SHP44517,TXN00018148,2024-04-16,2024-04-18,Delivered,Delhivery
SHP77334,TXN00020125,2024-02-10,2024-02-19,Delivered,Delhivery
SHP89557,TXN00068061,2024-01-11,2024-01-19,Delivered,Shadowfax
SHP34652,TXN00014251,2024-06-02,2024-06-05,Delivered,Shadowfax
SHP98054,TXN00004413,2024-04-18,2024-04-23,Delivered,Delhivery
SHP17658,TXN00080614,2024-03-24,2024-03-31,Delivered,EcomExpress
SHP44872,TXN00028382,2024-03-26,2024-04-05,Delivered,BlueDart
SHP22760,TXN00092321,2024-03-07,2024-03-09,Delivered,Shadowfax
SHP41695,TXN00003845,2024-04-21,2024-04-30,Delivered,Delhivery
SHP60667,TXN00016746,2024-05-30,2024-06-02,Delivered,EcomExpress
SHP75825,TXN00062310,2024-05-26,2024-06-04,Delivered,EcomExpress
SHP12713,TXN00070759,2024-05-29,2024-06-01,Delivered,Shadowfax
SHP12102,TXN00017178,2024-05-13,2024-05-20,Delivered,Shadowfax
SHP93693,TXN00076952,2024-06-09,2024-06-12,Delivered,EcomExpress
SHP49332,TXN00076008,2024-04-06,2024-04-12,Delivered,Delhivery
SHP55785,TXN00090635,2024-03-12,2024-03-20,Delivered,Shadowfax
SHP20338,TXN00017341,2024-04-28,2024-05-04,Delivered,Delhivery
SHP74511,TXN00096371,2024-02-05,2024-02-08,Delivered,Delhivery
SHP49612,TXN00090441,2024-04-17,2024-04-22,Delivered,Delhivery
SHP72492,TXN00034345,2024-02-18,2024-02-20,Delivered,Shadowfax
SHP20706,TXN00021256,2024-03-17,2024-03-19,Delivered,Shadowfax
SHP84879,TXN00050904,2024-03-28,2024-03-29,Delivered,Delhivery
SHP49405,TXN00034558,2024-05-10,2024-05-19,Delivered,EcomExpress
SHP69303,TXN00025999,2024-05-12,2024-05-13,Delivered,BlueDart
SHP60036,TXN00010848,2024-06-19,2024-06-27,Delivered,Shadowfax
SHP11868,TXN00094677,2024-01-09,2024-01-14,Delivered,BlueDart
SHP39394,TXN00010072,2024-04-16,2024-04-21,Delivered,BlueDart
SHP47901,TXN00000419,2024-05-11,2024-05-14,Delivered,Delhivery
SHP41609,TXN00078433,2024-02-06,2024-02-13,Delivered,BlueDart
SHP63930,TXN00012196,2024-05-22,2024-05-30,Delivered,EcomExpress
SHP57342,TXN00060170,2024-05-05,2024-05-15,Delivered,Shadowfax
SHP42322,TXN00081094,2024-03-23,2024-04-01,Delivered,Shadowfax
SHP20330,TXN00073364,2024-06-19,2024-06-29,Delivered,BlueDart
SHP84062,TXN00052400,2024-06-21,2024-06-30,Delivered,Shadowfax
SHP11756,TXN00032952,2024-06-18,2024-06-23,Delivered,EcomExpress
SHP15073,TXN00056425,2024-01-02,2024-01-09,Delivered,EcomExpress
SHP78876,TXN00036032,2024-01-02,2024-01-04,Delivered,Shadowfax
SHP78400,TXN00041658,2024-03-17,2024-03-20,Delivered,Delhivery
SHP49825,TXN00040198,2024-03-27,2024-03-31,Delivered,Delhivery
SHP29847,TXN00061509,2024-04-05,2024-04-11,Delivered,Shadowfax
SHP30590,TXN00089115,2024-03-03,2024-03-10,Delivered,Delhivery
SHP54904,TXN00063150,2024-02-25,2024-03-04,Delivered,BlueDart
SHP65922,TXN00019563,2024-02-10,2024-02-16,Delivered,Shadowfax
SHP77776,TXN00002552,2024-05-22,2024-05-30,Delivered,Shadowfax
SHP20004,TXN00081548,2024-06-17,2024-06-20,Delivered,Delhivery
SHP30020,TXN00070370,2024-04-08,2024-04-16,Delivered,Delhivery
SHP59792,TXN00013851,2024-04-11,2024-04-16,Delivered,Delhivery
SHP83378,TXN00044189,2024-06-02,2024-06-07,Delivered,BlueDart
SHP48976,TXN00084548,2024-04-15,2024-04-20,Delivered,Shadowfax
SHP44692,TXN00079074,2024-01-31,2024-02-08,Delivered,BlueDart
SHP88649,TXN00053917,2024-04-06,2024-04-07,Delivered,Delhivery
SHP40477,TXN00046189,2024-03-26,2024-04-02,Delivered,EcomExpress
SHP92874,TXN00074445,2024-03-10,2024-03-13,Delivered,EcomExpress
SHP81267,TXN00097590,2024-02-25,2024-03-01,Delivered,BlueDart
SHP57447,TXN00021736,2024-03-11,2024-03-15,Delivered,Shadowfax
SHP25566,TXN00099112,2024-01-04,2024-01-05,Delivered,Shadowfax
SHP91030,TXN00019558,2024-05-09,2024-05-13,Delivered,EcomExpress
SHP44703,TXN00016202,2024-02-18,2024-02-27,Delivered,Shadowfax
SHP59184,TXN00073989,2024-03-31,2024-04-01,Delivered,BlueDart
SHP61064,TXN00026500,2024-03-22,2024-03-25,Delivered,Shadowfax
SHP69137,TXN00052404,2024-03-25,2024-03-26,Delivered,Shadowfax
SHP68347,TXN00045034,2024-02-05,2024-02-12,Delivered,Shadowfax
SHP67554,TXN00032229,2024-02-26,2024-02-27,Delivered,BlueDart
SHP63881,TXN00038230,2024-01-08,2024-01-18,Delivered,EcomExpress
SHP27214,TXN00041944,2024-03-22,2024-03-23,Delivered,Delhivery
SHP40715,TXN00033478,2024-03-22,2024-04-01,Delivered,Delhivery
SHP68677,TXN00046069,2024-01-15,2024-01-21,Delivered,Shadowfax
SHP64575,TXN00054245,2024-05-07,2024-05-09,Delivered,BlueDart
SHP58915,TXN00046968,2024-03-07,2024-03-11,Delivered,BlueDart
SHP86896,TXN00051093,2024-06-08,2024-06-17,Delivered,Shadowfax
SHP46279,TXN00054031,2024-03-28,2024-04-07,Delivered,BlueDart
SHP62017,TXN00056162,2024-04-30,2024-05-01,Delivered,Delhivery
SHP36234,TXN00012404,2024-07-01,2024-07-11,Delivered,EcomExpress
SHP64575,TXN00046559,2024-06-02,2024-06-10,Delivered,BlueDart
SHP76507,TXN00039093,2024-03-27,2024-04-05,Delivered,EcomExpress
SHP93349,TXN00081812,2024-01-14,2024-01-16,Delivered,Delhivery
SHP59521,TXN00020071,2024-02-03,2024-02-13,Delivered,EcomExpress
SHP29484,TXN00009337,2024-06-27,2024-07-07,Delivered,EcomExpress
SHP81417,TXN00040625,2024-06-08,2024-06-10,Delivered,Shadowfax
SHP20956,TXN00054532,2024-06-02,2024-06-11,Delivered,Shadowfax
SHP96949,TXN00091615,2024-03-17,2024-03-22,Delivered,EcomExpress
SHP95680,TXN00007152,2024-06-24,2024-06-29,Delivered,BlueDart
SHP53679,TXN00088191,2024-06-02,2024-06-05,Delivered,BlueDart
SHP15518,TXN00095956,2024-04-04,2024-04-13,Delivered,Delhivery
SHP15837,TXN00041242,2024-06-20,2024-06-21,Delivered,Shadowfax
SHP37156,TXN00078141,2024-06-11,2024-06-17,Delivered,BlueDart
SHP42729,TXN00035570,2024-05-18,2024-05-26,Delivered,BlueDart
SHP38417,TXN00026935,2024-05-01,2024-05-06,Delivered,EcomExpress
SHP75752,TXN00082287,2024-03-25,2024-04-04,Delivered,BlueDart
SHP99992,TXN00035290,2024-01-09,2024-01-12,Delivered,BlueDart
SHP26008,TXN00047519,2024-04-19,2024-04-29,Delivered,Delhivery
SHP84186,TXN00063083,2024-04-04,2024-04-13,Delivered,EcomExpress
SHP40115,TXN00092053,2024-06-03,2024-06-05,Delivered,Shadowfax
SHP12415,TXN00008750,2024-04-14,2024-04-19,Delivered,BlueDart
SHP64143,TXN00005326,2024-01-19,2024-01-22,Delivered,EcomExpress
SHP58194,TXN00013472,2024-02-23,2024-03-02,Delivered,EcomExpress
SHP91581,TXN00015468,2024-05-08,2024-05-10,Delivered,BlueDart
SHP37908,TXN00087043,2024-02-27,2024-02-29,Delivered,Shadowfax
SHP86318,TXN00064921,2024-02-02,2024-02-06,Delivered,EcomExpress
SHP45739,TXN00069315,2024-06-11,2024-06-13,Delivered,BlueDart
SHP35415,TXN00095851,2024-06-18,2024-06-27,Delivered,Shadowfax
SHP71017,TXN00017733,2024-03-29,2024-04-01,Delivered,Delhivery
SHP55139,TXN00083386,2024-04-29,2024-05-01,Delivered,Shadowfax
SHP34459,TXN00078248,2024-05-28,2024-06-05,Delivered,Shadowfax
SHP73527,TXN00039804,2024-02-26,2024-03-03,Delivered,EcomExpress
SHP23442,TXN00033106,2024-01-09,2024-01-14,Delivered,Shadowfax
SHP20297,TXN00059116,2024-03-29,2024-04-08,Delivered,Delhivery
SHP68682,TXN00073210,2024-06-17,2024-06-22,Delivered,EcomExpress
SHP33151,TXN00069993,2024-04-13,2024-04-15,Delivered,Delhivery
SHP97744,TXN00043934,2024-04-12,2024-04-15,Delivered,BlueDart
SHP96263,TXN00042504,2024-01-29,2024-02-07,Delivered,BlueDart
SHP64949,TXN00068730,2024-03-28,2024-03-31,Delivered,Delhivery
SHP13285,TXN00071354,2024-01-08,2024-01-15,Delivered,EcomExpress
SHP38712,TXN00092650,2024-01-28,2024-02-04,Delivered,Shadowfax
SHP38291,TXN00064807,2024-02-15,2024-02-16,Delivered,Delhivery
SHP65351,TXN00072866,2025-06-20,2025-06-23,Delivered,EcomExpress
SHP89751,TXN00000803,2024-04-14,2024-04-24,Delivered,BlueDart
SHP44582,TXN00084794,2024-04-09,2024-04-16,Delivered,Shadowfax
SHP36687,TXN00082411,2024-02-02,2024-02-05,Delivered,Shadowfax
SHP22932,TXN00063334,2024-05-19,2024-05-27,Delivered,EcomExpress
SHP50085,TXN00039140,2024-04-07,2024-04-14,Delivered,Shadowfax
SHP57089,TXN00019730,2024-03-31,2024-04-02,Delivered,BlueDart
SHP91666,TXN00033600,2024-06-27,2024-07-01,Delivered,EcomExpress
SHP23506,TXN00019472,2024-01-31,2024-02-10,Delivered,EcomExpress
SHP18886,TXN00073183,2024-03-26,2024-04-04,Delivered,EcomExpress
SHP54579,TXN00072062,2024-02-13,2024-02-14,Delivered,Delhivery
SHP73335,TXN00041387,2024-03-18,2024-03-24,Delivered,BlueDart
SHP56793,TXN00053985,2024-06-24,2024-06-26,Delivered,EcomExpress
SHP78745,TXN00055651,2024-01-22,2024-01-23,Delivered,EcomExpress
SHP88259,TXN00001605,2024-04-03,2024-04-12,Delivered,BlueDart
SHP22713,TXN00073116,2024-06-24,2024-06-30,Delivered,Shadowfax
SHP55602,TXN00081082,2024-06-26,2024-07-06,Delivered,EcomExpress
SHP19396,TXN00043503,2024-03-06,2024-03-16,Delivered,Shadowfax
SHP84529,TXN00053618,2024-01-04,2024-01-12,Delivered,EcomExpress
SHP55189,TXN00031964,2024-05-12,2024-05-19,Delivered,Shadowfax
SHP68404,TXN00075236,2024-04-15,2024-04-18,Delivered,Delhivery
SHP23835,TXN00060608,2024-01-03,2024-01-05,Delivered,Shadowfax
SHP95035,TXN00006998,2024-03-14,2024-03-16,Delivered,Shadowfax
SHP49718,TXN00012506,2024-04-22,2024-04-28,Delivered,BlueDart
SHP94220,TXN00064351,2024-06-09,2024-06-16,Delivered,EcomExpress
SHP66252,TXN00008600,2024-03-24,2024-04-03,Delivered,BlueDart
SHP50137,TXN00088826,2024-01-26,2024-01-29,Delivered,EcomExpress
SHP92537,TXN00071954,2024-05-31,2024-06-07,Delivered,EcomExpress
SHP50852,TXN00087216,2024-06-04,2024-06-07,Delivered,Delhivery
SHP93358,TXN00003929,2024-01-27,2024-01-31,Delivered,Shadowfax
SHP55772,TXN00089160,2024-03-28,2024-04-02,Delivered,Delhivery
SHP99984,TXN00031558,2024-03-03,2024-03-08,Delivered,Delhivery
SHP97692,TXN00078730,2024-07-01,2024-07-02,Delivered,EcomExpress
SHP53590,TXN00049363,2024-01-16,2024-01-20,Delivered,BlueDart
SHP82700,TXN00024800,2024-04-01,2024-04-06,Delivered,Delhivery
SHP71105,TXN00061308,2024-05-03,2024-05-09,Delivered,Delhivery
SHP50348,TXN00087164,2024-02-20,2024-02-24,Delivered,BlueDart
SHP96850,TXN00087385,2024-04-14,2024-04-19,Delivered,Shadowfax
SHP43933,TXN00007452,2024-02-27,2024-03-01,Delivered,EcomExpress
SHP64607,TXN00060905,2024-02-20,2024-02-29,Delivered,BlueDart
SHP37715,TXN00077738,2024-01-30,2024-02-07,Delivered,Shadowfax
SHP77586,TXN00048123,2024-01-14,2024-01-18,Delivered,BlueDart
SHP97241,TXN00025492,2024-06-07,2024-06-11,Delivered,EcomExpress
SHP34651,TXN00042030,2024-06-16,2024-06-23,Delivered,BlueDart
SHP64289,TXN00005122,2024-01-14,2024-01-21,Delivered,BlueDart
SHP48906,TXN00049140,2024-03-15,2024-03-16,Delivered,BlueDart
SHP64942,TXN00013736,2024-06-13,2024-06-19,Delivered,Delhivery
SHP47798,TXN00073399,2024-04-02,2024-04-11,Delivered,Delhivery
SHP42522,TXN00066898,2024-04-21,2024-04-28,Delivered,EcomExpress
SHP54252,TXN00094857,2024-02-08,2024-02-16,Delivered,Delhivery
SHP23712,TXN00033356,2024-01-15,2024-01-19,Delivered,Shadowfax
SHP60140,TXN00053674,2024-03-26,2024-03-29,Delivered,Delhivery
SHP74316,TXN00002574,2024-02-18,2024-02-20,Delivered,Delhivery
SHP82847,TXN00020635,2024-03-22,2024-03-27,Delivered,Shadowfax
SHP64978,TXN00036739,2024-06-10,2024-06-15,Delivered,Shadowfax
SHP70524,TXN00050280,2024-04-10,2024-04-16,Delivered,Delhivery
SHP12378,TXN00092131,2024-04-26,2024-04-30,Delivered,EcomExpress
SHP57322,TXN00069548,2024-01-28,2024-02-03,Delivered,Delhivery
SHP44947,TXN00003555,2024-04-15,2024-04-24,Delivered,EcomExpress
SHP58256,TXN00046049,2024-03-09,2024-03-11,Delivered,EcomExpress
SHP82192,TXN00010680,2024-03-29,2024-04-02,Delivered,Delhivery
SHP81228,TXN00062871,2024-03-09,2024-03-14,Delivered,Shadowfax
SHP30319,TXN00030116,2024-02-12,2024-02-14,Delivered,EcomExpress
SHP16255,TXN00096092,2024-01-26,2024-02-03,Delivered,EcomExpress
SHP50085,TXN00009517,2024-05-04,2024-05-12,Delivered,BlueDart
SHP96705,TXN00079628,2024-03-21,2024-03-28,Delivered,EcomExpress
SHP64795,TXN00009246,2024-03-30,2024-04-08,Delivered,EcomExpress
SHP19437,TXN00047958,2024-04-29,2024-04-30,Delivered,Shadowfax
SHP94528,TXN00082702,2024-01-28,2024-01-30,Delivered,BlueDart
SHP27600,TXN00062147,2024-05-15,2024-05-21,Delivered,EcomExpress
SHP24701,TXN00050987,2024-05-31,2024-06-02,Delivered,BlueDart
SHP22850,TXN00089891,2024-06-26,2024-07-06,Delivered,Delhivery
SHP15466,TXN00045569,2024-01-05,2024-01-14,Delivered,Delhivery
SHP57855,TXN00040828,2024-03-28,2024-04-04,Delivered,EcomExpress
SHP46033,TXN00007345,2024-02-27,2024-03-07,Delivered,EcomExpress
SHP70771,TXN00077497,2024-04-21,2024-04-26,Delivered,BlueDart
SHP57765,TXN00044228,2024-04-28,2024-05-06,Delivered,Delhivery
SHP70742,TXN00040615,2025-03-11,2025-03-20,Delivered,Delhivery
SHP83799,TXN00054985,2024-04-08,2024-04-10,Delivered,Shadowfax
SHP77687,TXN00097207,2024-05-26,2024-05-30,Delivered,BlueDart
SHP34989,TXN00070718,2024-05-29,2024-06-07,Delivered,Delhivery
SHP85509,TXN00054165,2024-04-09,2024-04-19,Delivered,Delhivery
SHP11296,TXN00010560,2024-01-27,2024-02-02,Delivered,Shadowfax
SHP97837,TXN00092876,2024-04-28,2024-04-30,Delivered,Shadowfax
SHP80613,TXN00005973,2024-05-31,2024-06-09,Delivered,Delhivery
SHP83317,TXN00033403,2024-03-24,2024-03-28,Delivered,BlueDart
SHP88066,TXN00094387,2024-03-29,2024-04-07,Delivered,Shadowfax
SHP82568,TXN00006262,2024-02-04,2024-02-06,Delivered,BlueDart
SHP63388,TXN00006514,2024-04-01,2024-04-06,Delivered,EcomExpress
SHP27002,TXN00007021,2024-05-24,2024-05-31,Delivered,Delhivery
SHP40145,TXN00050016,2024-03-10,2024-03-19,Delivered,Delhivery
SHP68494,TXN00009009,2024-04-11,2024-04-17,Delivered,Shadowfax
SHP50395,TXN00078895,2024-06-14,2024-06-20,Delivered,Shadowfax
SHP48195,TXN00090313,2024-06-03,2024-06-08,Delivered,Shadowfax
SHP34300,TXN00097727,2024-03-03,2024-03-12,Delivered,Shadowfax
SHP31151,TXN00087583,2024-04-12,2024-04-15,Delivered,Delhivery
SHP89878,TXN00068727,2024-02-13,2024-02-21,Delivered,BlueDart
SHP81870,TXN00083661,2024-06-26,2024-07-02,Delivered,Delhivery
SHP98250,TXN00001792,2024-04-01,2024-04-08,Delivered,Shadowfax
SHP79088,TXN00098735,2024-03-23,2024-03-26,Delivered,Shadowfax
SHP39610,TXN00048548,2024-03-24,2024-03-28,Delivered,Shadowfax
SHP59009,TXN00082493,2024-04-14,2024-04-20,Delivered,EcomExpress
SHP81898,TXN00009281,2024-06-20,2024-06-27,Delivered,Shadowfax
SHP56240,TXN00026341,2024-06-17,2024-06-21,Delivered,Shadowfax
SHP60504,TXN00023939,2024-02-28,2024-03-01,Delivered,BlueDart
SHP62517,TXN00058937,2024-03-17,2024-03-23,Delivered,EcomExpress
SHP85949,TXN00067871,2024-02-02,2024-02-12,Delivered,EcomExpress
SHP41882,TXN00087968,2024-03-27,2024-03-31,Delivered,Shadowfax
SHP34994,TXN00001974,2024-03-04,2024-03-14,Delivered,Delhivery
SHP79895,TXN00006007,2024-01-17,2024-01-24,Delivered,Shadowfax
SHP75619,TXN00047325,2024-04-22,2024-04-24,Delivered,Delhivery
SHP14764,TXN00066790,2024-03-12,2024-03-20,Delivered,Shadowfax
SHP75480,TXN00030494,2024-05-15,2024-05-25,Delivered,Delhivery
SHP18144,TXN00098908,2024-01-10,2024-01-19,Delivered,Shadowfax
SHP74381,TXN00036411,2024-02-09,2024-02-14,Delivered,EcomExpress
SHP62620,TXN00057541,2024-04-01,2024-04-06,Delivered,Shadowfax
SHP14209,TXN00065899,2024-04-16,2024-04-26,Delivered,BlueDart
SHP61156,TXN00013289,2024-02-20,2024-02-23,Delivered,BlueDart
SHP71158,TXN00021273,2024-04-12,2024-04-14,Delivered,EcomExpress
SHP24995,TXN00013697,2024-03-03,2024-03-09,Delivered,BlueDart
SHP90914,TXN00053608,2024-03-18,2024-03-25,Delivered,BlueDart
SHP98092,TXN00073682,2024-01-25,2024-01-28,Delivered,BlueDart
SHP55088,TXN00071706,2024-05-20,2024-05-28,Delivered,EcomExpress
SHP86743,TXN00063626,2024-03-25,2024-04-01,Delivered,EcomExpress
SHP76151,TXN00013329,2024-06-24,2024-07-02,Delivered,EcomExpress
SHP37502,TXN00059329,2024-03-06,2024-03-15,Delivered,Delhivery
SHP33810,TXN00062397,2024-04-10,2024-04-14,Delivered,Shadowfax
SHP55157,TXN00083322,2024-03-25,2024-03-29,Delivered,Delhivery
SHP94069,TXN00009866,2024-03-25,2024-04-04,Delivered,Shadowfax
SHP38095,TXN00085343,2024-04-13,2024-04-18,Delivered,Delhivery
SHP18748,TXN00022182,2024-03-13,2024-03-15,Delivered,Delhivery
SHP46408,TXN00018260,2024-03-23,2024-03-27,Delivered,EcomExpress
SHP25935,TXN00022660,2024-06-29,2024-07-03,Delivered,Delhivery
SHP92818,TXN00036170,2024-02-15,2024-02-25,Delivered,EcomExpress
SHP66811,TXN00005653,2024-03-16,2024-03-24,Delivered,Shadowfax
SHP70808,TXN00027403,2024-02-08,2024-02-09,Delivered,Shadowfax
SHP73049,TXN00067801,2024-02-26,2024-03-02,Delivered,BlueDart
SHP82165,TXN00047503,2024-04-15,2024-04-16,Delivered,Shadowfax
SHP80531,TXN00022154,2024-07-01,2024-07-09,Delivered,Shadowfax
SHP38589,TXN00098193,2024-04-13,2024-04-21,Delivered,Shadowfax
SHP72188,TXN00000125,2024-03-25,2024-04-01,Delivered,EcomExpress
SHP16184,TXN00004855,2024-02-11,2024-02-13,Delivered,EcomExpress
SHP96145,TXN00059547,2024-04-27,2024-05-03,Delivered,EcomExpress
SHP88219,TXN00047170,2024-04-15,2024-04-22,Delivered,BlueDart
SHP65953,TXN00078838,2024-02-12,2024-02-19,Delivered,EcomExpress
SHP61499,TXN00096586,2024-03-12,2024-03-20,Delivered,EcomExpress
SHP29365,TXN00044787,2024-03-24,2024-03-30,Delivered,BlueDart
SHP74194,TXN00035780,2024-04-29,2024-05-03,Delivered,Shadowfax
SHP46851,TXN00097797,2024-04-15,2024-04-19,Delivered,Delhivery
SHP74521,TXN00019607,2024-03-21,2024-03-31,Delivered,EcomExpress
SHP20831,TXN00096976,2024-05-17,2024-05-27,Delivered,EcomExpress
SHP52717,TXN00094885,2024-04-10,2024-04-12,Delivered,EcomExpress
SHP19174,TXN00031912,2024-03-23,2024-03-31,Delivered,Delhivery
SHP84763,TXN00053908,2024-02-22,2024-03-01,Delivered,Delhivery
SHP11676,TXN00088383,2024-01-19,2024-01-20,Delivered,BlueDart
SHP46889,TXN00009798,2024-03-24,2024-04-02,Delivered,BlueDart
SHP84530,TXN00038199,2024-04-22,2024-04-27,Delivered,Delhivery
SHP22041,TXN00043678,2024-02-25,2024-02-27,Delivered,Shadowfax
SHP56591,TXN00088080,2024-03-18,2024-03-27,Delivered,Delhivery
SHP69231,TXN00078756,2024-01-18,2024-01-22,Delivered,Delhivery
SHP88647,TXN00018978,2024-02-29,2024-03-07,Delivered,BlueDart
SHP62255,TXN00028620,2024-04-06,2024-04-12,Delivered,Delhivery
SHP30549,TXN00066253,2024-01-29,2024-02-06,Delivered,Delhivery
SHP41972,TXN00071649,2024-03-30,2024-04-07,Delivered,EcomExpress
SHP65251,TXN00054564,2024-04-15,2024-04-22,Delivered,Delhivery
SHP23052,TXN00036700,2024-02-20,2024-02-29,Delivered,EcomExpress
SHP29421,TXN00098980,2024-02-10,2024-02-13,Delivered,Shadowfax
SHP92087,TXN00081821,2024-06-24,2024-07-03,Delivered,BlueDart
SHP49519,TXN00019882,2024-05-06,2024-05-10,Delivered,Delhivery
SHP27806,TXN00045696,2024-06-08,2024-06-15,Delivered,EcomExpress
SHP68109,TXN00050486,2024-05-05,2024-05-06,Delivered,BlueDart
SHP79561,TXN00094064,2024-06-25,2024-07-04,Delivered,BlueDart
SHP49021,TXN00004545,2024-05-23,2024-06-01,Delivered,EcomExpress
SHP18516,TXN00085224,2024-02-12,2024-02-21,Delivered,Shadowfax
SHP78374,TXN00096672,2024-03-25,2024-03-28,Delivered,Delhivery
SHP61235,TXN00091658,2024-04-21,2024-04-23,Delivered,EcomExpress
SHP24516,TXN00047466,2024-02-22,2024-03-02,Delivered,Delhivery
SHP76289,TXN00067197,2024-04-10,2024-04-12,Delivered,Delhivery
SHP74425,TXN00002351,2024-06-14,2024-06-19,Delivered,Delhivery
SHP59759,TXN00008999,2024-06-17,2024-06-26,Delivered,EcomExpress
SHP58080,TXN00012537,2024-05-04,2024-05-13,Delivered,Delhivery
SHP95992,TXN00060119,2024-01-19,2024-01-25,Delivered,Delhivery
SHP61751,TXN00013464,2024-04-21,2024-04-22,Delivered,Shadowfax
SHP32112,TXN00057446,2024-04-16,2024-04-26,Delivered,EcomExpress
SHP81877,TXN00091406,2024-03-08,2024-03-12,Delivered,Shadowfax
SHP77520,TXN00039865,2024-02-02,2024-02-08,Delivered,Delhivery
SHP68718,TXN00089744,2024-02-18,2024-02-27,Delivered,Shadowfax
SHP61375,TXN00011270,2024-02-02,2024-02-04,Delivered,BlueDart
SHP49801,TXN00088137,2024-01-21,2024-01-28,Delivered,Delhivery
SHP91944,TXN00016166,2024-03-29,2024-03-31,Delivered,BlueDart
SHP32192,TXN00035882,2024-03-31,2024-04-08,Delivered,Delhivery
SHP38152,TXN00099961,2024-05-22,2024-06-01,Delivered,Shadowfax
SHP94944,TXN00057653,2024-04-22,2024-04-28,Delivered,EcomExpress
SHP59395,TXN00047026,2024-03-02,2024-03-08,Delivered,EcomExpress
SHP30977,TXN00054464,2024-02-25,2024-03-03,Delivered,Shadowfax
SHP84181,TXN00020117,2024-03-28,2024-03-30,Delivered,BlueDart
SHP27728,TXN00026653,2024-06-09,2024-06-18,Delivered,EcomExpress
SHP63135,TXN00097990,2024-06-02,2024-06-09,Delivered,Shadowfax
SHP65654,TXN00041953,2024-03-31,2024-04-08,Delivered,BlueDart
SHP77152,TXN00002181,2024-02-15,2024-02-21,Delivered,BlueDart
SHP49422,TXN00045008,2024-02-03,2024-02-08,Delivered,EcomExpress
SHP62480,TXN00030587,2024-04-23,2024-05-01,Delivered,Shadowfax
SHP75127,TXN00020757,2024-06-13,2024-06-19,Delivered,BlueDart
SHP39163,TXN00072750,2024-03-09,2024-03-19,Delivered,EcomExpress
SHP55102,TXN00017841,2024-01-04,2024-01-07,Delivered,Shadowfax
SHP77513,TXN00080168,2024-02-21,2024-02-28,Delivered,EcomExpress
SHP79591,TXN00095133,2024-02-02,2024-02-08,Delivered,BlueDart
SHP36608,TXN00095907,2024-06-07,2024-06-12,Delivered,BlueDart
SHP80588,TXN00040056,2024-05-19,2024-05-29,Delivered,BlueDart
SHP27250,TXN00022286,2024-05-26,2024-06-03,Delivered,BlueDart
SHP98783,TXN00093502,2024-03-21,2024-03-31,Delivered,BlueDart
SHP52971,TXN00041073,2024-04-08,2024-04-13,Delivered,BlueDart
SHP89420,TXN00042512,2024-03-30,2024-03-31,Delivered,BlueDart
SHP36254,TXN00009038,2024-05-07,2024-05-10,Delivered,Shadowfax
SHP27695,TXN00094949,2024-05-04,2024-05-06,Delivered,BlueDart
SHP11345,TXN00053322,2024-04-15,2024-04-23,Delivered,EcomExpress
SHP96921,TXN00040042,2024-04-23,2024-04-30,Delivered,Delhivery
SHP89430,TXN00007074,2024-03-31,2024-04-10,Delivered,BlueDart
SHP39561,TXN00046491,2024-05-13,2024-05-23,Delivered,Shadowfax
SHP28399,TXN00077944,2024-04-16,2024-04-20,Delivered,Shadowfax
SHP15612,TXN00017340,2024-05-06,2024-05-13,Delivered,BlueDart
SHP71122,TXN00026247,2024-04-29,2024-05-02,Delivered,Shadowfax
SHP54977,TXN00004991,2024-04-10,2024-04-11,Delivered,EcomExpress
SHP88263,TXN00091480,2024-03-18,2024-03-27,Delivered,EcomExpress
SHP66680,TXN00024330,2024-03-08,2024-03-13,Delivered,BlueDart
SHP23196,TXN00097260,2024-03-01,2024-03-03,Delivered,Delhivery
SHP53407,TXN00038920,2024-03-12,2024-03-20,Delivered,EcomExpress
SHP82977,TXN00067018,2024-02-24,2024-02-25,Delivered,Delhivery
SHP83857,TXN00040019,2024-05-24,2024-05-26,Delivered,Shadowfax
SHP16382,TXN00076356,2024-03-10,2024-03-14,Delivered,Shadowfax
SHP19659,TXN00079753,2024-06-01,2024-06-09,Delivered,EcomExpress
SHP59927,TXN00015362,2024-01-30,2024-02-01,Delivered,Shadowfax
SHP68906,TXN00019598,2024-05-05,2024-05-10,Delivered,Delhivery
SHP12395,TXN00031538,2024-02-22,2024-03-02,Delivered,BlueDart
SHP56452,TXN00011677,2024-04-14,2024-04-23,Delivered,BlueDart
SHP46084,TXN00013239,2024-06-24,2024-07-03,Delivered,Delhivery
SHP53267,TXN00075795,2024-06-12,2024-06-19,Delivered,Delhivery
SHP18645,TXN00076920,2024-02-07,2024-02-14,Delivered,Delhivery
SHP45356,TXN00092961,2024-03-19,2024-03-26,Delivered,BlueDart
SHP35992,TXN00037710,2024-05-31,2024-06-05,Delivered,BlueDart
SHP91082,TXN00004257,2024-03-27,2024-03-29,Delivered,Delhivery
SHP23026,TXN00016682,2024-01-19,2024-01-24,Delivered,EcomExpress
SHP50079,TXN00081221,2024-03-19,2024-03-22,Delivered,EcomExpress
SHP64163,TXN00090080,2024-04-09,2024-04-11,Delivered,BlueDart
SHP69769,TXN00055523,2024-04-17,2024-04-19,Delivered,Shadowfax
SHP11313,TXN00021799,2024-03-24,2024-03-25,Delivered,EcomExpress
SHP43833,TXN00041976,2024-02-10,2024-02-14,Delivered,EcomExpress
SHP99577,TXN00042427,2024-05-13,2024-05-19,Delivered,Delhivery
SHP36212,TXN00059689,2024-04-16,2024-04-24,Delivered,Delhivery
SHP90120,TXN00030527,2024-03-21,2024-03-27,Delivered,EcomExpress
SHP77751,TXN00093185,2024-05-12,2024-05-17,Delivered,EcomExpress
SHP98857,TXN00065804,2024-04-15,2024-04-19,Delivered,Delhivery
SHP25290,TXN00080682,2024-01-11,2024-01-19,Delivered,EcomExpress
SHP73040,TXN00031717,2024-03-05,2024-03-11,Delivered,EcomExpress
SHP19033,TXN00041816,2024-06-23,2024-06-29,Delivered,Delhivery
SHP36595,TXN00017858,2024-03-23,2024-04-02,Delivered,Shadowfax
SHP35150,TXN00051030,2024-03-18,2024-03-27,Delivered,Shadowfax
SHP88368,TXN00046308,2024-01-10,2024-01-14,Delivered,Delhivery
SHP98349,TXN00059432,2024-01-06,2024-01-09,Delivered,Shadowfax
SHP66423,TXN00063406,2024-03-30,2024-04-03,Delivered,EcomExpress
SHP70801,TXN00059810,2024-01-08,2024-01-16,Delivered,Delhivery
SHP21643,TXN00061859,2024-03-23,2024-04-01,Delivered,EcomExpress
SHP55033,TXN00002606,2024-01-12,2024-01-14,Delivered,BlueDart
SHP82631,TXN00072547,2024-06-30,2024-07-10,Delivered,EcomExpress
SHP52331,TXN00005203,2024-05-04,2024-05-08,Delivered,Shadowfax
SHP68347,TXN00046034,2024-06-24,2024-06-26,Delivered,BlueDart
SHP23939,TXN00020932,2024-04-16,2024-04-18,Delivered,Delhivery
SHP16463,TXN00096953,2024-01-27,2024-02-06,Delivered,Shadowfax
SHP67184,TXN00063484,2024-04-24,2024-05-02,Delivered,Delhivery
SHP80489,TXN00001781,2024-06-11,2024-06-16,Delivered,Shadowfax
SHP48377,TXN00034032,2024-03-01,2024-03-07,Delivered,EcomExpress
SHP99029,TXN00065441,2024-06-10,2024-06-18,Delivered,EcomExpress
SHP92676,TXN00048023,2024-01-12,2024-01-22,Delivered,EcomExpress
SHP32356,TXN00088922,2024-03-28,2024-04-04,Delivered,BlueDart
SHP49873,TXN00023233,2024-03-19,2024-03-28,Delivered,EcomExpress
SHP37266,TXN00065403,2024-03-21,2024-03-26,Delivered,EcomExpress
SHP55106,TXN00006460,2024-02-26,2024-03-06,Delivered,Delhivery
SHP19406,TXN00030516,2024-04-07,2024-04-17,Delivered,EcomExpress
SHP22509,TXN00023940,2024-05-20,2024-05-28,Delivered,BlueDart
SHP54608,TXN00081209,2024-05-25,2024-05-27,Delivered,BlueDart
SHP10282,TXN00019708,2024-01-18,2024-01-28,Delivered,Shadowfax
SHP51135,TXN00064035,2024-01-13,2024-01-15,Delivered,Shadowfax
SHP64522,TXN00093306,2024-02-02,2024-02-03,Delivered,Shadowfax
SHP99582,TXN00009106,2024-02-01,2024-02-08,Delivered,Delhivery
SHP50320,TXN00046243,2024-03-17,2024-03-19,Delivered,EcomExpress
SHP59840,TXN00059646,2024-03-03,2024-03-09,Delivered,Delhivery
SHP79616,TXN00049766,2024-04-22,2024-05-01,Delivered,EcomExpress
SHP26675,TXN00047224,2024-03-02,2024-03-07,Delivered,Delhivery
SHP37109,TXN00023993,2024-06-24,2024-06-29,Delivered,EcomExpress
SHP82046,TXN00054271,2024-04-09,2024-04-19,Delivered,Shadowfax
SHP56240,TXN00096287,2024-06-28,2024-07-02,Delivered,Shadowfax
SHP76080,TXN00031695,2024-03-29,2024-04-05,Delivered,Delhivery
SHP13376,TXN00076231,2024-02-04,2024-02-13,Delivered,Delhivery
SHP55841,TXN00023501,2024-06-17,2024-06-18,Delivered,Delhivery
SHP85601,TXN00041082,2024-04-15,2024-04-17,Delivered,BlueDart
SHP96001,TXN00027719,2024-01-26,2024-02-04,Delivered,EcomExpress
SHP12498,TXN00047535,2024-03-31,2024-04-10,Delivered,EcomExpress
SHP25644,TXN00097632,2024-01-05,2024-01-15,Delivered,EcomExpress
SHP73685,TXN00037448,2024-04-09,2024-04-14,Delivered,EcomExpress
SHP66645,TXN00040723,2024-04-10,2024-04-20,Delivered,EcomExpress
SHP91546,TXN00071902,2024-03-29,2024-04-04,Delivered,EcomExpress
SHP99528,TXN00014812,2024-03-31,2024-04-06,Delivered,EcomExpress
SHP19679,TXN00068286,2024-06-04,2024-06-06,Delivered,BlueDart
SHP94645,TXN00088386,2024-07-01,2024-07-05,Delivered,Delhivery
SHP30015,TXN00065270,2024-02-21,2024-02-23,Delivered,Delhivery
SHP63993,TXN00060781,2024-04-15,2024-04-23,Delivered,BlueDart
SHP65094,TXN00005100,2024-03-27,2024-03-30,Delivered,Shadowfax
SHP89375,TXN00003401,2024-01-22,2024-01-30,Delivered,Delhivery
SHP33348,TXN00025493,2024-03-25,2024-03-28,Delivered,Shadowfax
SHP44149,TXN00037282,2024-03-17,2024-03-25,Delivered,BlueDart
SHP94020,TXN00032770,2024-04-28,2024-05-03,Delivered,Delhivery
SHP83502,TXN00088863,2024-04-10,2024-04-15,Delivered,Delhivery
SHP52241,TXN00087054,2024-03-06,2024-03-14,Delivered,BlueDart
SHP44002,TXN00088438,2024-06-28,2024-07-07,Delivered,BlueDart
SHP94155,TXN00078171,2024-05-18,2024-05-24,Delivered,Shadowfax
SHP78143,TXN00092222,2024-02-27,2024-03-01,Delivered,EcomExpress
SHP13078,TXN00041356,2024-03-21,2024-03-23,Delivered,Shadowfax
SHP61596,TXN00074758,2024-02-25,2024-03-06,Delivered,EcomExpress
SHP23172,TXN00017166,2024-04-23,2024-04-27,Delivered,EcomExpress
SHP75356,TXN00022116,2024-06-10,2024-06-19,Delivered,BlueDart
SHP90719,TXN00093337,2024-01-30,2024-02-05,Delivered,Shadowfax
SHP45925,TXN00075217,2024-03-31,2024-04-06,Delivered,Delhivery
SHP96034,TXN00068554,2024-04-03,2024-04-09,Delivered,Shadowfax
SHP91694,TXN00069557,2024-01-30,2024-02-06,Delivered,EcomExpress
SHP99061,TXN00070205,2024-03-11,2024-03-18,Delivered,Delhivery
SHP63855,TXN00054019,2024-06-24,2024-07-03,Delivered,Shadowfax
SHP94009,TXN00065135,2024-01-13,2024-01-20,Delivered,Shadowfax
SHP11673,TXN00084291,2024-03-16,2024-03-22,Delivered,Shadowfax
SHP72803,TXN00009939,2024-05-10,2024-05-13,Delivered,Shadowfax
SHP27814,TXN00028219,2024-03-25,2024-03-26,Delivered,EcomExpress
SHP37272,TXN00069529,2024-06-01,2024-06-11,Delivered,BlueDart
SHP48821,TXN00035658,2024-01-02,2024-01-06,Delivered,EcomExpress
SHP46694,TXN00079479,2024-03-15,2024-03-20,Delivered,BlueDart
SHP93347,TXN00015088,2024-04-12,2024-04-14,Delivered,Delhivery
SHP90320,TXN00010817,2024-04-30,2024-05-08,Delivered,BlueDart
SHP23606,TXN00065483,2024-01-23,2024-01-27,Delivered,BlueDart
SHP78143,TXN00014101,2024-05-07,2024-05-13,Delivered,Shadowfax
SHP19353,TXN00065035,2024-03-15,2024-03-17,Delivered,BlueDart
SHP90081,TXN00074937,2024-04-06,2024-04-11,Delivered,BlueDart
SHP42217,TXN00041427,2024-02-05,2024-02-15,Delivered,BlueDart
SHP65566,TXN00017864,2024-05-19,2024-05-20,Delivered,Delhivery
SHP50141,TXN00082487,2024-04-12,2024-04-21,Delivered,BlueDart
SHP57920,TXN00049257,2024-05-02,2024-05-06,Delivered,Delhivery
SHP39672,TXN00058468,2024-01-29,2024-02-01,Delivered,Shadowfax
SHP60023,TXN00050248,2024-04-27,2024-04-30,Delivered,EcomExpress
SHP92192,TXN00022803,2024-04-27,2024-05-02,Delivered,EcomExpress
SHP88727,TXN00011613,2024-06-25,2024-07-05,Delivered,EcomExpress
SHP14460,TXN00012947,2024-02-16,2024-02-18,Delivered,BlueDart
SHP97750,TXN00025784,2024-01-05,2024-01-07,Delivered,BlueDart
SHP53049,TXN00004904,2024-06-16,2024-06-26,Delivered,Delhivery
SHP71504,TXN00011982,2024-04-06,2024-04-14,Delivered,Shadowfax
SHP49361,TXN00033023,2024-02-15,2024-02-20,Delivered,EcomExpress
SHP40964,TXN00004081,2024-02-19,2024-02-29,Delivered,Delhivery
SHP50974,TXN00085141,2024-03-11,2024-03-21,Delivered,BlueDart
SHP99013,TXN00013466,2024-04-05,2024-04-07,Delivered,Shadowfax
SHP35995,TXN00079323,2024-03-31,2024-04-02,Delivered,Delhivery
SHP12352,TXN00008573,2024-02-27,2024-03-07,Delivered,Delhivery
SHP63280,TXN00031183,2024-03-23,2024-03-27,Delivered,EcomExpress
SHP23371,TXN00028496,2024-02-18,2024-02-19,Delivered,Shadowfax
SHP65046,TXN00074527,2024-04-11,2024-04-17,Delivered,Shadowfax
SHP38258,TXN00013741,2024-01-19,2024-01-27,Delivered,BlueDart
SHP14643,TXN00018581,2024-04-30,2024-05-06,Delivered,Shadowfax
SHP24192,TXN00023344,2024-05-18,2024-05-28,Delivered,EcomExpress
SHP88836,TXN00060581,2024-01-16,2024-01-22,Delivered,EcomExpress
SHP90534,TXN00002439,2024-02-03,2024-02-07,Delivered,EcomExpress
SHP96869,TXN00046538,2024-03-21,2024-03-29,Delivered,Delhivery
SHP51533,TXN00089994,2024-04-25,2024-04-26,Delivered,Shadowfax
SHP31593,TXN00058207,2024-06-11,2024-06-15,Delivered,BlueDart
SHP43238,TXN00061415,2024-03-29,2024-04-07,Delivered,BlueDart
SHP32288,TXN00080435,2024-03-30,2024-04-05,Delivered,Delhivery
SHP97868,TXN00025286,2024-04-30,2024-05-03,Delivered,Shadowfax
SHP32061,TXN00065086,2024-03-04,2024-03-11,Delivered,BlueDart
SHP80310,TXN00060277,2024-04-09,2024-04-11,Delivered,BlueDart
SHP79569,TXN00023351,2024-04-08,2024-04-13,Delivered,EcomExpress
SHP11167,TXN00072191,2024-02-22,2024-02-25,Delivered,EcomExpress
SHP72471,TXN00068117,2024-03-09,2024-03-19,Delivered,BlueDart
SHP10254,TXN00066582,2024-05-23,2024-05-27,Delivered,Shadowfax
SHP57931,TXN00069241,2024-04-06,2024-04-12,Delivered,EcomExpress
SHP36189,TXN00060664,2024-03-31,2024-04-03,Delivered,BlueDart
SHP18139,TXN00014751,2024-02-12,2024-02-20,Delivered,Delhivery
SHP74540,TXN00054330,2024-01-07,2024-01-09,Delivered,BlueDart
SHP79234,TXN00072841,2024-06-10,2024-06-16,Delivered,EcomExpress
SHP16445,TXN00001470,2024-04-09,2024-04-17,Delivered,EcomExpress
SHP91881,TXN00098440,2024-05-06,2024-05-08,Delivered,BlueDart
SHP99477,TXN00023301,2024-02-29,2024-03-07,Delivered,Shadowfax
SHP58941,TXN00093947,2024-03-31,2024-04-01,Delivered,Shadowfax
SHP65596,TXN00023892,2024-04-23,2024-05-01,Delivered,Delhivery
SHP53578,TXN00005357,2024-06-27,2024-07-06,Delivered,Shadowfax
SHP18136,TXN00015931,2024-03-10,2024-03-15,Delivered,BlueDart
SHP45305,TXN00071496,2024-06-24,2024-06-30,Delivered,EcomExpress
SHP95793,TXN00080067,2024-01-09,2024-01-10,Delivered,EcomExpress
SHP43919,TXN00001397,2024-02-23,2024-02-29,Delivered,EcomExpress
SHP29905,TXN00073952,2024-02-06,2024-02-12,Delivered,Shadowfax
SHP83688,TXN00066186,2024-04-03,2024-04-05,Delivered,Delhivery
SHP10131,TXN00007669,2024-03-13,2024-03-18,Delivered,BlueDart
SHP14508,TXN00070600,2024-04-19,2024-04-24,Delivered,Delhivery
SHP31950,TXN00007613,2024-03-22,2024-03-23,Delivered,EcomExpress
SHP68038,TXN00012327,2024-01-25,2024-02-02,Delivered,EcomExpress
SHP55676,TXN00046495,2024-06-04,2024-06-10,Delivered,BlueDart
SHP10165,TXN00090505,2024-05-28,2024-06-03,Delivered,Delhivery
SHP26202,TXN00014570,2024-02-09,2024-02-18,Delivered,EcomExpress
SHP13206,TXN00048703,2024-03-02,2024-03-07,Delivered,BlueDart
SHP31579,TXN00039867,2024-03-25,2024-03-31,Delivered,Shadowfax
SHP75375,TXN00015109,2024-02-02,2024-02-08,Delivered,Shadowfax
SHP24969,TXN00096357,2024-05-06,2024-05-13,Delivered,Shadowfax
SHP99369,TXN00004202,2024-01-28,2024-02-07,Delivered,Delhivery
SHP64679,TXN00053222,2024-03-31,2024-04-04,Delivered,Shadowfax
SHP27269,TXN00027222,2024-04-15,2024-04-24,Delivered,Shadowfax
SHP62762,TXN00042026,2024-03-21,2024-03-26,Delivered,Delhivery
SHP10169,TXN00011184,2024-04-24,2024-05-01,Delivered,Delhivery
SHP24044,TXN00089091,2024-06-29,2024-07-07,Delivered,Shadowfax
SHP66755,TXN00029323,2024-06-30,2024-07-09,Delivered,Shadowfax
SHP94779,TXN00099854,2024-03-22,2024-03-26,Delivered,BlueDart
SHP58501,TXN00095399,2024-04-11,2024-04-16,Delivered,Delhivery
SHP82691,TXN00023657,2024-03-21,2024-03-22,Delivered,Shadowfax
SHP17621,TXN00018546,2024-03-28,2024-03-31,Delivered,Shadowfax
SHP10981,TXN00063329,2024-03-04,2024-03-14,Delivered,BlueDart
SHP42216,TXN00019161,2024-03-27,2024-03-29,Delivered,Shadowfax
SHP37838,TXN00000017,2024-04-04,2024-04-14,Delivered,BlueDart
SHP33146,TXN00075809,2024-03-27,2024-03-31,Delivered,BlueDart
SHP47410,TXN00098545,2024-05-19,2024-05-28,Delivered,BlueDart
SHP52517,TXN00078507,2024-04-07,2024-04-11,Delivered,BlueDart
SHP50755,TXN00096374,2024-05-26,2024-05-31,Delivered,BlueDart
SHP81854,TXN00020367,2024-04-01,2024-04-06,Delivered,Shadowfax
SHP32724,TXN00064108,2024-03-29,2024-04-06,Delivered,EcomExpress
SHP48835,TXN00009257,2024-02-06,2024-02-11,Delivered,EcomExpress
SHP98457,TXN00024981,2024-03-02,2024-03-09,Delivered,Shadowfax
SHP49788,TXN00029375,2024-03-03,2024-03-09,Delivered,Shadowfax
SHP52680,TXN00071365,2024-02-24,2024-03-04,Delivered,EcomExpress
SHP93128,TXN00021420,2024-05-19,2024-05-20,Delivered,Delhivery
SHP30520,TXN00068792,2024-05-16,2024-05-18,Delivered,Shadowfax
SHP55568,TXN00050266,2024-01-16,2024-01-19,Delivered,Delhivery
SHP40310,TXN00049647,2024-06-19,2024-06-27,Delivered,EcomExpress
SHP22907,TXN00092416,2024-03-09,2024-03-11,Delivered,BlueDart
SHP20089,TXN00086143,2024-04-27,2024-04-28,Delivered,EcomExpress
SHP73491,TXN00045138,2024-04-01,2024-04-09,Delivered,Shadowfax
SHP90708,TXN00014018,2024-06-24,2024-07-02,Delivered,Shadowfax
SHP93886,TXN00004418,2024-03-12,2024-03-19,Delivered,BlueDart
SHP26690,TXN00083079,2024-04-01,2024-04-05,Delivered,BlueDart
SHP83627,TXN00045785,2024-04-15,2024-04-18,Delivered,BlueDart
SHP73428,TXN00053542,2024-05-18,2024-05-28,Delivered,Shadowfax
SHP32121,TXN00021721,2024-03-11,2024-03-13,Delivered,EcomExpress
SHP45676,TXN00001399,2025-05-01,2025-05-10,Delivered,EcomExpress
SHP92967,TXN00018512,2024-06-11,2024-06-20,Delivered,EcomExpress
SHP36929,TXN00094667,2024-05-06,2024-05-07,Delivered,Shadowfax
SHP88380,TXN00058077,2024-03-21,2024-03-23,Delivered,EcomExpress
SHP96147,TXN00046668,2024-06-20,2024-06-22,Delivered,BlueDart
SHP72276,TXN00027542,2024-03-29,2024-04-02,Delivered,Shadowfax
SHP41179,TXN00098970,2024-02-06,2024-02-16,Delivered,BlueDart
SHP56028,TXN00041001,2024-05-19,2024-05-24,Delivered,EcomExpress
SHP35820,TXN00037317,2024-01-29,2024-01-31,Delivered,Delhivery
SHP18452,TXN00025874,2024-05-06,2024-05-12,Delivered,BlueDart
SHP82719,TXN00081631,2024-05-23,2024-05-29,Delivered,Shadowfax
SHP72565,TXN00068340,2024-03-20,2024-03-23,Delivered,EcomExpress
SHP68135,TXN00013987,2024-03-01,2024-03-09,Delivered,Shadowfax
SHP92023,TXN00038488,2024-04-22,2024-04-29,Delivered,BlueDart
SHP27489,TXN00003518,2024-01-16,2024-01-25,Delivered,EcomExpress
SHP10178,TXN00003626,2024-01-02,2024-01-03,Delivered,Shadowfax
SHP17969,TXN00025011,2024-04-02,2024-04-10,Delivered,Delhivery
SHP45350,TXN00069686,2024-05-20,2024-05-29,Delivered,Shadowfax
SHP10628,TXN00007355,2024-05-12,2024-05-20,Delivered,BlueDart
SHP13197,TXN00062597,2024-06-02,2024-06-12,Delivered,Delhivery
SHP53577,TXN00091196,2024-02-18,2024-02-27,Delivered,Shadowfax
SHP55917,TXN00090865,2024-02-13,2024-02-21,Delivered,Delhivery
SHP10659,TXN00085213,2024-03-28,2024-04-05,Delivered,Delhivery
SHP44004,TXN00017859,2024-04-07,2024-04-16,Delivered,BlueDart
SHP15809,TXN00048298,2024-03-09,2024-03-11,Delivered,Shadowfax
SHP95671,TXN00032962,2024-05-13,2024-05-23,Delivered,BlueDart
SHP24042,TXN00088809,2024-03-25,2024-03-26,Delivered,EcomExpress
SHP73041,TXN00095156,2024-02-26,2024-03-02,Delivered,EcomExpress
SHP41665,TXN00008186,2024-02-21,2024-02-27,Delivered,Delhivery
SHP39289,TXN00049975,2024-04-06,2024-04-14,Delivered,Delhivery
SHP57704,TXN00039740,2024-03-10,2024-03-16,Delivered,BlueDart
SHP66171,TXN00026730,2024-04-11,2024-04-12,Delivered,Delhivery
SHP99326,TXN00068059,2024-03-26,2024-03-27,Delivered,Shadowfax
SHP43889,TXN00000746,2024-03-21,2024-03-29,Delivered,BlueDart
SHP91401,TXN00038324,2024-03-29,2024-04-07,Delivered,BlueDart
SHP50600,TXN00057395,2024-03-29,2024-04-05,Delivered,Delhivery
SHP25781,TXN00034178,2024-01-18,2024-01-26,Delivered,EcomExpress
SHP98839,TXN00014883,2024-03-28,2024-04-05,Delivered,EcomExpress
SHP81272,TXN00008851,2024-03-28,2024-04-04,Delivered,BlueDart
SHP79116,TXN00050786,2024-03-04,2024-03-10,Delivered,EcomExpress
SHP76119,TXN00047200,2024-02-10,2024-02-18,Delivered,BlueDart
SHP25772,TXN00071248,2024-06-17,2024-06-20,Delivered,Shadowfax
SHP93130,TXN00050421,2024-04-12,2024-04-14,Delivered,Delhivery
SHP79685,TXN00005883,2024-07-01,2024-07-10,Delivered,Shadowfax
SHP18734,TXN00012467,2024-01-30,2024-02-04,Delivered,Shadowfax
SHP28986,TXN00032343,2024-03-13,2024-03-17,Delivered,Shadowfax
SHP88941,TXN00037846,2024-04-07,2024-04-12,Delivered,BlueDart
SHP35480,TXN00099967,2024-03-13,2024-03-23,Delivered,EcomExpress
SHP77400,TXN00092505,2024-05-27,2024-06-01,Delivered,Delhivery
SHP69421,TXN00013359,2024-03-04,2024-03-12,Delivered,EcomExpress
SHP13692,TXN00043752,2024-03-03,2024-03-11,Delivered,Shadowfax
SHP55365,TXN00005953,2024-04-14,2024-04-23,Delivered,Shadowfax
SHP18823,TXN00085308,2024-02-08,2024-02-10,Delivered,Shadowfax
SHP89471,TXN00024846,2024-06-02,2024-06-06,Delivered,Shadowfax
SHP41310,TXN00015653,2024-02-21,2024-02-27,Delivered,Delhivery
SHP24699,TXN00081050,2024-03-25,2024-03-30,Delivered,Delhivery
SHP79551,TXN00036540,2024-02-04,2024-02-09,Delivered,Shadowfax
SHP65053,TXN00011737,2024-04-18,2024-04-22,Delivered,EcomExpress
SHP55754,TXN00052070,2024-04-13,2024-04-17,Delivered,EcomExpress
SHP61222,TXN00073212,2024-04-06,2024-04-10,Delivered,EcomExpress
SHP34873,TXN00080765,2024-02-16,2024-02-22,Delivered,Shadowfax
SHP48710,TXN00090894,2024-04-07,2024-04-16,Delivered,EcomExpress
SHP30876,TXN00012852,2024-06-06,2024-06-15,Delivered,EcomExpress
SHP49042,TXN00046127,2024-07-01,2024-07-03,Delivered,Shadowfax
SHP88703,TXN00024176,2024-04-12,2024-04-13,Delivered,Shadowfax
SHP18193,TXN00047080,2024-05-24,2024-05-30,Delivered,BlueDart
SHP38500,TXN00090984,2024-02-23,2024-03-01,Delivered,BlueDart
SHP64706,TXN00016956,2024-02-05,2024-02-08,Delivered,BlueDart
SHP57098,TXN00011656,2024-06-21,2024-06-27,Delivered,BlueDart
SHP41949,TXN00035692,2024-04-16,2024-04-24,Delivered,EcomExpress
SHP38630,TXN00011942,2024-02-21,2024-02-27,Delivered,BlueDart
SHP12784,TXN00061798,2024-02-12,2024-02-21,Delivered,Shadowfax
SHP33686,TXN00005738,2024-01-10,2024-01-18,Delivered,BlueDart
SHP80602,TXN00008015,2024-05-15,2024-05-24,Delivered,Delhivery
SHP72468,TXN00059330,2024-05-19,2024-05-20,Delivered,Delhivery
SHP17051,TXN00042902,2024-03-29,2024-04-04,Delivered,Shadowfax
SHP97487,TXN00043089,2024-01-27,2024-02-05,Delivered,EcomExpress
SHP29852,TXN00099998,2024-03-31,2024-04-06,Delivered,EcomExpress
SHP84302,TXN00076383,2024-03-27,2024-03-29,Delivered,BlueDart
SHP12814,TXN00044416,2024-05-22,2024-05-30,Delivered,BlueDart
SHP53197,TXN00060155,2024-03-31,2024-04-07,Delivered,Delhivery
SHP27931,TXN00072066,2024-01-09,2024-01-11,Delivered,BlueDart
SHP77993,TXN00062394,2024-04-11,2024-04-17,Delivered,EcomExpress
SHP49634,TXN00098393,2024-06-24,2024-06-25,Delivered,Delhivery
SHP63894,TXN00005863,2024-03-24,2024-04-03,Delivered,Shadowfax
SHP98464,TXN00009354,2024-01-18,2024-01-24,Delivered,Delhivery
SHP66213,TXN00028693,2024-03-21,2024-03-26,Delivered,EcomExpress
SHP86399,TXN00035826,2024-02-27,2024-02-29,Delivered,Shadowfax
SHP33581,TXN00067132,2024-06-02,2024-06-08,Delivered,Delhivery
SHP52266,TXN00009860,2024-05-31,2024-06-08,Delivered,EcomExpress
SHP24080,TXN00018274,2024-04-27,2024-05-03,Delivered,Shadowfax
SHP19618,TXN00040841,2024-01-09,2024-01-11,Delivered,Delhivery
SHP10632,TXN00002661,2024-06-07,2024-06-17,Delivered,BlueDart
SHP73925,TXN00096172,2024-04-06,2024-04-10,Delivered,EcomExpress
SHP94435,TXN00090525,2024-02-25,2024-02-29,Delivered,Delhivery
SHP87323,TXN00012400,2024-05-09,2024-05-14,Delivered,BlueDart
SHP53178,TXN00025468,2024-05-13,2024-05-16,Delivered,BlueDart
SHP30656,TXN00034132,2024-01-22,2024-01-26,Delivered,Shadowfax
SHP88634,TXN00019953,2024-04-14,2024-04-23,Delivered,BlueDart
SHP79216,TXN00075954,2024-03-23,2024-04-01,Delivered,Delhivery
SHP52447,TXN00044777,2024-04-10,2024-04-12,Delivered,EcomExpress
SHP59447,TXN00043961,2024-05-10,2024-05-17,Delivered,Delhivery
SHP92039,TXN00027272,2024-06-30,2024-07-04,Delivered,EcomExpress
SHP56359,TXN00022430,2024-04-06,2024-04-08,Delivered,Delhivery
SHP99979,TXN00088120,2024-05-31,2024-06-02,Delivered,BlueDart
SHP63218,TXN00045363,2024-03-27,2024-04-04,Delivered,EcomExpress
SHP22729,TXN00054660,2024-04-13,2024-04-17,Delivered,BlueDart
SHP13817,TXN00046132,2024-06-29,2024-07-06,Delivered,BlueDart
SHP75419,TXN00096152,2024-01-18,2024-01-22,Delivered,EcomExpress
SHP78060,TXN00071831,2024-06-12,2024-06-21,Delivered,EcomExpress
SHP25770,TXN00098171,2024-01-26,2024-01-30,Delivered,BlueDart
SHP74018,TXN00038759,2024-04-18,2024-04-21,Delivered,Shadowfax
SHP38686,TXN00089968,2024-06-23,2024-06-29,Delivered,BlueDart
SHP73185,TXN00051889,2024-04-30,2024-05-02,Delivered,Shadowfax
SHP25872,TXN00082059,2024-01-08,2024-01-15,Delivered,Delhivery
SHP42446,TXN00045343,2024-04-09,2024-04-11,Delivered,Shadowfax
SHP66178,TXN00022839,2024-01-22,2024-02-01,Delivered,EcomExpress
SHP13923,TXN00084108,2024-03-28,2024-03-31,Delivered,BlueDart
SHP97518,TXN00043625,2024-04-10,2024-04-18,Delivered,Delhivery
SHP10101,TXN00067875,2024-05-03,2024-05-08,Delivered,BlueDart
SHP20464,TXN00025817,2024-02-02,2024-02-09,Delivered,Delhivery
SHP73658,TXN00034028,2024-05-01,2024-05-08,Delivered,EcomExpress
SHP93010,TXN00007950,2024-06-21,2024-06-23,Delivered,Delhivery
SHP62772,TXN00026641,2024-04-13,2024-04-19,Delivered,BlueDart
SHP11946,TXN00069069,2024-05-12,2024-05-18,Delivered,Shadowfax
SHP88699,TXN00067619,2024-06-15,2024-06-20,Delivered,Shadowfax
SHP19831,TXN00053740,2024-06-14,2024-06-18,Delivered,Delhivery
SHP89575,TXN00052234,2024-03-07,2024-03-10,Delivered,BlueDart
SHP49098,TXN00038098,2024-05-18,2024-05-20,Delivered,Delhivery
SHP60358,TXN00013433,2024-04-03,2024-04-04,Delivered,Delhivery
SHP34874,TXN00021905,2024-04-20,2024-04-25,Delivered,EcomExpress
SHP76668,TXN00042818,2024-02-03,2024-02-09,Delivered,EcomExpress
SHP61428,TXN00085788,2024-05-09,2024-05-14,Delivered,EcomExpress
SHP35543,TXN00072427,2024-03-06,2024-03-11,Delivered,Shadowfax
SHP86082,TXN00094661,2024-03-22,2024-03-30,Delivered,BlueDart
SHP71303,TXN00039370,2024-06-15,2024-06-19,Delivered,EcomExpress
SHP89641,TXN00044393,2024-04-06,2024-04-16,Delivered,Shadowfax
SHP74673,TXN00081092,2024-06-20,2024-06-27,Delivered,Shadowfax
SHP70746,TXN00074829,2024-02-11,2024-02-18,Delivered,Delhivery
SHP59953,TXN00093464,2024-01-12,2024-01-22,Delivered,EcomExpress
SHP24672,TXN00024215,2024-04-10,2024-04-18,Delivered,EcomExpress
SHP59184,TXN00093835,2024-02-29,2024-03-06,Delivered,Shadowfax
SHP29120,TXN00058049,2024-01-14,2024-01-17,Delivered,EcomExpress
SHP59336,TXN00001050,2024-06-05,2024-06-13,Delivered,Delhivery
SHP60894,TXN00061783,2024-04-19,2024-04-21,Delivered,Shadowfax
SHP36042,TXN00099050,2024-05-12,2024-05-13,Delivered,EcomExpress
SHP64427,TXN00042486,2024-06-24,2024-07-01,Delivered,Shadowfax
SHP39700,TXN00013983,2024-03-02,2024-03-04,Delivered,Delhivery
SHP25300,TXN00053133,2024-01-23,2024-01-27,Delivered,BlueDart
SHP92901,TXN00003434,2024-05-01,2024-05-05,Delivered,BlueDart
SHP34445,TXN00023786,2024-04-22,2024-04-24,Delivered,BlueDart
SHP41959,TXN00078930,2024-06-23,2024-06-26,Delivered,BlueDart
SHP87691,TXN00087304,2024-04-11,2024-04-18,Delivered,Delhivery
SHP10620,TXN00064501,2024-04-06,2024-04-16,Delivered,BlueDart
SHP10173,TXN00093272,2024-04-11,2024-04-12,Delivered,Delhivery
SHP77846,TXN00062474,2024-04-13,2024-04-17,Delivered,Shadowfax
SHP28565,TXN00059841,2024-05-08,2024-05-15,Delivered,Shadowfax
SHP27256,TXN00027422,2024-03-09,2024-03-14,Delivered,EcomExpress
SHP45223,TXN00082971,2024-02-27,2024-03-04,Delivered,EcomExpress
SHP57985,TXN00003313,2024-01-03,2024-01-08,Delivered,Delhivery
SHP83843,TXN00039484,2024-02-04,2024-02-08,Delivered,Shadowfax
SHP86274,TXN00041070,2024-07-01,2024-07-09,Delivered,Shadowfax
SHP96671,TXN00083844,2024-04-11,2024-04-16,Delivered,EcomExpress
SHP72455,TXN00071469,2024-02-17,2024-02-27,Delivered,Delhivery
SHP52714,TXN00068269,2024-03-05,2024-03-15,Delivered,BlueDart
SHP81661,TXN00050006,2024-01-24,2024-02-01,Delivered,Shadowfax
SHP91630,TXN00004541,2024-04-03,2024-04-07,Delivered,Shadowfax
SHP23452,TXN00084426,2024-04-09,2024-04-10,Delivered,BlueDart
SHP79282,TXN00064708,2024-04-21,2024-05-01,Delivered,Delhivery
SHP23051,TXN00036688,2024-03-01,2024-03-02,Delivered,EcomExpress
SHP37431,TXN00033455,2024-02-12,2024-02-18,Delivered,Delhivery
SHP28691,TXN00058236,2024-02-04,2024-02-06,Delivered,BlueDart
SHP27564,TXN00068478,2024-05-07,2024-05-11,Delivered,BlueDart
SHP93150,TXN00054331,2024-03-15,2024-03-19,Delivered,Delhivery
SHP76359,TXN00092863,2024-04-29,2024-05-05,Delivered,EcomExpress
SHP79088,TXN00013662,2024-04-14,2024-04-21,Delivered,BlueDart
SHP28042,TXN00056518,2024-04-01,2024-04-07,Delivered,Delhivery
SHP28489,TXN00030197,2024-05-04,2024-05-05,Delivered,EcomExpress
SHP49123,TXN00021496,2024-02-26,2024-02-28,Delivered,Delhivery
SHP23297,TXN00082457,2024-04-10,2024-04-14,Delivered,Delhivery
SHP57788,TXN00009309,2024-03-15,2024-03-16,Delivered,Delhivery
SHP48356,TXN00003983,2024-02-18,2024-02-25,Delivered,Delhivery
SHP20816,TXN00081075,2024-05-03,2024-05-06,Delivered,EcomExpress
SHP80789,TXN00002756,2024-03-28,2024-03-29,Delivered,BlueDart
SHP32482,TXN00008065,2024-01-05,2024-01-10,Delivered,BlueDart
SHP42827,TXN00015924,2024-01-05,2024-01-08,Delivered,EcomExpress
SHP85100,TXN00026708,2024-03-26,2024-03-29,Delivered,Shadowfax
SHP86803,TXN00056681,2024-02-02,2024-02-07,Delivered,Shadowfax
SHP72744,TXN00003459,2024-04-19,2024-04-23,Delivered,Shadowfax
SHP56399,TXN00064397,2024-06-02,2024-06-08,Delivered,Delhivery
SHP46219,TXN00036036,2024-04-02,2024-04-06,Delivered,Shadowfax
SHP96444,TXN00004505,2024-03-02,2024-03-06,Delivered,Delhivery
SHP52672,TXN00088778,2025-05-23,2025-05-26,Delivered,EcomExpress
SHP81272,TXN00039637,2024-04-27,2024-05-04,Delivered,Shadowfax
SHP43748,TXN00054903,2024-03-06,2024-03-12,Delivered,Shadowfax
SHP19584,TXN00099527,2024-03-04,2024-03-08,Delivered,BlueDart
SHP67600,TXN00092119,2024-03-30,2024-04-04,Delivered,Delhivery
SHP82243,TXN00054653,2024-06-10,2024-06-12,Delivered,Delhivery
SHP92662,TXN00033956,2024-02-05,2024-02-14,Delivered,EcomExpress
SHP64130,TXN00097544,2024-03-10,2024-03-16,Delivered,Delhivery
SHP59088,TXN00079760,2024-07-01,2024-07-05,Delivered,EcomExpress
SHP99735,TXN00006821,2024-04-03,2024-04-12,Delivered,BlueDart
SHP34148,TXN00000384,2024-05-07,2024-05-14,Delivered,Delhivery
SHP65419,TXN00050936,2024-03-27,2024-04-03,Delivered,Delhivery
SHP89990,TXN00060699,2024-04-07,2024-04-14,Delivered,Shadowfax
SHP58531,TXN00081561,2024-05-04,2024-05-11,Delivered,EcomExpress
SHP76840,TXN00019767,2024-01-23,2024-01-30,Delivered,BlueDart
SHP95142,TXN00066277,2024-04-25,2024-04-26,Delivered,EcomExpress
SHP56295,TXN00002997,2024-03-07,2024-03-12,Delivered,EcomExpress
SHP21559,TXN00026518,2024-06-13,2024-06-22,Delivered,BlueDart
SHP52481,TXN00079449,2024-06-20,2024-06-25,Delivered,Shadowfax
SHP15553,TXN00012016,2024-01-17,2024-01-22,Delivered,EcomExpress
SHP80634,TXN00022678,2024-04-24,2024-04-27,Delivered,EcomExpress
SHP17743,TXN00066514,2024-04-13,2024-04-18,Delivered,EcomExpress
SHP78026,TXN00018151,2024-06-10,2024-06-19,Delivered,Delhivery
SHP62224,TXN00065881,2024-04-12,2024-04-15,Delivered,BlueDart
SHP78582,TXN00095850,2024-01-21,2024-01-29,Delivered,Delhivery
SHP62537,TXN00074421,2024-03-30,2024-04-07,Delivered,BlueDart
SHP80760,TXN00069115,2024-01-27,2024-02-05,Delivered,Shadowfax
SHP42935,TXN00087891,2024-05-25,2024-05-31,Delivered,Shadowfax
SHP83609,TXN00052609,2024-02-14,2024-02-19,Delivered,BlueDart
SHP63637,TXN00031735,2024-05-27,2024-06-03,Delivered,BlueDart
SHP57706,TXN00026945,2024-02-04,2024-02-05,Delivered,Delhivery
SHP52535,TXN00045507,2024-02-20,2024-02-29,Delivered,BlueDart
SHP62046,TXN00075048,2024-04-09,2024-04-15,Delivered,EcomExpress
SHP42388,TXN00041720,2024-03-23,2024-03-25,Delivered,EcomExpress
SHP46357,TXN00049942,2024-03-19,2024-03-28,Delivered,BlueDart
SHP10986,TXN00079874,2024-04-15,2024-04-25,Delivered,Delhivery
SHP45084,TXN00094643,2024-04-20,2024-04-21,Delivered,Delhivery
SHP24114,TXN00093176,2024-02-11,2024-02-17,Delivered,EcomExpress
SHP91954,TXN00025957,2024-04-02,2024-04-08,Delivered,Delhivery
SHP78836,TXN00004438,2024-06-30,2024-07-08,Delivered,Delhivery
SHP98111,TXN00085211,2024-02-17,2024-02-18,Delivered,BlueDart
SHP31767,TXN00005234,2024-03-31,2024-04-08,Delivered,Shadowfax
SHP57378,TXN00061649,2024-06-21,2024-06-28,Delivered,Delhivery
SHP98633,TXN00092691,2024-04-07,2024-04-11,Delivered,Shadowfax
SHP57079,TXN00027401,2024-04-05,2024-04-12,Delivered,EcomExpress
SHP94561,TXN00014351,2024-03-27,2024-04-01,Delivered,EcomExpress
SHP93988,TXN00060995,2024-04-08,2024-04-11,Delivered,EcomExpress
SHP70969,TXN00091140,2024-01-22,2024-01-28,Delivered,EcomExpress
SHP89118,TXN00048556,2024-03-03,2024-03-07,Delivered,Delhivery
SHP38016,TXN00099995,2024-05-19,2024-05-25,Delivered,EcomExpress
SHP87917,TXN00029102,2024-06-03,2024-06-05,Delivered,BlueDart
SHP52699,TXN00028781,2024-05-31,2024-06-07,Delivered,Shadowfax
SHP87014,TXN00095734,2024-01-26,2024-01-31,Delivered,BlueDart
SHP89351,TXN00032210,2024-02-26,2024-03-05,Delivered,EcomExpress
SHP73844,TXN00023304,2024-04-23,2024-04-28,Delivered,EcomExpress
SHP35578,TXN00035425,2024-04-29,2024-05-06,Delivered,Delhivery
SHP75354,TXN00071011,2024-03-25,2024-03-28,Delivered,Delhivery
SHP66823,TXN00023311,2024-05-03,2024-05-12,Delivered,EcomExpress
SHP46655,TXN00054576,2024-01-29,2024-02-06,Delivered,EcomExpress
SHP30208,TXN00062408,2024-03-29,2024-04-02,Delivered,Shadowfax
SHP92263,TXN00092602,2024-03-24,2024-04-02,Delivered,Shadowfax
SHP83419,TXN00005032,2024-04-09,2024-04-15,Delivered,BlueDart
SHP12854,TXN00034660,2024-04-19,2024-04-29,Delivered,BlueDart
SHP80701,TXN00050563,2024-03-24,2024-04-02,Delivered,Shadowfax
SHP50051,TXN00058123,2024-04-15,2024-04-16,Delivered,Delhivery
SHP63249,TXN00009720,2024-05-14,2024-05-20,Delivered,Delhivery
SHP79240,TXN00077584,2024-01-15,2024-01-17,Delivered,Shadowfax
SHP97790,TXN00091549,2024-05-24,2024-06-02,Delivered,EcomExpress
SHP39230,TXN00073431,2024-04-08,2024-04-17,Delivered,EcomExpress
SHP65099,TXN00052045,2024-04-26,2024-05-03,Delivered,Shadowfax
SHP24267,TXN00019822,2024-06-19,2024-06-21,Delivered,Shadowfax
SHP83156,TXN00036706,2024-03-28,2024-04-06,Delivered,BlueDart
SHP75489,TXN00047956,2024-04-29,2024-05-09,Delivered,BlueDart
SHP48625,TXN00000135,2024-03-10,2024-03-12,Delivered,Delhivery
SHP31663,TXN00032698,2024-03-18,2024-03-20,Delivered,Shadowfax
SHP56814,TXN00088583,2024-01-23,2024-01-30,Delivered,EcomExpress
SHP69193,TXN00011153,2024-03-24,2024-03-25,Delivered,EcomExpress
SHP44309,TXN00024034,2024-01-12,2024-01-13,Delivered,Delhivery
SHP59456,TXN00096741,2024-06-27,2024-07-03,Delivered,Delhivery
SHP24727,TXN00077179,2024-02-23,2024-02-27,Delivered,Shadowfax
SHP81157,TXN00034643,2024-05-19,2024-05-28,Delivered,EcomExpress
SHP97118,TXN00069708,2024-03-26,2024-04-04,Delivered,Delhivery
SHP60505,TXN00010932,2024-02-14,2024-02-22,Delivered,BlueDart
SHP92617,TXN00051934,2024-06-09,2024-06-19,Delivered,Shadowfax
SHP38842,TXN00037200,2024-02-05,2024-02-06,Delivered,BlueDart
SHP80026,TXN00059698,2024-03-23,2024-03-27,Delivered,Shadowfax
SHP87729,TXN00020034,2024-01-17,2024-01-26,Delivered,Shadowfax
SHP56451,TXN00094114,2024-01-06,2024-01-12,Delivered,BlueDart
SHP20921,TXN00076869,2024-02-10,2024-02-11,Delivered,Delhivery
SHP43734,TXN00023024,2024-03-21,2024-03-27,Delivered,EcomExpress
SHP87834,TXN00000951,2024-04-22,2024-04-28,Delivered,BlueDart
SHP11214,TXN00072011,2024-04-08,2024-04-18,Delivered,Shadowfax
SHP24678,TXN00078312,2024-05-24,2024-05-25,Delivered,Shadowfax
SHP53931,TXN00009619,2024-02-11,2024-02-12,Delivered,BlueDart
SHP74329,TXN00040060,2024-03-07,2024-03-12,Delivered,Shadowfax
SHP57912,TXN00064598,2024-04-20,2024-04-21,Delivered,Delhivery
SHP23919,TXN00024217,2024-02-06,2024-02-13,Delivered,EcomExpress
SHP88350,TXN00049773,2024-03-21,2024-03-28,Delivered,Delhivery
SHP48291,TXN00095124,2024-02-13,2024-02-22,Delivered,Delhivery
SHP99362,TXN00073464,2024-03-04,2024-03-07,Delivered,Delhivery
SHP36041,TXN00041972,2024-02-09,2024-02-18,Delivered,BlueDart
SHP37192,TXN00058882,2024-03-25,2024-03-28,Delivered,Delhivery
SHP17787,TXN00035075,2024-01-19,2024-01-27,Delivered,Shadowfax
SHP92025,TXN00017046,2024-04-10,2024-04-12,Delivered,Delhivery
SHP88812,TXN00006279,2024-02-12,2024-02-21,Delivered,EcomExpress
SHP70544,TXN00067002,2024-04-18,2024-04-22,Delivered,Shadowfax
SHP40586,TXN00003516,2024-01-20,2024-01-30,Delivered,Shadowfax
SHP61900,TXN00059629,2024-03-27,2024-04-04,Delivered,BlueDart
SHP52925,TXN00053207,2024-03-22,2024-04-01,Delivered,Shadowfax
SHP63730,TXN00074464,2024-03-28,2024-03-30,Delivered,Shadowfax
SHP13106,TXN00067334,2024-02-06,2024-02-09,Delivered,BlueDart
SHP21366,TXN00042103,2024-04-07,2024-04-15,Delivered,Delhivery
SHP71557,TXN00049926,2024-03-31,2024-04-08,Delivered,Delhivery
SHP87713,TXN00078600,2024-06-30,2024-07-03,Delivered,EcomExpress
SHP13100,TXN00042220,2024-01-13,2024-01-14,Delivered,Shadowfax
SHP40064,TXN00044744,2024-03-11,2024-03-20,Delivered,Delhivery
SHP86189,TXN00084110,2024-04-25,2024-04-29,Delivered,Shadowfax
SHP53455,TXN00094794,2024-01-12,2024-01-16,Delivered,EcomExpress
SHP32825,TXN00066335,2024-02-06,2024-02-12,Delivered,EcomExpress
SHP23294,TXN00014181,2024-03-08,2024-03-15,Delivered,EcomExpress
SHP28599,TXN00004723,2024-03-24,2024-03-26,Delivered,BlueDart
SHP59675,TXN00034485,2024-02-15,2024-02-18,Delivered,BlueDart
SHP22272,TXN00067753,2024-02-27,2024-02-29,Delivered,EcomExpress
SHP83416,TXN00012036,2024-02-21,2024-02-29,Delivered,BlueDart
SHP35561,TXN00010124,2024-01-17,2024-01-20,Delivered,BlueDart
SHP47074,TXN00021164,2024-04-15,2024-04-16,Delivered,Delhivery
SHP94750,TXN00015407,2024-03-02,2024-03-08,Delivered,EcomExpress
SHP15637,TXN00071225,2024-05-27,2024-06-02,Delivered,Delhivery
SHP89561,TXN00096012,2024-02-26,2024-03-06,Delivered,Delhivery
SHP44324,TXN00007621,2024-04-09,2024-04-10,Delivered,BlueDart
SHP28274,TXN00038005,2025-05-13,2025-05-21,Delivered,Shadowfax
SHP23997,TXN00094788,2024-04-07,2024-04-09,Delivered,EcomExpress
SHP61912,TXN00024443,2024-01-31,2024-02-08,Delivered,Shadowfax
SHP22183,TXN00009818,2024-03-18,2024-03-23,Delivered,Shadowfax
SHP97334,TXN00040512,2024-03-21,2024-03-26,Delivered,Shadowfax
SHP23907,TXN00013876,2024-04-02,2024-04-11,Delivered,EcomExpress
SHP89904,TXN00095772,2024-04-27,2024-05-02,Delivered,Shadowfax
SHP35190,TXN00049165,2024-03-29,2024-03-30,Delivered,EcomExpress
SHP10781,TXN00066372,2024-06-09,2024-06-17,Delivered,Delhivery
SHP11323,TXN00028568,2024-04-14,2024-04-17,Delivered,Shadowfax
SHP41323,TXN00042345,2024-01-20,2024-01-28,Delivered,Shadowfax
SHP78027,TXN00015182,2024-05-15,2024-05-21,Delivered,Delhivery
SHP89083,TXN00056881,2024-05-12,2024-05-16,Delivered,Delhivery
SHP29175,TXN00057442,2024-06-22,2024-06-28,Delivered,Shadowfax
SHP65368,TXN00038622,2024-03-30,2024-04-04,Delivered,Shadowfax
SHP87387,TXN00079223,2024-03-17,2024-03-18,Delivered,Delhivery
SHP93880,TXN00076956,2024-03-20,2024-03-28,Delivered,EcomExpress
SHP76195,TXN00013139,2024-01-15,2024-01-21,Delivered,BlueDart
SHP61791,TXN00061382,2024-06-21,2024-06-29,Delivered,BlueDart
SHP85136,TXN00013569,2024-05-31,2024-06-10,Delivered,EcomExpress
SHP58417,TXN00007036,2024-02-26,2024-02-28,Delivered,EcomExpress
SHP17353,TXN00061216,2024-06-26,2024-07-04,Delivered,EcomExpress
SHP89198,TXN00007731,2024-01-31,2024-02-09,Delivered,Shadowfax
SHP13350,TXN00061101,2024-05-01,2024-05-08,Delivered,Delhivery
SHP85005,TXN00001475,2024-04-23,2024-04-26,Delivered,EcomExpress
SHP49588,TXN00007652,2024-01-17,2024-01-27,Delivered,BlueDart
SHP89293,TXN00009704,2024-03-14,2024-03-19,Delivered,Shadowfax
SHP56103,TXN00049055,2024-03-24,2024-03-26,Delivered,Shadowfax
SHP18141,TXN00070776,2024-01-22,2024-01-30,Delivered,EcomExpress
SHP41740,TXN00078557,2024-05-24,2024-05-28,Delivered,Delhivery
SHP15340,TXN00019136,2024-02-28,2024-03-02,Delivered,BlueDart
SHP84930,TXN00053298,2024-05-18,2024-05-25,Delivered,Delhivery
SHP86381,TXN00097545,2024-05-16,2024-05-23,Delivered,BlueDart
SHP55476,TXN00007377,2024-03-23,2024-03-24,Delivered,Delhivery
SHP25730,TXN00099817,2024-01-31,2024-02-06,Delivered,Shadowfax
SHP10369,TXN00044270,2024-03-23,2024-03-31,Delivered,Delhivery
SHP81562,TXN00056021,2024-06-30,2024-07-10,Delivered,Delhivery
SHP53006,TXN00028217,2024-04-03,2024-04-04,Delivered,Shadowfax
SHP49169,TXN00078577,2024-04-18,2024-04-24,Delivered,Delhivery
SHP27154,TXN00094212,2024-02-19,2024-02-21,Delivered,Shadowfax
SHP70845,TXN00052825,2024-01-28,2024-02-04,Delivered,Delhivery
SHP77367,TXN00099484,2024-01-25,2024-02-04,Delivered,Delhivery
SHP44680,TXN00035223,2024-05-20,2024-05-26,Delivered,BlueDart
SHP82849,TXN00085929,2024-04-14,2024-04-16,Delivered,EcomExpress
SHP39181,TXN00092711,2024-04-24,2024-04-29,Delivered,BlueDart
SHP63149,TXN00015298,2024-04-15,2024-04-17,Delivered,Delhivery
SHP54319,TXN00003006,2024-06-12,2024-06-18,Delivered,Shadowfax
SHP54299,TXN00068291,2024-04-14,2024-04-21,Delivered,Shadowfax
SHP95984,TXN00026071,2024-06-27,2024-07-03,Delivered,Delhivery
SHP19929,TXN00051255,2024-01-14,2024-01-18,Delivered,Delhivery
SHP12383,TXN00029902,2024-05-16,2024-05-18,Delivered,Shadowfax
SHP66660,TXN00018339,2024-04-07,2024-04-12,Delivered,BlueDart
SHP51842,TXN00081482,2024-02-08,2024-02-14,Delivered,BlueDart
SHP64417,TXN00015930,2024-01-10,2024-01-14,Delivered,BlueDart
SHP62175,TXN00088310,2024-01-08,2024-01-11,Delivered,Delhivery
SHP15950,TXN00047688,2024-01-23,2024-01-28,Delivered,EcomExpress
SHP17564,TXN00062909,2024-03-28,2024-04-03,Delivered,Shadowfax
SHP98253,TXN00096056,2024-03-30,2024-04-03,Delivered,BlueDart
SHP25145,TXN00008516,2024-06-23,2024-06-27,Delivered,Delhivery
SHP57218,TXN00051384,2024-03-20,2024-03-24,Delivered,Delhivery
SHP49158,TXN00096843,2024-01-29,2024-02-01,Delivered,Shadowfax
SHP22682,TXN00036642,2024-05-10,2024-05-14,Delivered,BlueDart
SHP27477,TXN00061296,2024-01-03,2024-01-04,Delivered,EcomExpress
SHP17394,TXN00095078,2024-05-07,2024-05-13,Delivered,EcomExpress
SHP27166,TXN00026809,2024-04-15,2024-04-18,Delivered,Delhivery
SHP58548,TXN00013551,2024-04-06,2024-04-16,Delivered,Delhivery
SHP46011,TXN00052627,2024-03-24,2024-04-03,Delivered,BlueDart
SHP14641,TXN00060685,2024-01-07,2024-01-15,Delivered,BlueDart
SHP60637,TXN00098623,2024-04-08,2024-04-17,Delivered,Shadowfax
SHP92910,TXN00078006,2024-05-17,2024-05-24,Delivered,EcomExpress
SHP65126,TXN00005315,2024-03-27,2024-04-06,Delivered,EcomExpress
SHP66465,TXN00084417,2024-06-29,2024-07-02,Delivered,BlueDart
SHP34412,TXN00008554,2024-03-23,2024-03-27,Delivered,Shadowfax
SHP29727,TXN00054559,2024-02-19,2024-02-22,Delivered,EcomExpress
SHP69769,TXN00081589,2024-04-28,2024-05-02,Delivered,BlueDart
SHP36214,TXN00045415,2024-03-02,2024-03-06,Delivered,Shadowfax
SHP20063,TXN00030058,2024-04-10,2024-04-17,Delivered,EcomExpress
SHP83827,TXN00042875,2024-03-24,2024-04-03,Delivered,EcomExpress
SHP32294,TXN00060069,2024-01-20,2024-01-23,Delivered,EcomExpress
SHP32403,TXN00074905,2024-03-21,2024-03-25,Delivered,Shadowfax
SHP43711,TXN00038607,2024-03-06,2024-03-10,Delivered,BlueDart
SHP22382,TXN00071338,2024-03-30,2024-04-01,Delivered,EcomExpress
SHP97054,TXN00018069,2024-06-11,2024-06-15,Delivered,Shadowfax
SHP83079,TXN00056334,2024-01-11,2024-01-20,Delivered,Shadowfax
SHP71159,TXN00046857,2024-02-29,2024-03-04,Delivered,EcomExpress
SHP48281,TXN00097705,2024-01-19,2024-01-28,Delivered,Delhivery
SHP49402,TXN00074113,2024-03-27,2024-04-01,Delivered,EcomExpress
SHP15057,TXN00062545,2024-03-18,2024-03-28,Delivered,Shadowfax
SHP15917,TXN00003349,2024-02-21,2024-02-26,Delivered,BlueDart
SHP23975,TXN00070844,2024-03-06,2024-03-10,Delivered,Shadowfax
SHP77267,TXN00054682,2024-03-25,2024-04-04,Delivered,Shadowfax
SHP93964,TXN00073527,2024-05-11,2024-05-13,Delivered,Delhivery
SHP66952,TXN00051652,2024-04-23,2024-04-26,Delivered,EcomExpress
SHP32646,TXN00059076,2024-03-11,2024-03-18,Delivered,Delhivery
SHP12899,TXN00051442,2024-06-18,2024-06-19,Delivered,EcomExpress
SHP89153,TXN00052630,2024-02-12,2024-02-14,Delivered,EcomExpress
SHP10877,TXN00086239,2024-01-06,2024-01-10,Delivered,BlueDart
SHP81444,TXN00023193,2024-02-19,2024-02-21,Delivered,BlueDart
SHP51023,TXN00030222,2024-05-13,2024-05-16,Delivered,EcomExpress
SHP59278,TXN00072337,2024-02-09,2024-02-17,Delivered,BlueDart
SHP57266,TXN00033537,2024-02-16,2024-02-20,Delivered,Shadowfax
SHP65912,TXN00051342,2024-03-15,2024-03-19,Delivered,EcomExpress
SHP64869,TXN00053148,2024-02-14,2024-02-19,Delivered,BlueDart
SHP86726,TXN00073569,2024-04-15,2024-04-16,Delivered,EcomExpress
SHP30750,TXN00007942,2024-06-11,2024-06-20,Delivered,BlueDart
SHP81990,TXN00091341,2024-03-27,2024-04-05,Delivered,Delhivery
SHP94488,TXN00036305,2024-01-27,2024-02-03,Delivered,BlueDart
SHP45698,TXN00017054,2024-04-02,2024-04-10,Delivered,Delhivery
SHP94111,TXN00039470,2024-02-12,2024-02-15,Delivered,EcomExpress
SHP70837,TXN00071558,2024-05-24,2024-06-02,Delivered,Shadowfax
SHP82777,TXN00055862,2024-01-10,2024-01-11,Delivered,Shadowfax
SHP46758,TXN00095311,2024-04-25,2024-05-01,Delivered,BlueDart
SHP66136,TXN00061122,2024-01-19,2024-01-25,Delivered,BlueDart
SHP71769,TXN00046870,2024-03-04,2024-03-14,Delivered,Delhivery
SHP80900,TXN00025177,2024-05-22,2024-05-30,Delivered,Delhivery
SHP96370,TXN00073878,2024-06-17,2024-06-27,Delivered,EcomExpress
SHP71215,TXN00067655,2024-01-09,2024-01-12,Delivered,Shadowfax
SHP47940,TXN00016999,2024-01-30,2024-02-05,Delivered,BlueDart
SHP83245,TXN00080591,2024-05-12,2024-05-21,Delivered,BlueDart
SHP48167,TXN00021949,2024-04-22,2024-04-28,Delivered,Shadowfax
SHP99552,TXN00052163,2024-03-10,2024-03-11,Delivered,EcomExpress
SHP71723,TXN00003355,2024-01-18,2024-01-24,Delivered,Delhivery
SHP62603,TXN00097170,2024-02-17,2024-02-21,Delivered,BlueDart
SHP97525,TXN00081957,2024-03-22,2024-03-24,Delivered,Shadowfax
SHP91524,TXN00069977,2024-06-14,2024-06-22,Delivered,EcomExpress
SHP30644,TXN00047742,2024-01-31,2024-02-06,Delivered,BlueDart
SHP89347,TXN00087567,2024-05-12,2024-05-21,Delivered,Shadowfax
SHP86743,TXN00007132,2024-04-24,2024-04-25,Delivered,Delhivery
SHP68458,TXN00022285,2024-05-29,2024-06-03,Delivered,Delhivery
SHP36053,TXN00094549,2024-03-25,2024-03-27,Delivered,Shadowfax
SHP18269,TXN00020608,2024-05-27,2024-06-06,Delivered,BlueDart
SHP60268,TXN00078085,2024-01-31,2024-02-08,Delivered,EcomExpress
SHP80494,TXN00086663,2024-05-09,2024-05-13,Delivered,Shadowfax
SHP72174,TXN00058492,2024-04-28,2024-04-29,Delivered,Delhivery
SHP16742,TXN00071395,2024-03-17,2024-03-20,Delivered,EcomExpress
SHP80087,TXN00013364,2024-03-09,2024-03-14,Delivered,Delhivery
SHP36433,TXN00097720,2024-01-08,2024-01-18,Delivered,Shadowfax
SHP49618,TXN00008037,2024-06-02,2024-06-06,Delivered,Shadowfax
SHP99389,TXN00060617,2025-03-24,2025-03-26,Delivered,Delhivery
SHP89483,TXN00083907,2024-03-22,2024-04-01,Delivered,BlueDart
SHP94970,TXN00040157,2024-03-22,2024-03-25,Delivered,Shadowfax
SHP46302,TXN00065312,2024-01-13,2024-01-15,Delivered,Shadowfax
SHP84035,TXN00085674,2024-01-22,2024-01-30,Delivered,Delhivery
SHP47800,TXN00076241,2024-04-14,2024-04-24,Delivered,Shadowfax
SHP58520,TXN00017444,2024-02-19,2024-02-26,Delivered,EcomExpress
SHP43014,TXN00029580,2024-06-30,2024-07-03,Delivered,Delhivery
SHP81437,TXN00010851,2024-03-20,2024-03-22,Delivered,EcomExpress
SHP11823,TXN00010731,2024-06-01,2024-06-04,Delivered,EcomExpress
SHP62446,TXN00050102,2024-06-18,2024-06-25,Delivered,Shadowfax
SHP33803,TXN00062705,2024-03-09,2024-03-18,Delivered,EcomExpress
SHP75113,TXN00012569,2024-01-29,2024-02-08,Delivered,EcomExpress
SHP56689,TXN00024305,2024-02-16,2024-02-18,Delivered,Shadowfax
SHP94189,TXN00063107,2024-05-26,2024-05-31,Delivered,Shadowfax
SHP68275,TXN00046951,2024-03-17,2024-03-27,Delivered,Shadowfax
SHP71026,TXN00005709,2024-06-12,2024-06-14,Delivered,Shadowfax
SHP15124,TXN00006730,2024-03-28,2024-03-30,Delivered,EcomExpress
SHP72813,TXN00094533,2024-06-06,2024-06-10,Delivered,BlueDart
SHP95763,TXN00019481,2024-01-28,2024-01-31,Delivered,BlueDart
SHP82628,TXN00045081,2024-01-13,2024-01-19,Delivered,Delhivery
SHP11748,TXN00021232,2024-05-08,2024-05-12,Delivered,Shadowfax
SHP39925,TXN00004241,2024-03-22,2024-03-31,Delivered,Delhivery
SHP44017,TXN00049694,2024-04-27,2024-04-29,Delivered,BlueDart
SHP87234,TXN00034364,2024-05-22,2024-05-25,Delivered,EcomExpress
SHP80673,TXN00037714,2024-04-27,2024-05-05,Delivered,BlueDart
SHP75147,TXN00092281,2024-02-24,2024-02-25,Delivered,BlueDart
SHP29237,TXN00036608,2024-04-11,2024-04-21,Delivered,EcomExpress
SHP95003,TXN00059512,2024-06-28,2024-07-01,Delivered,Shadowfax
SHP78320,TXN00088219,2025-06-10,2025-06-13,Delivered,EcomExpress
SHP65896,TXN00090671,2024-04-27,2024-05-05,Delivered,Delhivery
SHP98888,TXN00021031,2024-05-30,2024-06-08,Delivered,EcomExpress
SHP41754,TXN00027203,2024-03-31,2024-04-04,Delivered,BlueDart
SHP75198,TXN00050166,2024-04-21,2024-04-30,Delivered,Shadowfax
SHP92615,TXN00038904,2024-04-14,2024-04-20,Delivered,BlueDart
SHP24445,TXN00007673,2024-04-05,2024-04-11,Delivered,Shadowfax
SHP43084,TXN00025376,2024-05-21,2024-05-28,Delivered,EcomExpress
SHP84044,TXN00044259,2024-05-02,2024-05-04,Delivered,EcomExpress
SHP22477,TXN00057314,2024-05-25,2024-06-03,Delivered,Shadowfax
SHP99930,TXN00084570,2024-04-10,2024-04-11,Delivered,EcomExpress
SHP31561,TXN00003044,2024-05-08,2024-05-09,Delivered,EcomExpress
SHP21568,TXN00018369,2024-05-29,2024-06-06,Delivered,Delhivery
SHP32350,TXN00048835,2024-04-30,2024-05-02,Delivered,EcomExpress
SHP85540,TXN00089477,2024-03-10,2024-03-18,Delivered,Shadowfax
SHP99207,TXN00064962,2024-04-14,2024-04-20,Delivered,BlueDart
SHP74981,TXN00069492,2024-01-25,2024-01-29,Delivered,BlueDart
SHP73787,TXN00024720,2024-03-28,2024-04-06,Delivered,BlueDart
SHP31487,TXN00026826,2024-01-28,2024-02-06,Delivered,EcomExpress
SHP89687,TXN00085645,2024-04-14,2024-04-17,Delivered,BlueDart
SHP84350,TXN00023186,2024-05-31,2024-06-02,Delivered,Shadowfax
SHP95630,TXN00042154,2024-05-09,2024-05-18,Delivered,EcomExpress
SHP10044,TXN00064052,2024-04-03,2024-04-12,Delivered,Shadowfax
SHP17059,TXN00082505,2024-04-21,2024-05-01,Delivered,Shadowfax
SHP59234,TXN00041094,2024-05-19,2024-05-21,Delivered,Delhivery
SHP76239,TXN00039523,2024-05-03,2024-05-12,Delivered,Delhivery
SHP80822,TXN00063070,2024-05-14,2024-05-22,Delivered,Shadowfax
SHP20043,TXN00060066,2024-03-12,2024-03-14,Delivered,EcomExpress
SHP68087,TXN00012670,2024-01-17,2024-01-27,Delivered,Shadowfax
SHP46520,TXN00015698,2024-04-15,2024-04-24,Delivered,BlueDart
SHP96797,TXN00058258,2024-02-29,2024-03-09,Delivered,Delhivery
SHP75263,TXN00091002,2024-03-16,2024-03-20,Delivered,BlueDart
SHP34617,TXN00070933,2024-01-12,2024-01-17,Delivered,EcomExpress
SHP55383,TXN00094256,2024-05-24,2024-05-27,Delivered,BlueDart
SHP36513,TXN00073927,2024-04-04,2024-04-08,Delivered,Shadowfax
SHP31722,TXN00085739,2024-03-06,2024-03-07,Delivered,Shadowfax
SHP35755,TXN00049594,2024-03-07,2024-03-13,Delivered,BlueDart
SHP55375,TXN00042789,2024-06-20,2024-06-25,Delivered,Delhivery
SHP47823,TXN00048687,2024-01-22,2024-01-30,Delivered,BlueDart
SHP96800,TXN00081953,2024-05-05,2024-05-14,Delivered,Shadowfax
SHP70878,TXN00075512,2024-04-12,2024-04-17,Delivered,Shadowfax
SHP64562,TXN00090782,2024-04-28,2024-05-08,Delivered,Delhivery
SHP80574,TXN00055417,2024-03-22,2024-03-30,Delivered,Delhivery
SHP93755,TXN00083893,2024-05-06,2024-05-15,Delivered,BlueDart
SHP37772,TXN00031032,2024-03-23,2024-03-25,Delivered,EcomExpress
SHP77635,TXN00025982,2024-02-11,2024-02-17,Delivered,Delhivery
SHP24063,TXN00015290,2024-03-15,2024-03-19,Delivered,BlueDart
SHP57774,TXN00059976,2024-03-25,2024-03-27,Delivered,Shadowfax
SHP26555,TXN00008184,2024-03-02,2024-03-08,Delivered,Delhivery
SHP70563,TXN00046510,2024-03-01,2024-03-06,Delivered,Delhivery
SHP93015,TXN00089567,2024-06-12,2024-06-21,Delivered,BlueDart
SHP91410,TXN00067978,2024-03-17,2024-03-25,Delivered,EcomExpress
SHP13481,TXN00091162,2024-05-15,2024-05-18,Delivered,BlueDart
SHP31806,TXN00039938,2024-01-29,2024-02-01,Delivered,EcomExpress
SHP56233,TXN00062503,2024-06-10,2024-06-16,Delivered,Delhivery
SHP39455,TXN00075609,2024-04-10,2024-04-15,Delivered,Delhivery
SHP38613,TXN00001360,2024-06-13,2024-06-14,Delivered,Shadowfax
SHP41409,TXN00040367,2024-05-17,2024-05-27,Delivered,Delhivery
SHP46924,TXN00004608,2024-06-23,2024-07-03,Delivered,BlueDart
SHP61636,TXN00027084,2024-01-14,2024-01-18,Delivered,Delhivery
SHP18646,TXN00092685,2024-05-09,2024-05-12,Delivered,Shadowfax
SHP67722,TXN00047396,2024-03-15,2024-03-21,Delivered,Shadowfax
SHP55205,TXN00020934,2024-01-06,2024-01-15,Delivered,Shadowfax
SHP49637,TXN00077228,2024-05-27,2024-06-05,Delivered,EcomExpress
SHP40181,TXN00059243,2024-04-07,2024-04-14,Delivered,BlueDart
SHP21051,TXN00080947,2024-01-21,2024-01-23,Delivered,BlueDart
SHP89519,TXN00048046,2024-06-08,2024-06-17,Delivered,EcomExpress
SHP63513,TXN00044399,2024-06-16,2024-06-23,Delivered,Shadowfax
SHP23337,TXN00091747,2024-01-13,2024-01-21,Delivered,EcomExpress
SHP78288,TXN00015117,2024-06-10,2024-06-20,Delivered,BlueDart
SHP82986,TXN00062468,2024-02-13,2024-02-20,Delivered,EcomExpress
SHP32990,TXN00027359,2024-04-19,2024-04-28,Delivered,Shadowfax
SHP30802,TXN00044713,2024-01-21,2024-01-25,Delivered,BlueDart
SHP46366,TXN00076860,2025-03-17,2025-03-25,Delivered,BlueDart
SHP54641,TXN00016057,2024-07-01,2024-07-03,Delivered,BlueDart
SHP23969,TXN00099333,2024-03-05,2024-03-14,Delivered,EcomExpress
SHP52972,TXN00052419,2024-02-05,2024-02-10,Delivered,Shadowfax
SHP72333,TXN00027935,2024-05-23,2024-05-25,Delivered,Delhivery
SHP17708,TXN00091808,2024-02-15,2024-02-20,Delivered,EcomExpress
SHP66221,TXN00099682,2024-03-21,2024-03-30,Delivered,EcomExpress
SHP61394,TXN00083013,2024-05-29,2024-06-05,Delivered,EcomExpress
SHP22598,TXN00092658,2024-03-22,2024-03-24,Delivered,Delhivery
SHP80602,TXN00032926,2024-06-08,2024-06-14,Delivered,Shadowfax
SHP78782,TXN00010829,2024-04-04,2024-04-13,Delivered,EcomExpress
SHP73175,TXN00098103,2024-06-04,2024-06-11,Delivered,BlueDart
SHP91611,TXN00067918,2024-04-14,2024-04-23,Delivered,EcomExpress
SHP73265,TXN00002636,2024-06-24,2024-06-28,Delivered,Delhivery
SHP38403,TXN00006170,2024-01-13,2024-01-20,Delivered,Shadowfax
SHP25078,TXN00085738,2024-02-29,2024-03-10,Delivered,BlueDart
SHP62577,TXN00091065,2024-04-04,2024-04-06,Delivered,BlueDart
SHP10094,TXN00021038,2024-05-13,2024-05-16,Delivered,Delhivery
SHP79368,TXN00032499,2024-03-30,2024-03-31,Delivered,EcomExpress
SHP29837,TXN00077418,2024-02-09,2024-02-18,Delivered,BlueDart
SHP97527,TXN00090358,2024-01-23,2024-01-30,Delivered,Delhivery
SHP83392,TXN00005423,2024-03-24,2024-03-31,Delivered,EcomExpress
SHP99078,TXN00054642,2024-05-03,2024-05-09,Delivered,Delhivery
SHP49529,TXN00087002,2024-01-23,2024-01-28,Delivered,Shadowfax
SHP77813,TXN00032706,2024-06-22,2024-06-30,Delivered,Delhivery
SHP57888,TXN00000572,2024-03-22,2024-03-29,Delivered,Shadowfax
SHP37188,TXN00053204,2024-03-15,2024-03-18,Delivered,EcomExpress
SHP83856,TXN00038038,2024-01-11,2024-01-18,Delivered,Shadowfax
SHP11793,TXN00075688,2024-01-16,2024-01-23,Delivered,EcomExpress
SHP42830,TXN00082720,2024-01-28,2024-02-01,Delivered,Shadowfax
SHP29410,TXN00011973,2024-04-15,2024-04-17,Delivered,Shadowfax
SHP88479,TXN00096335,2024-02-13,2024-02-17,Delivered,Shadowfax
SHP64888,TXN00052485,2024-05-27,2024-06-01,Delivered,EcomExpress
SHP52978,TXN00067515,2024-01-19,2024-01-23,Delivered,EcomExpress
SHP73140,TXN00094218,2024-05-08,2024-05-16,Delivered,Shadowfax
SHP17659,TXN00050647,2024-04-19,2024-04-23,Delivered,Shadowfax
SHP89507,TXN00040679,2024-01-20,2024-01-28,Delivered,Delhivery
SHP18642,TXN00036687,2024-05-05,2024-05-07,Delivered,Shadowfax
SHP59725,TXN00089373,2024-04-09,2024-04-11,Delivered,Delhivery
SHP60886,TXN00097230,2024-04-30,2024-05-01,Delivered,Delhivery
SHP76351,TXN00035765,2024-06-25,2024-06-26,Delivered,EcomExpress
SHP25813,TXN00042051,2024-03-24,2024-03-28,Delivered,EcomExpress
SHP88899,TXN00080862,2024-05-29,2024-06-02,Delivered,EcomExpress
SHP54793,TXN00079193,2024-03-03,2024-03-06,Delivered,Shadowfax
SHP96417,TXN00068411,2024-05-17,2024-05-19,Delivered,Shadowfax
SHP90419,TXN00044614,2024-01-10,2024-01-14,Delivered,BlueDart
SHP48430,TXN00051117,2024-01-23,2024-01-27,Delivered,Shadowfax
SHP60487,TXN00042261,2024-06-15,2024-06-21,Delivered,EcomExpress
SHP47803,TXN00053340,2024-02-13,2024-02-18,Delivered,BlueDart
SHP34891,TXN00015256,2024-05-17,2024-05-20,Delivered,Shadowfax
SHP24578,TXN00037938,2024-02-04,2024-02-11,Delivered,EcomExpress
SHP65743,TXN00027556,2024-05-06,2024-05-07,Delivered,Delhivery
SHP94687,TXN00008290,2024-06-25,2024-07-03,Delivered,Shadowfax
SHP65346,TXN00059753,2024-03-25,2024-04-03,Delivered,Delhivery
SHP19122,TXN00066792,2024-04-11,2024-04-12,Delivered,Shadowfax
SHP81336,TXN00095653,2024-01-28,2024-01-29,Delivered,Delhivery
SHP97386,TXN00039692,2024-05-06,2024-05-11,Delivered,EcomExpress
SHP98671,TXN00067638,2024-03-23,2024-03-25,Delivered,BlueDart
SHP17944,TXN00031264,2024-04-08,2024-04-11,Delivered,Shadowfax
SHP94687,TXN00081585,2024-04-20,2024-04-27,Delivered,BlueDart
SHP47102,TXN00061533,2024-06-22,2024-06-27,Delivered,Shadowfax
SHP74180,TXN00082830,2024-03-25,2024-03-31,Delivered,Shadowfax
SHP77701,TXN00043262,2024-06-30,2024-07-02,Delivered,Shadowfax
SHP84178,TXN00049843,2024-02-11,2024-02-20,Delivered,EcomExpress
SHP66738,TXN00070594,2024-03-05,2024-03-07,Delivered,Delhivery
SHP38780,TXN00027318,2024-03-07,2024-03-17,Delivered,Delhivery
SHP88826,TXN00032774,2024-06-07,2024-06-16,Delivered,EcomExpress
SHP31286,TXN00085282,2024-04-19,2024-04-21,Delivered,Delhivery
SHP97224,TXN00087749,2024-03-09,2024-03-10,Delivered,BlueDart
SHP10020,TXN00026794,2024-02-02,2024-02-10,Delivered,BlueDart
SHP47763,TXN00039953,2024-03-12,2024-03-22,Delivered,Shadowfax
SHP47920,TXN00039128,2024-04-12,2024-04-18,Delivered,Shadowfax
SHP70937,TXN00008102,2024-03-22,2024-03-31,Delivered,Delhivery
SHP28344,TXN00055927,2024-03-14,2024-03-18,Delivered,BlueDart
SHP58519,TXN00079571,2024-05-11,2024-05-15,Delivered,BlueDart
SHP56397,TXN00098576,2024-02-01,2024-02-10,Delivered,BlueDart
SHP20081,TXN00090669,2024-03-10,2024-03-16,Delivered,BlueDart
SHP18892,TXN00087909,2024-01-02,2024-01-11,Delivered,BlueDart
SHP98320,TXN00001881,2024-06-05,2024-06-06,Delivered,EcomExpress
SHP24833,TXN00053642,2024-03-11,2024-03-13,Delivered,Shadowfax
SHP51983,TXN00042417,2024-04-25,2024-04-29,Delivered,BlueDart
SHP15207,TXN00053864,2024-04-29,2024-05-05,Delivered,Shadowfax
SHP30330,TXN00026501,2024-05-06,2024-05-13,Delivered,EcomExpress
SHP37685,TXN00098659,2024-03-22,2024-03-30,Delivered,EcomExpress
SHP23990,TXN00084946,2024-05-27,2024-05-31,Delivered,BlueDart
SHP46432,TXN00063465,2024-01-08,2024-01-16,Delivered,Delhivery
SHP76391,TXN00052350,2024-05-06,2024-05-10,Delivered,Shadowfax
SHP25167,TXN00083003,2024-06-26,2024-06-29,Delivered,EcomExpress
SHP51058,TXN00014122,2024-04-19,2024-04-29,Delivered,BlueDart
SHP62506,TXN00040506,2024-03-17,2024-03-26,Delivered,Delhivery
SHP54100,TXN00015939,2024-06-06,2024-06-12,Delivered,BlueDart
SHP20409,TXN00078995,2024-02-08,2024-02-17,Delivered,Delhivery
SHP41168,TXN00007685,2024-05-14,2024-05-23,Delivered,BlueDart
SHP64023,TXN00047075,2024-06-10,2024-06-12,Delivered,EcomExpress
SHP93615,TXN00078663,2024-01-14,2024-01-20,Delivered,EcomExpress
SHP95069,TXN00090077,2024-01-16,2024-01-24,Delivered,Shadowfax
SHP14398,TXN00091524,2024-06-14,2024-06-15,Delivered,BlueDart
SHP71337,TXN00086035,2024-03-28,2024-04-02,Delivered,EcomExpress
SHP66985,TXN00004703,2024-04-12,2024-04-13,Delivered,EcomExpress
SHP61365,TXN00019597,2024-03-25,2024-04-02,Delivered,EcomExpress
SHP45514,TXN00055295,2024-06-02,2024-06-08,Delivered,BlueDart
SHP86788,TXN00076142,2024-04-29,2024-05-07,Delivered,BlueDart
SHP31715,TXN00016601,2024-05-05,2024-05-10,Delivered,Shadowfax
SHP17179,TXN00029980,2024-02-18,2024-02-22,Delivered,EcomExpress
SHP36305,TXN00003454,2024-06-19,2024-06-24,Delivered,EcomExpress
SHP78833,TXN00061237,2024-04-27,2024-04-29,Delivered,BlueDart
SHP30742,TXN00022486,2024-06-19,2024-06-23,Delivered,EcomExpress
SHP81218,TXN00082753,2024-03-03,2024-03-12,Delivered,Delhivery
SHP82941,TXN00065943,2024-03-25,2024-04-03,Delivered,EcomExpress
SHP42683,TXN00005433,2024-01-15,2024-01-24,Delivered,Shadowfax
SHP33495,TXN00005813,2024-03-01,2024-03-03,Delivered,EcomExpress
SHP76098,TXN00077429,2024-03-21,2024-03-30,Delivered,BlueDart
SHP81276,TXN00083819,2024-02-15,2024-02-23,Delivered,EcomExpress
SHP69415,TXN00051041,2024-03-04,2024-03-13,Delivered,Shadowfax
SHP82492,TXN00075693,2024-02-03,2024-02-10,Delivered,BlueDart
SHP22154,TXN00032144,2024-05-27,2024-06-04,Delivered,Delhivery
SHP59594,TXN00050896,2024-06-13,2024-06-21,Delivered,Delhivery
SHP42679,TXN00045708,2024-06-12,2024-06-19,Delivered,BlueDart
SHP53884,TXN00077648,2024-05-27,2024-06-05,Delivered,EcomExpress
SHP85642,TXN00052713,2024-03-27,2024-04-05,Delivered,Shadowfax
SHP40322,TXN00090456,2024-02-05,2024-02-07,Delivered,BlueDart
SHP90614,TXN00011341,2024-02-06,2024-02-11,Delivered,BlueDart
SHP37573,TXN00079815,2024-06-17,2024-06-22,Delivered,Delhivery
SHP37292,TXN00021093,2024-03-28,2024-04-06,Delivered,Delhivery
SHP63390,TXN00092983,2024-04-24,2024-04-29,Delivered,Shadowfax
SHP19321,TXN00013896,2024-04-12,2024-04-21,Delivered,Shadowfax
SHP61436,TXN00005509,2024-03-28,2024-03-29,Delivered,BlueDart
SHP66707,TXN00026744,2024-03-31,2024-04-07,Delivered,BlueDart
SHP32587,TXN00090492,2024-04-02,2024-04-11,Delivered,EcomExpress
SHP13091,TXN00093432,2024-03-26,2024-03-29,Delivered,EcomExpress
SHP53466,TXN00010552,2024-04-10,2024-04-14,Delivered,EcomExpress
SHP79829,TXN00000964,2024-03-02,2024-03-12,Delivered,EcomExpress
SHP63020,TXN00039138,2024-01-21,2024-01-23,Delivered,Shadowfax
SHP96220,TXN00017781,2024-04-09,2024-04-11,Delivered,BlueDart
SHP41713,TXN00059321,2024-03-18,2024-03-20,Delivered,EcomExpress
SHP60716,TXN00031886,2024-01-15,2024-01-21,Delivered,Delhivery
SHP91403,TXN00010179,2024-05-06,2024-05-07,Delivered,Delhivery
SHP77621,TXN00070870,2024-01-08,2024-01-10,Delivered,Delhivery
SHP30709,TXN00016279,2024-04-16,2024-04-20,Delivered,BlueDart
SHP89957,TXN00056230,2024-04-03,2024-04-13,Delivered,BlueDart
SHP46810,TXN00068047,2024-05-27,2024-06-02,Delivered,EcomExpress
SHP20152,TXN00066426,2024-01-07,2024-01-08,Delivered,Delhivery
SHP83461,TXN00022651,2024-03-29,2024-04-03,Delivered,EcomExpress
SHP69882,TXN00068008,2024-06-17,2024-06-20,Delivered,BlueDart
SHP59902,TXN00030102,2024-01-26,2024-02-03,Delivered,BlueDart
SHP49364,TXN00024587,2024-01-11,2024-01-20,Delivered,Shadowfax
SHP78640,TXN00033212,2024-04-27,2024-05-01,Delivered,EcomExpress
SHP31459,TXN00003067,2024-06-24,2024-07-02,Delivered,EcomExpress
SHP89820,TXN00050448,2024-01-18,2024-01-23,Delivered,EcomExpress
SHP26521,TXN00072264,2024-03-09,2024-03-12,Delivered,BlueDart
SHP16080,TXN00000047,2024-04-03,2024-04-07,Delivered,Shadowfax
SHP35603,TXN00088635,2024-02-26,2024-02-27,Delivered,BlueDart
SHP67406,TXN00037555,2024-03-24,2024-03-31,Delivered,Shadowfax
SHP74963,TXN00073535,2024-05-11,2024-05-14,Delivered,EcomExpress
SHP16042,TXN00084367,2024-01-02,2024-01-10,Delivered,EcomExpress
SHP41720,TXN00058059,2024-02-20,2024-02-27,Delivered,Delhivery
SHP40013,TXN00018490,2024-06-07,2024-06-13,Delivered,BlueDart
SHP30753,TXN00082940,2024-02-23,2024-03-01,Delivered,Delhivery
SHP21387,TXN00005041,2024-04-12,2024-04-20,Delivered,Delhivery
SHP10352,TXN00012452,2024-01-05,2024-01-09,Delivered,EcomExpress
SHP19236,TXN00080655,2024-03-31,2024-04-01,Delivered,Delhivery
SHP62425,TXN00067628,2024-06-24,2024-07-02,Delivered,BlueDart
SHP77008,TXN00058616,2024-01-22,2024-01-29,Delivered,EcomExpress
SHP28119,TXN00034177,2024-02-19,2024-02-20,Delivered,Delhivery
SHP50057,TXN00078781,2024-03-29,2024-04-03,Delivered,BlueDart
SHP88321,TXN00085522,2024-01-11,2024-01-14,Delivered,EcomExpress
SHP81217,TXN00002550,2024-03-15,2024-03-25,Delivered,BlueDart
SHP60031,TXN00022199,2024-03-03,2024-03-09,Delivered,Delhivery
SHP35776,TXN00048952,2024-02-15,2024-02-24,Delivered,Delhivery
SHP84625,TXN00064926,2024-05-18,2024-05-28,Delivered,Delhivery
SHP84446,TXN00017985,2024-03-29,2024-04-06,Delivered,BlueDart
SHP31821,TXN00066469,2024-04-20,2024-04-29,Delivered,BlueDart
SHP58991,TXN00081860,2024-01-22,2024-01-23,Delivered,Shadowfax
SHP86292,TXN00081264,2024-04-08,2024-04-12,Delivered,Delhivery
SHP13216,TXN00056497,2024-05-28,2024-05-30,Delivered,EcomExpress
SHP34992,TXN00072603,2024-05-06,2024-05-09,Delivered,Shadowfax
SHP73068,TXN00052056,2024-05-08,2024-05-18,Delivered,Delhivery
SHP43341,TXN00042762,2024-04-17,2024-04-26,Delivered,EcomExpress
SHP48947,TXN00065016,2024-04-16,2024-04-20,Delivered,Shadowfax
SHP39162,TXN00066822,2024-03-15,2024-03-21,Delivered,Shadowfax
SHP90704,TXN00033006,2024-03-09,2024-03-18,Delivered,Shadowfax
SHP61936,TXN00043981,2024-05-13,2024-05-14,Delivered,EcomExpress
SHP41847,TXN00062070,2024-03-04,2024-03-11,Delivered,Shadowfax
SHP19275,TXN00070501,2024-05-25,2024-05-27,Delivered,Shadowfax
SHP35794,TXN00019431,2024-01-20,2024-01-27,Delivered,Delhivery
SHP24141,TXN00093379,2024-03-22,2024-03-30,Delivered,EcomExpress
SHP12951,TXN00004376,2024-03-21,2024-03-28,Delivered,EcomExpress
SHP20223,TXN00001742,2024-05-14,2024-05-18,Delivered,EcomExpress
SHP25513,TXN00051446,2024-03-29,2024-04-04,Delivered,Shadowfax
SHP34040,TXN00083265,2024-04-10,2024-04-13,Delivered,Delhivery
SHP49738,TXN00081155,2024-04-11,2024-04-16,Delivered,Delhivery
SHP91367,TXN00027731,2024-02-27,2024-03-07,Delivered,EcomExpress
SHP33415,TXN00048302,2024-02-20,2024-02-25,Delivered,EcomExpress
SHP16359,TXN00045185,2024-03-02,2024-03-05,Delivered,Shadowfax
SHP97506,TXN00050529,2024-06-09,2024-06-10,Delivered,Shadowfax
SHP52794,TXN00075541,2024-02-12,2024-02-21,Delivered,BlueDart
SHP46448,TXN00089262,2024-05-18,2024-05-25,Delivered,Delhivery
SHP93085,TXN00082738,2024-06-30,2024-07-09,Delivered,Shadowfax
SHP57289,TXN00010338,2024-03-15,2024-03-25,Delivered,EcomExpress
SHP30391,TXN00002416,2024-03-21,2024-03-25,Delivered,Shadowfax
SHP52167,TXN00040998,2024-02-08,2024-02-14,Delivered,Shadowfax
SHP66723,TXN00055404,2024-05-25,2024-05-31,Delivered,Delhivery
SHP23149,TXN00003139,2024-01-16,2024-01-20,Delivered,EcomExpress
SHP55171,TXN00083970,2024-06-04,2024-06-10,Delivered,EcomExpress
SHP58883,TXN00022789,2024-06-16,2024-06-17,Delivered,Delhivery
SHP11632,TXN00060401,2024-03-19,2024-03-20,Delivered,BlueDart
SHP49333,TXN00098163,2024-01-12,2024-01-22,Delivered,Delhivery
SHP22705,TXN00012597,2024-03-26,2024-04-03,Delivered,EcomExpress
SHP65290,TXN00089800,2024-04-05,2024-04-13,Delivered,EcomExpress
SHP29048,TXN00069488,2024-01-31,2024-02-02,Delivered,Delhivery
SHP29405,TXN00090163,2024-04-22,2024-05-01,Delivered,BlueDart
SHP57075,TXN00036078,2024-03-31,2024-04-05,Delivered,Shadowfax
SHP38574,TXN00014759,2024-01-07,2024-01-17,Delivered,BlueDart
SHP54960,TXN00031309,2024-03-31,2024-04-07,Delivered,Shadowfax
SHP67316,TXN00059767,2024-05-06,2024-05-09,Delivered,Shadowfax
SHP96248,TXN00092150,2024-01-23,2024-01-25,Delivered,Shadowfax
SHP27708,TXN00031667,2024-06-22,2024-06-29,Delivered,Delhivery
SHP74611,TXN00079989,2024-01-12,2024-01-15,Delivered,EcomExpress
SHP82051,TXN00057024,2024-02-08,2024-02-11,Delivered,Shadowfax
SHP21499,TXN00017715,2024-03-15,2024-03-19,Delivered,Shadowfax
SHP66002,TXN00016584,2024-03-20,2024-03-29,Delivered,EcomExpress
SHP24753,TXN00015397,2024-05-21,2024-05-24,Delivered,Delhivery
SHP47510,TXN00055007,2024-05-15,2024-05-22,Delivered,Delhivery
SHP95880,TXN00056301,2024-05-04,2024-05-14,Delivered,BlueDart
SHP66024,TXN00014228,2024-01-02,2024-01-09,Delivered,EcomExpress
SHP15186,TXN00099640,2024-01-28,2024-02-02,Delivered,EcomExpress
SHP59597,TXN00069043,2024-02-09,2024-02-11,Delivered,EcomExpress
SHP70521,TXN00060715,2024-06-13,2024-06-17,Delivered,BlueDart
SHP48846,TXN00031547,2024-06-06,2024-06-10,Delivered,BlueDart
SHP72183,TXN00092942,2024-06-04,2024-06-06,Delivered,EcomExpress
SHP98284,TXN00051689,2024-06-16,2024-06-18,Delivered,Delhivery
SHP68140,TXN00058098,2024-01-10,2024-01-20,Delivered,Delhivery
SHP55455,TXN00040375,2024-04-15,2024-04-22,Delivered,BlueDart
SHP73964,TXN00080935,2024-05-22,2024-05-28,Delivered,BlueDart
SHP60858,TXN00043660,2024-04-08,2024-04-10,Delivered,EcomExpress
SHP73104,TXN00059346,2024-06-10,2024-06-14,Delivered,BlueDart
SHP89612,TXN00096419,2024-05-09,2024-05-13,Delivered,EcomExpress
SHP10340,TXN00093860,2024-03-27,2024-04-01,Delivered,EcomExpress
SHP43799,TXN00067738,2024-04-09,2024-04-17,Delivered,EcomExpress
SHP91149,TXN00012627,2024-06-14,2024-06-22,Delivered,Delhivery
SHP75714,TXN00045812,2024-04-07,2024-04-13,Delivered,Delhivery
SHP86877,TXN00053350,2024-06-08,2024-06-18,Delivered,BlueDart
SHP84610,TXN00090730,2024-03-19,2024-03-21,Delivered,Shadowfax
SHP20925,TXN00058903,2024-03-27,2024-04-04,Delivered,BlueDart
SHP49314,TXN00099365,2024-02-07,2024-02-10,Delivered,EcomExpress
SHP87361,TXN00088240,2024-06-23,2024-06-28,Delivered,Shadowfax
SHP38887,TXN00093034,2024-04-03,2024-04-10,Delivered,BlueDart
SHP73611,TXN00079574,2024-06-27,2024-07-06,Delivered,EcomExpress
SHP41105,TXN00021953,2024-06-12,2024-06-21,Delivered,Shadowfax
SHP78901,TXN00069023,2024-06-26,2024-06-27,Delivered,Delhivery
SHP54875,TXN00061306,2024-04-17,2024-04-21,Delivered,BlueDart
SHP18452,TXN00051088,2024-03-01,2024-03-10,Delivered,Delhivery
SHP10425,TXN00012697,2024-05-28,2024-06-01,Delivered,BlueDart
SHP93748,TXN00088820,2024-04-11,2024-04-17,Delivered,Delhivery
SHP73272,TXN00048255,2024-06-23,2024-07-02,Delivered,Delhivery
SHP72116,TXN00041860,2024-01-12,2024-01-15,Delivered,Delhivery
SHP71592,TXN00010391,2024-04-07,2024-04-15,Delivered,BlueDart
SHP79712,TXN00075210,2024-04-29,2024-05-06,Delivered,EcomExpress
SHP38639,TXN00004645,2024-05-09,2024-05-14,Delivered,Delhivery
SHP34762,TXN00071155,2024-02-25,2024-03-03,Delivered,Shadowfax
SHP86346,TXN00050709,2024-04-19,2024-04-27,Delivered,BlueDart
SHP63694,TXN00075428,2024-03-01,2024-03-10,Delivered,Delhivery
SHP17574,TXN00005554,2024-05-28,2024-06-01,Delivered,Shadowfax
SHP69554,TXN00039359,2024-03-18,2024-03-24,Delivered,EcomExpress
SHP54619,TXN00073361,2024-03-02,2024-03-11,Delivered,BlueDart
SHP16727,TXN00013710,2024-03-24,2024-03-29,Delivered,Delhivery
SHP72066,TXN00008388,2024-04-12,2024-04-21,Delivered,BlueDart
SHP53829,TXN00006991,2024-02-21,2024-03-02,Delivered,BlueDart
SHP13391,TXN00078765,2024-02-26,2024-03-02,Delivered,Shadowfax
SHP98224,TXN00031018,2024-02-13,2024-02-23,Delivered,BlueDart
SHP20248,TXN00045014,2024-03-14,2024-03-20,Delivered,Shadowfax
SHP91292,TXN00045103,2024-06-04,2024-06-11,Delivered,BlueDart
SHP61196,TXN00061309,2024-06-10,2024-06-17,Delivered,BlueDart
SHP19369,TXN00079301,2024-03-18,2024-03-21,Delivered,Shadowfax
SHP77964,TXN00092979,2024-03-08,2024-03-11,Delivered,BlueDart
SHP28696,TXN00004697,2024-04-01,2024-04-04,Delivered,BlueDart
SHP68182,TXN00025738,2024-04-15,2024-04-17,Delivered,Delhivery
SHP83911,TXN00062120,2024-03-06,2024-03-07,Delivered,Shadowfax
SHP69101,TXN00061993,2024-01-25,2024-01-28,Delivered,EcomExpress
SHP16288,TXN00096715,2024-03-04,2024-03-09,Delivered,Delhivery
SHP80349,TXN00056028,2024-01-27,2024-01-29,Delivered,EcomExpress
SHP27190,TXN00085245,2024-02-28,2024-03-05,Delivered,BlueDart
SHP42593,TXN00076558,2024-05-03,2024-05-10,Delivered,EcomExpress
SHP26738,TXN00089321,2024-04-24,2024-04-28,Delivered,Shadowfax
SHP36797,TXN00056459,2024-04-14,2024-04-20,Delivered,BlueDart
SHP57005,TXN00041727,2024-02-28,2024-03-07,Delivered,Delhivery
SHP25694,TXN00011940,2024-01-21,2024-01-22,Delivered,EcomExpress
SHP86831,TXN00028192,2024-06-30,2024-07-10,Delivered,BlueDart
SHP76819,TXN00017798,2024-03-09,2024-03-12,Delivered,EcomExpress
SHP36181,TXN00015100,2024-03-28,2024-04-03,Delivered,EcomExpress
SHP93310,TXN00085603,2024-01-28,2024-02-06,Delivered,EcomExpress
SHP14134,TXN00042194,2024-03-29,2024-04-06,Delivered,EcomExpress
SHP20536,TXN00062540,2024-05-29,2024-06-08,Delivered,Delhivery
SHP23127,TXN00003329,2024-04-24,2024-05-03,Delivered,BlueDart
SHP17257,TXN00053214,2024-05-06,2024-05-14,Delivered,Shadowfax
SHP20773,TXN00037704,2024-05-07,2024-05-08,Delivered,BlueDart
SHP87907,TXN00091530,2024-05-19,2024-05-23,Delivered,EcomExpress
SHP48799,TXN00016015,2024-04-07,2024-04-08,Delivered,Shadowfax
SHP72885,TXN00083762,2024-03-26,2024-04-02,Delivered,BlueDart
SHP63820,TXN00026270,2024-01-16,2024-01-24,Delivered,EcomExpress
SHP17653,TXN00045939,2024-01-15,2024-01-19,Delivered,BlueDart
SHP53129,TXN00037792,2024-04-25,2024-05-01,Delivered,BlueDart
SHP93064,TXN00029870,2024-05-01,2024-05-06,Delivered,Delhivery
SHP54988,TXN00064191,2024-06-03,2024-06-06,Delivered,Shadowfax
SHP62000,TXN00038358,2024-01-17,2024-01-23,Delivered,BlueDart
SHP80291,TXN00050550,2024-02-08,2024-02-18,Delivered,BlueDart
SHP21674,TXN00092430,2024-04-15,2024-04-22,Delivered,Delhivery
SHP26320,TXN00060724,2024-06-25,2024-06-28,Delivered,EcomExpress
SHP80625,TXN00096420,2024-06-26,2024-06-28,Delivered,BlueDart
SHP40309,TXN00014802,2024-06-19,2024-06-24,Delivered,Shadowfax
SHP31520,TXN00020835,2024-03-23,2024-03-26,Delivered,BlueDart
SHP44888,TXN00053147,2024-05-09,2024-05-17,Delivered,EcomExpress
SHP70982,TXN00004685,2024-03-22,2024-03-27,Delivered,Delhivery
SHP43182,TXN00079638,2024-06-26,2024-07-01,Delivered,Delhivery
SHP60969,TXN00084067,2024-01-29,2024-02-02,Delivered,EcomExpress
SHP62311,TXN00076211,2024-04-28,2024-05-08,Delivered,BlueDart
SHP73761,TXN00074769,2024-06-08,2024-06-11,Delivered,Delhivery
SHP95356,TXN00041466,2024-03-22,2024-03-26,Delivered,Delhivery
SHP18713,TXN00067970,2024-06-03,2024-06-06,Delivered,BlueDart
SHP70360,TXN00087655,2024-01-19,2024-01-20,Delivered,Delhivery
SHP96762,TXN00065117,2024-06-30,2024-07-07,Delivered,Shadowfax
SHP95769,TXN00024867,2024-06-28,2024-07-05,Delivered,Shadowfax
SHP10733,TXN00003778,2024-04-21,2024-04-23,Delivered,Delhivery
SHP96779,TXN00077929,2024-04-15,2024-04-25,Delivered,BlueDart
SHP62631,TXN00010529,2024-01-08,2024-01-15,Delivered,Shadowfax
SHP67245,TXN00098200,2024-03-20,2024-03-30,Delivered,Delhivery
SHP81898,TXN00029887,2024-03-29,2024-03-31,Delivered,BlueDart
SHP48150,TXN00002914,2024-02-18,2024-02-22,Delivered,BlueDart
SHP13391,TXN00007022,2024-06-23,2024-06-29,Delivered,EcomExpress
SHP51514,TXN00052965,2024-02-09,2024-02-10,Delivered,Delhivery
SHP66601,TXN00074594,2024-03-24,2024-04-03,Delivered,EcomExpress
SHP36364,TXN00081237,2024-04-28,2024-04-30,Delivered,BlueDart
SHP98362,TXN00081356,2024-05-27,2024-05-31,Delivered,Delhivery
SHP31913,TXN00048746,2024-05-12,2024-05-22,Delivered,BlueDart
SHP83779,TXN00018165,2024-03-26,2024-04-01,Delivered,BlueDart
SHP11445,TXN00056283,2024-01-23,2024-01-26,Delivered,EcomExpress
SHP21478,TXN00055162,2024-01-27,2024-02-06,Delivered,EcomExpress
SHP81891,TXN00048741,2024-02-17,2024-02-18,Delivered,Delhivery
SHP44995,TXN00011421,2024-02-25,2024-03-03,Delivered,Shadowfax
SHP79820,TXN00094598,2024-05-26,2024-05-31,Delivered,Shadowfax
SHP89997,TXN00063041,2024-04-19,2024-04-26,Delivered,BlueDart
SHP83140,TXN00071746,2024-04-16,2024-04-20,Delivered,EcomExpress
SHP71677,TXN00027814,2024-03-24,2024-03-29,Delivered,BlueDart
SHP93472,TXN00013763,2024-06-27,2024-07-03,Delivered,BlueDart
SHP64280,TXN00096119,2024-03-21,2024-03-26,Delivered,EcomExpress
SHP63088,TXN00098215,2024-03-02,2024-03-11,Delivered,BlueDart
SHP73910,TXN00080684,2024-06-22,2024-06-24,Delivered,BlueDart
SHP74587,TXN00014456,2024-02-12,2024-02-15,Delivered,EcomExpress
SHP38862,TXN00078695,2024-06-01,2024-06-07,Delivered,Shadowfax
SHP93147,TXN00010898,2024-01-29,2024-02-01,Delivered,BlueDart
SHP84623,TXN00051807,2024-01-24,2024-01-28,Delivered,EcomExpress
SHP75862,TXN00079677,2024-03-23,2024-04-01,Delivered,EcomExpress
SHP47100,TXN00016992,2024-04-07,2024-04-14,Delivered,Shadowfax
SHP30214,TXN00085815,2024-02-08,2024-02-14,Delivered,Shadowfax
SHP23815,TXN00067949,2024-04-08,2024-04-18,Delivered,Delhivery
SHP29657,TXN00059192,2024-06-18,2024-06-27,Delivered,BlueDart
SHP88023,TXN00061248,2024-03-28,2024-03-30,Delivered,Shadowfax
SHP96280,TXN00069273,2024-05-18,2024-05-19,Delivered,Shadowfax
SHP30362,TXN00002492,2024-05-13,2024-05-21,Delivered,Delhivery
SHP12591,TXN00022807,2024-03-03,2024-03-11,Delivered,EcomExpress
SHP48196,TXN00073633,2024-04-16,2024-04-17,Delivered,BlueDart
SHP14803,TXN00078394,2024-03-30,2024-04-06,Delivered,BlueDart
SHP19411,TXN00060252,2024-03-29,2024-04-05,Delivered,EcomExpress
SHP89465,TXN00090264,2024-03-31,2024-04-02,Delivered,BlueDart
SHP38212,TXN00063551,2024-06-09,2024-06-17,Delivered,Delhivery
SHP77300,TXN00017100,2024-05-27,2024-06-05,Delivered,Delhivery
SHP27076,TXN00098540,2024-04-29,2024-05-09,Delivered,Delhivery
SHP22909,TXN00080959,2024-02-04,2024-02-11,Delivered,EcomExpress
SHP89555,TXN00001374,2024-02-23,2024-03-02,Delivered,EcomExpress
SHP40672,TXN00034487,2024-04-10,2024-04-12,Delivered,BlueDart
SHP69779,TXN00057598,2024-02-20,2024-02-23,Delivered,BlueDart
SHP20487,TXN00018761,2024-02-21,2024-02-26,Delivered,Shadowfax
SHP58391,TXN00043999,2024-04-13,2024-04-15,Delivered,Delhivery
SHP93629,TXN00074819,2024-02-08,2024-02-11,Delivered,Shadowfax
SHP74293,TXN00002830,2024-03-29,2024-04-05,Delivered,EcomExpress
SHP58986,TXN00035509,2024-01-21,2024-01-24,Delivered,EcomExpress
SHP90028,TXN00068497,2024-03-23,2024-03-31,Delivered,BlueDart
SHP44407,TXN00090380,2024-03-05,2024-03-06,Delivered,BlueDart
SHP59709,TXN00089089,2024-02-06,2024-02-07,Delivered,Delhivery
SHP82364,TXN00074998,2024-06-23,2024-06-30,Delivered,Delhivery
SHP36057,TXN00043724,2024-02-25,2024-03-03,Delivered,EcomExpress
SHP95827,TXN00003035,2024-02-29,2024-03-07,Delivered,Shadowfax
SHP28516,TXN00085634,2024-04-08,2024-04-12,Delivered,BlueDart
SHP50491,TXN00078111,2024-04-08,2024-04-16,Delivered,Shadowfax
SHP57800,TXN00050041,2024-04-30,2024-05-02,Delivered,BlueDart
SHP90926,TXN00023436,2024-01-29,2024-02-04,Delivered,EcomExpress
SHP30397,TXN00046909,2024-02-21,2024-02-27,Delivered,Shadowfax
SHP75597,TXN00099873,2024-02-05,2024-02-12,Delivered,Delhivery
SHP12240,TXN00080091,2024-02-04,2024-02-10,Delivered,Shadowfax
SHP61448,TXN00078441,2024-02-16,2024-02-20,Delivered,BlueDart
SHP33633,TXN00089070,2024-03-30,2024-04-09,Delivered,BlueDart
SHP51615,TXN00083651,2024-03-27,2024-04-01,Delivered,Delhivery
SHP55851,TXN00087897,2024-07-01,2024-07-10,Delivered,BlueDart
SHP75365,TXN00084412,2024-03-25,2024-03-27,Delivered,EcomExpress
SHP37660,TXN00065313,2024-03-22,2024-03-24,Delivered,Delhivery
SHP14264,TXN00030816,2024-05-04,2024-05-10,Delivered,EcomExpress
SHP82063,TXN00070272,2024-02-24,2024-02-28,Delivered,Delhivery
SHP53056,TXN00031054,2024-02-04,2024-02-06,Delivered,Delhivery
SHP17672,TXN00003888,2024-04-16,2024-04-26,Delivered,EcomExpress
SHP23525,TXN00005065,2024-01-09,2024-01-14,Delivered,Shadowfax
SHP44424,TXN00056438,2024-05-14,2024-05-19,Delivered,Shadowfax
SHP38932,TXN00028713,2024-03-16,2024-03-26,Delivered,Shadowfax
SHP62297,TXN00009708,2024-03-16,2024-03-26,Delivered,Shadowfax
SHP37538,TXN00057439,2024-06-01,2024-06-07,Delivered,Delhivery
SHP81293,TXN00041439,2024-03-26,2024-03-28,Delivered,EcomExpress
SHP50473,TXN00026002,2024-03-30,2024-04-05,Delivered,EcomExpress
SHP31922,TXN00031240,2024-03-14,2024-03-16,Delivered,Delhivery
SHP26105,TXN00059521,2024-04-15,2024-04-22,Delivered,Shadowfax
SHP47310,TXN00016535,2024-04-22,2024-05-02,Delivered,Shadowfax
SHP29808,TXN00051183,2024-01-19,2024-01-29,Delivered,EcomExpress
SHP91226,TXN00074414,2024-01-12,2024-01-17,Delivered,Shadowfax
SHP61434,TXN00036521,2024-01-08,2024-01-16,Delivered,Shadowfax
SHP87000,TXN00089288,2024-03-29,2024-03-30,Delivered,EcomExpress
SHP65818,TXN00094042,2024-04-01,2024-04-05,Delivered,Shadowfax
SHP32910,TXN00002393,2024-02-01,2024-02-05,Delivered,BlueDart
SHP99029,TXN00083260,2024-04-28,2024-05-07,Delivered,Shadowfax
SHP74810,TXN00026967,2024-06-07,2024-06-11,Delivered,BlueDart
SHP25808,TXN00039714,2024-04-16,2024-04-18,Delivered,Delhivery
SHP80797,TXN00090688,2024-04-23,2024-04-27,Delivered,EcomExpress
SHP86273,TXN00053083,2024-06-03,2024-06-06,Delivered,BlueDart
SHP22426,TXN00095086,2024-01-14,2024-01-22,Delivered,EcomExpress
SHP44833,TXN00041719,2024-03-24,2024-03-25,Delivered,Shadowfax
SHP67918,TXN00096909,2024-01-21,2024-01-23,Delivered,Shadowfax
SHP31868,TXN00076311,2024-06-03,2024-06-12,Delivered,Delhivery
SHP95815,TXN00081869,2024-03-11,2024-03-13,Delivered,BlueDart
SHP48183,TXN00090324,2024-02-25,2024-03-04,Delivered,Shadowfax
SHP55090,TXN00012195,2024-03-27,2024-03-30,Delivered,Shadowfax
SHP42520,TXN00074440,2024-04-21,2024-04-29,Delivered,BlueDart
SHP33925,TXN00039876,2024-01-03,2024-01-13,Delivered,EcomExpress
SHP44244,TXN00002193,2024-04-08,2024-04-13,Delivered,Delhivery
SHP68944,TXN00034298,2024-03-31,2024-04-04,Delivered,Shadowfax
SHP50771,TXN00062534,2024-04-30,2024-05-07,Delivered,EcomExpress
SHP43058,TXN00065620,2024-05-02,2024-05-03,Delivered,Shadowfax
SHP65942,TXN00015844,2024-01-11,2024-01-13,Delivered,Delhivery
SHP74259,TXN00043475,2024-03-23,2024-03-28,Delivered,Shadowfax
SHP41646,TXN00078136,2024-03-31,2024-04-04,Delivered,Delhivery
SHP22240,TXN00012302,2024-03-14,2024-03-23,Delivered,BlueDart
SHP61459,TXN00085654,2024-06-04,2024-06-06,Delivered,EcomExpress
SHP51196,TXN00044975,2024-01-23,2024-01-30,Delivered,BlueDart
SHP77644,TXN00018351,2024-06-09,2024-06-14,Delivered,BlueDart
SHP53193,TXN00077990,2024-06-10,2024-06-17,Delivered,EcomExpress
SHP53280,TXN00006971,2024-04-13,2024-04-14,Delivered,Delhivery
SHP36450,TXN00099954,2024-05-16,2024-05-24,Delivered,EcomExpress
SHP89846,TXN00023772,2024-04-14,2024-04-22,Delivered,BlueDart
SHP16855,TXN00078175,2024-04-14,2024-04-19,Delivered,Shadowfax
SHP51877,TXN00046027,2024-04-16,2024-04-23,Delivered,EcomExpress
SHP92117,TXN00068197,2024-02-28,2024-03-08,Delivered,EcomExpress
SHP56283,TXN00023145,2024-04-10,2024-04-11,Delivered,BlueDart
SHP22411,TXN00096409,2024-04-08,2024-04-16,Delivered,EcomExpress
SHP15851,TXN00027210,2024-01-16,2024-01-20,Delivered,Shadowfax
SHP37520,TXN00059247,2024-01-21,2024-01-30,Delivered,Shadowfax
SHP35247,TXN00041009,2024-04-28,2024-05-05,Delivered,EcomExpress
SHP72013,TXN00097084,2024-03-25,2024-04-04,Delivered,Shadowfax
SHP42684,TXN00004659,2024-05-04,2024-05-14,Delivered,Delhivery
SHP72265,TXN00006393,2024-04-28,2024-05-02,Delivered,Delhivery
SHP59995,TXN00004326,2024-01-07,2024-01-10,Delivered,Delhivery
SHP80857,TXN00009474,2024-06-15,2024-06-18,Delivered,BlueDart
SHP30105,TXN00069723,2024-04-29,2024-05-04,Delivered,Delhivery
SHP61712,TXN00059387,2024-03-26,2024-04-03,Delivered,Delhivery
SHP56439,TXN00024008,2024-03-09,2024-03-14,Delivered,EcomExpress
SHP82549,TXN00086172,2024-06-24,2024-06-29,Delivered,BlueDart
SHP94083,TXN00028701,2024-01-07,2024-01-16,Delivered,Shadowfax
SHP93200,TXN00092082,2024-06-24,2024-07-03,Delivered,EcomExpress
SHP84361,TXN00007343,2024-03-30,2024-04-08,Delivered,EcomExpress
SHP95385,TXN00067626,2024-02-04,2024-02-08,Delivered,EcomExpress
SHP22698,TXN00033300,2024-02-04,2024-02-13,Delivered,Delhivery
SHP36781,TXN00028185,2024-03-23,2024-03-31,Delivered,EcomExpress
SHP40474,TXN00040915,2024-04-24,2024-05-02,Delivered,BlueDart
SHP89095,TXN00057285,2024-02-03,2024-02-05,Delivered,Shadowfax
SHP37279,TXN00019485,2024-02-29,2024-03-07,Delivered,BlueDart
SHP25796,TXN00030983,2024-01-21,2024-01-24,Delivered,Delhivery
SHP29461,TXN00084726,2024-04-12,2024-04-13,Delivered,Shadowfax
SHP16408,TXN00053170,2024-05-22,2024-05-29,Delivered,Shadowfax
SHP69667,TXN00046569,2024-01-20,2024-01-25,Delivered,Shadowfax
SHP19337,TXN00013317,2024-03-29,2024-04-08,Delivered,EcomExpress
SHP79731,TXN00013233,2024-01-07,2024-01-08,Delivered,Shadowfax
SHP74071,TXN00067887,2024-03-26,2024-03-28,Delivered,Delhivery
SHP78980,TXN00088750,2024-03-30,2024-04-05,Delivered,EcomExpress
SHP95037,TXN00034554,2024-03-03,2024-03-08,Delivered,EcomExpress
SHP25894,TXN00077054,2024-05-03,2024-05-09,Delivered,EcomExpress
SHP43956,TXN00074953,2024-06-11,2024-06-13,Delivered,Shadowfax
SHP81571,TXN00038489,2024-06-23,2024-06-30,Delivered,Delhivery
SHP63982,TXN00025958,2024-06-01,2024-06-10,Delivered,Delhivery
SHP15312,TXN00077545,2024-03-29,2024-04-03,Delivered,EcomExpress
SHP55453,TXN00020377,2024-06-02,2024-06-04,Delivered,EcomExpress
SHP30987,TXN00061469,2024-05-28,2024-05-30,Delivered,EcomExpress
SHP19456,TXN00083009,2024-03-27,2024-04-03,Delivered,Delhivery
SHP81419,TXN00050638,2024-06-30,2024-07-01,Delivered,Shadowfax
SHP11349,TXN00032131,2024-03-25,2024-04-04,Delivered,Shadowfax
SHP71241,TXN00052860,2024-05-26,2024-06-05,Delivered,Shadowfax
SHP79232,TXN00072311,2024-06-09,2024-06-15,Delivered,Delhivery
SHP55332,TXN00077489,2024-03-12,2024-03-17,Delivered,Delhivery
SHP47967,TXN00069868,2024-02-16,2024-02-24,Delivered,BlueDart
SHP45360,TXN00055525,2024-03-29,2024-04-06,Delivered,EcomExpress
SHP98497,TXN00065917,2024-04-04,2024-04-07,Delivered,Delhivery
SHP71157,TXN00007612,2024-06-11,2024-06-17,Delivered,Shadowfax
SHP29576,TXN00080066,2024-04-21,2024-04-22,Delivered,Shadowfax
SHP15450,TXN00014452,2024-03-29,2024-04-08,Delivered,EcomExpress
SHP54065,TXN00093986,2024-05-07,2024-05-16,Delivered,Shadowfax
SHP51309,TXN00057155,2024-04-19,2024-04-23,Delivered,BlueDart
SHP31739,TXN00051455,2024-03-20,2024-03-28,Delivered,BlueDart
SHP76156,TXN00009272,2024-04-22,2024-05-01,Delivered,Delhivery
SHP63711,TXN00099581,2024-02-15,2024-02-17,Delivered,EcomExpress
SHP68607,TXN00031320,2024-02-03,2024-02-09,Delivered,BlueDart
SHP93835,TXN00057810,2024-06-25,2024-06-27,Delivered,EcomExpress
SHP13635,TXN00037234,2024-05-21,2024-05-29,Delivered,BlueDart
SHP31257,TXN00034510,2024-02-16,2024-02-20,Delivered,BlueDart
SHP17756,TXN00059392,2024-06-01,2024-06-04,Delivered,Shadowfax
SHP26603,TXN00085153,2024-06-11,2024-06-20,Delivered,BlueDart
SHP34322,TXN00054542,2024-06-24,2024-06-29,Delivered,Delhivery
SHP88089,TXN00093252,2024-06-22,2024-06-25,Delivered,Delhivery
SHP32531,TXN00075713,2024-01-17,2024-01-23,Delivered,Delhivery
SHP74597,TXN00003362,2024-04-28,2024-04-29,Delivered,Shadowfax
SHP78311,TXN00065931,2024-05-16,2024-05-26,Delivered,Delhivery
SHP97582,TXN00096450,2024-01-07,2024-01-08,Delivered,Shadowfax
SHP75227,TXN00065011,2024-04-08,2024-04-12,Delivered,BlueDart
SHP97615,TXN00045563,2024-01-25,2024-01-31,Delivered,Shadowfax
SHP78838,TXN00036470,2024-03-10,2024-03-16,Delivered,Shadowfax
SHP99173,TXN00077333,2024-01-17,2024-01-19,Delivered,EcomExpress
SHP15475,TXN00045971,2024-05-05,2024-05-10,Delivered,EcomExpress
SHP10469,TXN00012271,2024-01-18,2024-01-23,Delivered,Delhivery
SHP51145,TXN00092458,2024-03-22,2024-03-31,Delivered,Shadowfax
SHP85997,TXN00000792,2024-03-31,2024-04-05,Delivered,Delhivery
SHP91502,TXN00030357,2024-01-24,2024-01-30,Delivered,BlueDart
SHP31341,TXN00029638,2024-03-02,2024-03-05,Delivered,BlueDart
SHP35785,TXN00067067,2024-04-25,2024-05-02,Delivered,Delhivery
SHP19348,TXN00015963,2024-02-26,2024-02-29,Delivered,Delhivery
SHP15859,TXN00021473,2024-06-24,2024-07-01,Delivered,Shadowfax
SHP54061,TXN00087015,2024-05-06,2024-05-12,Delivered,EcomExpress
SHP48461,TXN00058811,2024-03-24,2024-04-03,Delivered,Delhivery
SHP73953,TXN00058312,2024-04-21,2024-04-26,Delivered,EcomExpress
SHP95168,TXN00010199,2024-02-20,2024-02-25,Delivered,Delhivery
SHP22143,TXN00034975,2024-05-16,2024-05-19,Delivered,EcomExpress
SHP58900,TXN00060457,2024-04-24,2024-04-28,Delivered,Delhivery
SHP37731,TXN00029408,2024-02-28,2024-03-04,Delivered,Shadowfax
SHP54171,TXN00072419,2024-06-22,2024-06-30,Delivered,Shadowfax
SHP64216,TXN00026105,2024-01-29,2024-02-04,Delivered,EcomExpress
SHP96765,TXN00017900,2024-01-14,2024-01-23,Delivered,BlueDart
SHP39266,TXN00078532,2024-05-02,2024-05-11,Delivered,Delhivery
SHP75053,TXN00077030,2024-01-29,2024-02-04,Delivered,Delhivery
SHP68837,TXN00022004,2024-04-16,2024-04-19,Delivered,BlueDart
SHP27930,TXN00027602,2024-02-20,2024-02-26,Delivered,Shadowfax
SHP40250,TXN00074568,2024-03-08,2024-03-09,Delivered,BlueDart
SHP81987,TXN00097441,2024-03-26,2024-03-29,Delivered,BlueDart
SHP46575,TXN00079826,2024-01-02,2024-01-05,Delivered,EcomExpress
SHP17224,TXN00001887,2024-02-22,2024-02-23,Delivered,BlueDart
SHP42508,TXN00057483,2024-04-24,2024-04-25,Delivered,EcomExpress
SHP66830,TXN00092056,2024-02-23,2024-02-28,Delivered,Shadowfax
SHP57416,TXN00072712,2024-03-21,2024-03-22,Delivered,BlueDart
SHP75565,TXN00063941,2024-02-18,2024-02-19,Delivered,Delhivery
SHP99852,TXN00095459,2024-02-08,2024-02-12,Delivered,BlueDart
SHP41965,TXN00058508,2024-05-18,2024-05-26,Delivered,EcomExpress
SHP27584,TXN00038714,2024-03-27,2024-03-29,Delivered,Delhivery
SHP28418,TXN00086145,2024-03-13,2024-03-20,Delivered,EcomExpress
SHP50336,TXN00090447,2024-06-28,2024-07-07,Delivered,BlueDart
SHP35058,TXN00009744,2024-02-26,2024-02-27,Delivered,EcomExpress
SHP16549,TXN00094928,2024-03-27,2024-03-29,Delivered,Shadowfax
SHP21313,TXN00006092,2024-03-13,2024-03-15,Delivered,BlueDart
SHP62275,TXN00089672,2024-05-10,2024-05-20,Delivered,Delhivery
SHP70319,TXN00043474,2024-03-10,2024-03-13,Delivered,BlueDart
SHP10214,TXN00074167,2024-02-02,2024-02-12,Delivered,BlueDart
SHP22262,TXN00002758,2024-05-01,2024-05-06,Delivered,EcomExpress
SHP12730,TXN00069635,2024-01-15,2024-01-19,Delivered,BlueDart
SHP27998,TXN00044171,2024-03-31,2024-04-01,Delivered,Shadowfax
SHP61064,TXN00046629,2024-01-02,2024-01-05,Delivered,Shadowfax
SHP76547,TXN00001473,2024-03-23,2024-03-28,Delivered,BlueDart
SHP94616,TXN00023107,2024-05-19,2024-05-27,Delivered,Shadowfax
SHP25348,TXN00069999,2024-01-22,2024-02-01,Delivered,EcomExpress
SHP28626,TXN00054259,2024-04-22,2024-05-02,Delivered,Delhivery
SHP76995,TXN00073717,2024-05-15,2024-05-20,Delivered,BlueDart
SHP71743,TXN00003120,2024-02-27,2024-03-01,Delivered,Shadowfax
SHP49507,TXN00045200,2024-02-14,2024-02-19,Delivered,EcomExpress
SHP71116,TXN00039193,2024-03-12,2024-03-20,Delivered,BlueDart
SHP28475,TXN00079465,2024-03-25,2024-03-31,Delivered,Shadowfax
SHP76856,TXN00039992,2024-04-08,2024-04-14,Delivered,EcomExpress
SHP31872,TXN00004748,2024-03-22,2024-03-31,Delivered,BlueDart
SHP66935,TXN00078398,2024-01-14,2024-01-23,Delivered,Delhivery
SHP16403,TXN00051573,2024-05-01,2024-05-11,Delivered,BlueDart
SHP91149,TXN00010131,2024-02-19,2024-02-22,Delivered,BlueDart
SHP52144,TXN00064935,2024-03-18,2024-03-27,Delivered,Delhivery
SHP47849,TXN00092901,2024-01-27,2024-02-02,Delivered,EcomExpress
SHP53917,TXN00035368,2024-02-12,2024-02-22,Delivered,Delhivery
SHP11264,TXN00098665,2024-02-23,2024-02-25,Delivered,EcomExpress
SHP50871,TXN00029435,2024-06-17,2024-06-20,Delivered,EcomExpress
SHP98950,TXN00036125,2024-06-18,2024-06-26,Delivered,Delhivery
SHP79644,TXN00091157,2024-03-27,2024-04-03,Delivered,Shadowfax
SHP52154,TXN00083690,2024-03-21,2024-03-25,Delivered,BlueDart
SHP98547,TXN00006793,2024-03-08,2024-03-15,Delivered,BlueDart
SHP95101,TXN00016071,2024-04-10,2024-04-18,Delivered,Delhivery
SHP62891,TXN00096804,2024-02-25,2024-02-26,Delivered,Shadowfax
SHP10764,TXN00099307,2024-06-24,2024-06-26,Delivered,Delhivery
SHP54733,TXN00090494,2024-01-22,2024-01-26,Delivered,EcomExpress
SHP90530,TXN00023636,2024-06-28,2024-07-01,Delivered,Delhivery
SHP35833,TXN00003073,2024-02-27,2024-03-04,Delivered,Shadowfax
SHP90589,TXN00029345,2024-01-26,2024-01-30,Delivered,Delhivery
SHP93600,TXN00098126,2024-03-25,2024-03-31,Delivered,BlueDart
SHP30615,TXN00021614,2024-05-19,2024-05-26,Delivered,Delhivery
SHP25119,TXN00097745,2024-02-27,2024-03-05,Delivered,Delhivery
SHP81729,TXN00087019,2024-05-02,2024-05-05,Delivered,Delhivery
SHP98819,TXN00048267,2024-06-01,2024-06-02,Delivered,BlueDart
SHP99680,TXN00019853,2024-04-05,2024-04-11,Delivered,Shadowfax
SHP73550,TXN00056852,2024-04-16,2024-04-26,Delivered,Shadowfax
SHP82832,TXN00064294,2024-05-25,2024-06-03,Delivered,EcomExpress
SHP96559,TXN00014922,2024-06-15,2024-06-24,Delivered,Delhivery
SHP20493,TXN00044366,2024-03-07,2024-03-17,Delivered,Shadowfax
SHP20926,TXN00067109,2024-03-28,2024-03-30,Delivered,Delhivery
SHP35782,TXN00063849,2024-05-12,2024-05-21,Delivered,Delhivery
SHP60831,TXN00094767,2024-05-23,2024-05-29,Delivered,Shadowfax
SHP95718,TXN00088915,2024-05-21,2024-05-30,Delivered,Delhivery
SHP28141,TXN00012116,2024-03-29,2024-03-31,Delivered,BlueDart
SHP85890,TXN00093826,2024-01-11,2024-01-21,Delivered,Delhivery
SHP89066,TXN00005892,2024-03-30,2024-04-07,Delivered,EcomExpress
SHP23361,TXN00026109,2024-05-02,2024-05-11,Delivered,Shadowfax
SHP14950,TXN00040206,2024-02-02,2024-02-04,Delivered,EcomExpress
SHP36821,TXN00070903,2024-03-01,2024-03-05,Delivered,Shadowfax
SHP64386,TXN00082153,2025-03-22,2025-03-24,Delivered,EcomExpress
SHP68651,TXN00089534,2024-03-22,2024-03-23,Delivered,BlueDart
SHP54782,TXN00086203,2024-03-27,2024-04-03,Delivered,Shadowfax
SHP77240,TXN00002053,2024-06-20,2024-06-26,Delivered,Delhivery
SHP60065,TXN00049183,2024-04-13,2024-04-21,Delivered,BlueDart
SHP10557,TXN00033715,2024-04-12,2024-04-22,Delivered,Shadowfax
SHP59749,TXN00038388,2024-03-26,2024-03-30,Delivered,Shadowfax
SHP96962,TXN00071606,2024-01-15,2024-01-23,Delivered,EcomExpress
SHP69359,TXN00090563,2024-05-30,2024-06-01,Delivered,BlueDart
SHP10167,TXN00071223,2024-03-24,2024-03-26,Delivered,BlueDart
SHP18416,TXN00080450,2024-05-01,2024-05-03,Delivered,BlueDart
SHP42714,TXN00073456,2024-04-18,2024-04-23,Delivered,BlueDart
SHP85287,TXN00066491,2024-05-05,2024-05-07,Delivered,EcomExpress
SHP79070,TXN00032586,2024-05-13,2024-05-20,Delivered,BlueDart
SHP58525,TXN00003212,2024-02-08,2024-02-11,Delivered,Delhivery
SHP62194,TXN00046105,2024-03-24,2024-03-30,Delivered,BlueDart
SHP34812,TXN00035099,2024-02-04,2024-02-12,Delivered,BlueDart
SHP94445,TXN00020186,2024-02-11,2024-02-19,Delivered,Delhivery
SHP65923,TXN00079749,2024-02-04,2024-02-07,Delivered,Shadowfax
SHP54618,TXN00018467,2024-01-24,2024-02-01,Delivered,EcomExpress
SHP21306,TXN00096022,2024-03-27,2024-04-01,Delivered,BlueDart
SHP57484,TXN00038535,2024-06-18,2024-06-20,Delivered,Shadowfax
SHP43663,TXN00041941,2024-04-10,2024-04-12,Delivered,EcomExpress
SHP96613,TXN00054978,2024-03-31,2024-04-10,Delivered,BlueDart
SHP56439,TXN00059816,2024-03-23,2024-03-26,Delivered,Delhivery
SHP81753,TXN00040467,2024-04-10,2024-04-20,Delivered,BlueDart
SHP39904,TXN00053670,2024-03-24,2024-03-31,Delivered,Delhivery
SHP55464,TXN00064353,2024-02-08,2024-02-09,Delivered,EcomExpress
SHP79540,TXN00027000,2024-06-03,2024-06-12,Delivered,Shadowfax
SHP79157,TXN00016223,2024-04-03,2024-04-08,Delivered,Shadowfax
SHP84850,TXN00045359,2024-02-07,2024-02-13,Delivered,EcomExpress
SHP14773,TXN00076563,2024-05-26,2024-05-27,Delivered,Shadowfax
SHP87498,TXN00040507,2024-03-28,2024-03-31,Delivered,BlueDart
SHP89169,TXN00046138,2024-03-11,2024-03-21,Delivered,EcomExpress
SHP78193,TXN00050570,2024-01-02,2024-01-07,Delivered,BlueDart
SHP31175,TXN00003064,2024-04-19,2024-04-28,Delivered,Shadowfax
SHP66088,TXN00023402,2024-04-06,2024-04-16,Delivered,Shadowfax
SHP83569,TXN00035577,2024-03-04,2024-03-14,Delivered,BlueDart
SHP72462,TXN00022236,2024-06-09,2024-06-15,Delivered,BlueDart
SHP88716,TXN00029077,2024-03-26,2024-03-29,Delivered,BlueDart
SHP31825,TXN00076445,2024-05-10,2024-05-16,Delivered,EcomExpress
SHP92051,TXN00000378,2024-05-24,2024-05-28,Delivered,BlueDart
SHP45105,TXN00058618,2024-05-03,2024-05-05,Delivered,Shadowfax
SHP11278,TXN00015184,2024-01-04,2024-01-11,Delivered,Shadowfax
SHP33101,TXN00023180,2024-04-13,2024-04-20,Delivered,Delhivery
SHP13878,TXN00019410,2024-04-09,2024-04-16,Delivered,Shadowfax
SHP97702,TXN00011733,2024-03-29,2024-04-06,Delivered,BlueDart
SHP27466,TXN00045622,2024-05-20,2024-05-30,Delivered,EcomExpress
SHP21545,TXN00036157,2024-04-02,2024-04-06,Delivered,BlueDart
SHP46646,TXN00050516,2024-06-09,2024-06-19,Delivered,Delhivery
SHP47338,TXN00020724,2024-01-10,2024-01-19,Delivered,Shadowfax
SHP51463,TXN00049993,2024-02-21,2024-03-02,Delivered,EcomExpress
SHP23059,TXN00037978,2024-03-27,2024-03-29,Delivered,Shadowfax
SHP14052,TXN00002585,2024-04-15,2024-04-22,Delivered,Shadowfax
SHP39664,TXN00091188,2024-03-21,2024-03-25,Delivered,Shadowfax
SHP84817,TXN00096071,2024-03-25,2024-03-28,Delivered,Delhivery
SHP81046,TXN00027527,2024-04-15,2024-04-19,Delivered,Delhivery
SHP70879,TXN00089035,2024-01-19,2024-01-28,Delivered,EcomExpress
SHP51769,TXN00089933,2024-06-27,2024-07-06,Delivered,Shadowfax
SHP14042,TXN00089130,2024-06-20,2024-06-30,Delivered,BlueDart
SHP84931,TXN00038722,2024-01-27,2024-01-31,Delivered,Delhivery
SHP79129,TXN00062613,2024-06-03,2024-06-07,Delivered,BlueDart
SHP90515,TXN00085805,2024-03-27,2024-03-31,Delivered,Shadowfax
SHP43222,TXN00018024,2024-04-28,2024-05-01,Delivered,Shadowfax
SHP88258,TXN00055540,2024-03-23,2024-04-01,Delivered,Shadowfax
SHP78351,TXN00027849,2024-05-02,2024-05-07,Delivered,EcomExpress
SHP88720,TXN00031635,2024-06-30,2024-07-02,Delivered,BlueDart
SHP10061,TXN00009316,2024-05-22,2024-05-31,Delivered,Delhivery
SHP43466,TXN00090165,2024-04-12,2024-04-13,Delivered,Delhivery
SHP99571,TXN00038501,2024-01-12,2024-01-22,Delivered,BlueDart
SHP97376,TXN00028755,2024-04-16,2024-04-25,Delivered,Shadowfax
SHP19480,TXN00045409,2024-02-02,2024-02-12,Delivered,BlueDart
SHP67709,TXN00073995,2024-01-08,2024-01-15,Delivered,BlueDart
SHP49877,TXN00062939,2024-04-06,2024-04-10,Delivered,EcomExpress
SHP46986,TXN00085026,2024-05-18,2024-05-22,Delivered,BlueDart
SHP39048,TXN00050514,2024-01-20,2024-01-21,Delivered,Shadowfax
SHP62626,TXN00099133,2024-03-28,2024-04-02,Delivered,BlueDart
SHP72647,TXN00084584,2024-02-24,2024-02-28,Delivered,EcomExpress
SHP92181,TXN00031068,2024-03-21,2024-03-22,Delivered,Delhivery
SHP88261,TXN00057090,2024-02-18,2024-02-28,Delivered,BlueDart
SHP85028,TXN00008316,2024-06-04,2024-06-14,Delivered,Shadowfax
SHP11672,TXN00085351,2024-03-30,2024-04-01,Delivered,Delhivery
SHP66446,TXN00009182,2024-01-26,2024-02-04,Delivered,BlueDart
SHP21421,TXN00088396,2024-04-02,2024-04-09,Delivered,Delhivery
SHP45606,TXN00006289,2024-03-27,2024-04-02,Delivered,Delhivery
SHP82516,TXN00087249,2024-01-28,2024-02-02,Delivered,BlueDart
SHP43485,TXN00075093,2024-03-24,2024-03-25,Delivered,Delhivery
SHP63084,TXN00013772,2024-05-14,2024-05-20,Delivered,BlueDart
SHP75908,TXN00086163,2024-04-23,2024-04-28,Delivered,EcomExpress
SHP64338,TXN00070486,2024-05-17,2024-05-23,Delivered,Delhivery
SHP87629,TXN00085377,2024-03-12,2024-03-13,Delivered,BlueDart
SHP74287,TXN00005476,2024-03-11,2024-03-21,Delivered,EcomExpress
SHP93425,TXN00097698,2024-02-06,2024-02-13,Delivered,Shadowfax
SHP10902,TXN00009123,2024-06-10,2024-06-12,Delivered,BlueDart
SHP96394,TXN00037580,2024-05-29,2024-05-30,Delivered,EcomExpress
SHP54235,TXN00011917,2024-07-01,2024-07-10,Delivered,EcomExpress
SHP17938,TXN00011683,2024-02-27,2024-03-05,Delivered,Delhivery
SHP78770,TXN00031352,2024-05-05,2024-05-11,Delivered,Delhivery
SHP63055,TXN00045675,2024-03-25,2024-03-28,Delivered,BlueDart
SHP31473,TXN00044283,2024-03-09,2024-03-12,Delivered,Delhivery
SHP12479,TXN00066975,2024-05-27,2024-05-29,Delivered,Delhivery
SHP95260,TXN00097914,2024-02-02,2024-02-08,Delivered,BlueDart
SHP44422,TXN00048224,2024-03-06,2024-03-11,Delivered,Shadowfax
SHP97335,TXN00086455,2024-05-31,2024-06-10,Delivered,BlueDart
SHP27459,TXN00064027,2024-04-25,2024-04-28,Delivered,BlueDart
SHP53576,TXN00041746,2024-06-23,2024-06-28,Delivered,EcomExpress
SHP94879,TXN00060545,2024-03-17,2024-03-21,Delivered,Delhivery
SHP84508,TXN00092601,2024-05-14,2024-05-17,Delivered,Shadowfax
SHP31771,TXN00032559,2024-04-29,2024-04-30,Delivered,BlueDart
SHP80289,TXN00066076,2024-04-21,2024-04-26,Delivered,Delhivery
SHP54883,TXN00001353,2024-05-05,2024-05-06,Delivered,EcomExpress
SHP14932,TXN00073906,2024-01-02,2024-01-10,Delivered,EcomExpress
SHP54235,TXN00053612,2024-02-04,2024-02-10,Delivered,EcomExpress
SHP18961,TXN00044928,2024-04-09,2024-04-11,Delivered,Shadowfax
SHP98652,TXN00034118,2024-02-14,2024-02-21,Delivered,BlueDart
SHP58218,TXN00009274,2024-05-04,2024-05-14,Delivered,Delhivery
SHP66537,TXN00085172,2024-02-04,2024-02-10,Delivered,Delhivery
SHP11047,TXN00001562,2024-05-17,2024-05-25,Delivered,Shadowfax
SHP44558,TXN00002266,2024-04-12,2024-04-17,Delivered,Shadowfax
SHP29420,TXN00045555,2024-06-26,2024-06-29,Delivered,EcomExpress
SHP48407,TXN00038681,2024-07-01,2024-07-05,Delivered,BlueDart
SHP20615,TXN00060945,2024-01-05,2024-01-11,Delivered,Shadowfax
SHP44979,TXN00090439,2024-03-08,2024-03-17,Delivered,BlueDart
SHP29525,TXN00066807,2024-02-09,2024-02-15,Delivered,Shadowfax
SHP93089,TXN00008235,2024-04-07,2024-04-12,Delivered,Delhivery
SHP77766,TXN00019775,2024-04-03,2024-04-10,Delivered,EcomExpress
SHP81502,TXN00003495,2024-02-15,2024-02-22,Delivered,BlueDart
SHP57090,TXN00008195,2024-03-08,2024-03-13,Delivered,Delhivery
SHP11330,TXN00036715,2024-03-31,2024-04-06,Delivered,Shadowfax
SHP15948,TXN00057683,2024-02-17,2024-02-26,Delivered,Shadowfax
SHP31319,TXN00074406,2024-06-03,2024-06-05,Delivered,Shadowfax
SHP18306,TXN00058313,2024-06-03,2024-06-11,Delivered,BlueDart
SHP74442,TXN00017695,2024-04-13,2024-04-20,Delivered,BlueDart
SHP99468,TXN00084413,2024-01-20,2024-01-24,Delivered,Delhivery
SHP59550,TXN00076460,2024-01-10,2024-01-20,Delivered,Shadowfax
SHP58299,TXN00036916,2024-02-28,2024-03-08,Delivered,EcomExpress
SHP46874,TXN00079973,2024-02-19,2024-02-21,Delivered,Delhivery
SHP82599,TXN00079855,2024-03-28,2024-03-29,Delivered,Shadowfax
SHP13097,TXN00048220,2024-06-16,2024-06-26,Delivered,BlueDart
SHP39600,TXN00069782,2024-04-03,2024-04-06,Delivered,EcomExpress
SHP37480,TXN00095464,2024-03-30,2024-04-03,Delivered,BlueDart
SHP56377,TXN00082394,2024-06-10,2024-06-13,Delivered,BlueDart
SHP68795,TXN00063118,2024-02-29,2024-03-06,Delivered,EcomExpress
SHP15808,TXN00074735,2024-04-09,2024-04-16,Delivered,BlueDart
SHP62901,TXN00002304,2024-06-17,2024-06-26,Delivered,EcomExpress
SHP22771,TXN00047603,2024-01-21,2024-01-23,Delivered,Delhivery
SHP81651,TXN00046096,2024-03-28,2024-04-06,Delivered,Delhivery
SHP40267,TXN00072356,2024-06-12,2024-06-21,Delivered,BlueDart
SHP62666,TXN00043994,2024-06-15,2024-06-22,Delivered,EcomExpress
SHP28208,TXN00055805,2024-04-09,2024-04-14,Delivered,Delhivery
SHP53156,TXN00095496,2024-04-16,2024-04-17,Delivered,EcomExpress
SHP86353,TXN00044176,2024-06-09,2024-06-19,Delivered,BlueDart
SHP23225,TXN00084763,2024-03-22,2024-03-25,Delivered,Shadowfax
SHP46314,TXN00036991,2024-03-04,2024-03-07,Delivered,Shadowfax
SHP20997,TXN00003133,2024-04-07,2024-04-13,Delivered,Delhivery
SHP49629,TXN00099794,2024-03-28,2024-03-30,Delivered,EcomExpress
SHP22455,TXN00076236,2024-05-05,2024-05-13,Delivered,Delhivery
SHP37515,TXN00054979,2024-04-27,2024-05-07,Delivered,Delhivery
SHP28332,TXN00067005,2024-04-10,2024-04-15,Delivered,Shadowfax
SHP25168,TXN00051721,2024-04-08,2024-04-15,Delivered,BlueDart
SHP28921,TXN00062650,2024-03-31,2024-04-07,Delivered,BlueDart
SHP40306,TXN00093045,2024-04-11,2024-04-20,Delivered,BlueDart
SHP98439,TXN00057713,2024-05-27,2024-05-31,Delivered,EcomExpress
SHP75995,TXN00036377,2024-03-19,2024-03-25,Delivered,Shadowfax
SHP51308,TXN00091942,2024-02-28,2024-03-01,Delivered,Shadowfax
SHP22228,TXN00071705,2024-02-02,2024-02-03,Delivered,Shadowfax
SHP23945,TXN00034493,2024-01-24,2024-01-31,Delivered,Shadowfax
SHP38371,TXN00050643,2024-04-30,2024-05-07,Delivered,Shadowfax
SHP60377,TXN00008372,2024-03-22,2024-03-29,Delivered,BlueDart
SHP27757,TXN00043335,2024-04-09,2024-04-13,Delivered,BlueDart
SHP48014,TXN00035353,2024-05-18,2024-05-23,Delivered,Shadowfax
SHP35316,TXN00070739,2024-01-13,2024-01-21,Delivered,Delhivery
SHP70696,TXN00008700,2024-06-17,2024-06-23,Delivered,EcomExpress
SHP42616,TXN00026396,2024-03-13,2024-03-15,Delivered,Shadowfax
SHP53551,TXN00058868,2024-04-18,2024-04-28,Delivered,BlueDart
SHP54157,TXN00029498,2024-04-02,2024-04-07,Delivered,BlueDart
SHP67941,TXN00007566,2024-06-15,2024-06-16,Delivered,BlueDart
SHP33558,TXN00078386,2024-02-12,2024-02-22,Delivered,BlueDart
SHP26029,TXN00096790,2024-03-27,2024-04-03,Delivered,Shadowfax
SHP30235,TXN00030344,2024-04-01,2024-04-11,Delivered,Shadowfax
SHP83488,TXN00032982,2024-06-07,2024-06-11,Delivered,Shadowfax
SHP49172,TXN00058564,2024-03-21,2024-03-25,Delivered,Delhivery
SHP24275,TXN00048731,2024-03-29,2024-03-30,Delivered,BlueDart
SHP22668,TXN00089825,2024-01-24,2024-01-27,Delivered,Shadowfax
SHP69354,TXN00002497,2024-06-03,2024-06-04,Delivered,Shadowfax
SHP75528,TXN00072884,2024-03-22,2024-03-30,Delivered,Delhivery
SHP88177,TXN00076279,2024-01-03,2024-01-12,Delivered,BlueDart
SHP38094,TXN00009902,2024-02-02,2024-02-09,Delivered,BlueDart
SHP73487,TXN00078062,2024-05-01,2024-05-04,Delivered,BlueDart
SHP56192,TXN00017946,2024-03-23,2024-03-29,Delivered,EcomExpress
SHP20502,TXN00039247,2024-03-30,2024-04-03,Delivered,Delhivery
SHP92878,TXN00092234,2024-02-01,2024-02-04,Delivered,Delhivery
SHP72982,TXN00074450,2024-02-25,2024-03-05,Delivered,Delhivery
SHP14598,TXN00066284,2024-04-12,2024-04-14,Delivered,BlueDart
SHP40741,TXN00056934,2024-05-17,2024-05-22,Delivered,Shadowfax
SHP22915,TXN00015352,2024-04-18,2024-04-24,Delivered,Shadowfax
SHP76635,TXN00099872,2024-01-02,2024-01-11,Delivered,Delhivery
SHP83426,TXN00020107,2025-05-27,2025-06-04,Delivered,EcomExpress
SHP25642,TXN00091118,2024-06-19,2024-06-27,Delivered,BlueDart
SHP60736,TXN00099599,2024-06-03,2024-06-07,Delivered,BlueDart
SHP54984,TXN00094003,2024-06-13,2024-06-21,Delivered,BlueDart
SHP19383,TXN00065420,2024-01-24,2024-01-29,Delivered,BlueDart
SHP20863,TXN00063510,2024-03-24,2024-04-01,Delivered,EcomExpress
SHP94165,TXN00030753,2024-04-09,2024-04-18,Delivered,BlueDart
SHP43772,TXN00033007,2024-04-18,2024-04-23,Delivered,Delhivery
SHP98249,TXN00026357,2024-01-09,2024-01-10,Delivered,EcomExpress
SHP44423,TXN00003403,2024-03-10,2024-03-16,Delivered,BlueDart
SHP20844,TXN00064278,2024-06-04,2024-06-07,Delivered,EcomExpress
SHP57482,TXN00046455,2024-03-24,2024-03-31,Delivered,Shadowfax
SHP57495,TXN00090875,2024-02-23,2024-03-03,Delivered,BlueDart
SHP35948,TXN00080877,2024-03-20,2024-03-28,Delivered,Shadowfax
SHP74532,TXN00047795,2024-04-18,2024-04-22,Delivered,BlueDart
SHP76413,TXN00043771,2024-02-12,2024-02-13,Delivered,Delhivery
SHP83150,TXN00067484,2024-03-30,2024-04-07,Delivered,BlueDart
SHP33554,TXN00087366,2024-02-11,2024-02-15,Delivered,Delhivery
SHP91263,TXN00025657,2024-04-03,2024-04-08,Delivered,Shadowfax
SHP69828,TXN00092369,2024-05-29,2024-06-01,Delivered,Delhivery
SHP48524,TXN00011910,2024-06-16,2024-06-19,Delivered,BlueDart
SHP73099,TXN00071795,2024-01-26,2024-02-04,Delivered,BlueDart
SHP49680,TXN00055359,2024-01-26,2024-02-04,Delivered,BlueDart
SHP98362,TXN00016162,2024-04-14,2024-04-23,Delivered,Delhivery
SHP79387,TXN00022331,2024-02-07,2024-02-13,Delivered,Shadowfax
SHP15288,TXN00085894,2024-03-22,2024-03-26,Delivered,Delhivery
SHP60235,TXN00005023,2024-05-04,2024-05-11,Delivered,EcomExpress
SHP74720,TXN00009131,2024-05-10,2024-05-12,Delivered,Shadowfax
SHP90625,TXN00074435,2024-06-27,2024-06-28,Delivered,Delhivery
SHP85894,TXN00001479,2024-03-25,2024-03-29,Delivered,EcomExpress
SHP14841,TXN00020596,2024-03-23,2024-03-30,Delivered,Delhivery
SHP92502,TXN00043557,2024-03-24,2024-03-28,Delivered,Shadowfax
SHP36580,TXN00065930,2024-03-26,2024-03-27,Delivered,EcomExpress
SHP92391,TXN00052080,2024-05-05,2024-05-14,Delivered,BlueDart
SHP53835,TXN00038832,2024-03-11,2024-03-13,Delivered,Delhivery
SHP41290,TXN00033851,2024-06-29,2024-07-01,Delivered,Delhivery
SHP93177,TXN00028766,2024-02-29,2024-03-03,Delivered,BlueDart
SHP78093,TXN00000797,2024-04-09,2024-04-19,Delivered,Delhivery
SHP22236,TXN00017818,2024-05-31,2024-06-01,Delivered,Delhivery
SHP60974,TXN00089179,2024-04-09,2024-04-19,Delivered,Delhivery
SHP69692,TXN00095833,2024-05-07,2024-05-16,Delivered,EcomExpress
SHP29039,TXN00015385,2024-04-21,2024-04-24,Delivered,EcomExpress
SHP57120,TXN00074522,2024-04-10,2024-04-18,Delivered,Shadowfax
SHP83440,TXN00051025,2024-03-16,2024-03-18,Delivered,Delhivery
SHP57876,TXN00029738,2024-04-23,2024-04-24,Delivered,EcomExpress
SHP42047,TXN00062080,2024-04-16,2024-04-23,Delivered,Delhivery
SHP36922,TXN00062231,2024-03-22,2024-03-31,Delivered,EcomExpress
SHP19517,TXN00021310,2024-04-08,2024-04-16,Delivered,BlueDart
SHP71334,TXN00065296,2024-06-01,2024-06-07,Delivered,BlueDart
SHP53740,TXN00054684,2024-05-24,2024-06-01,Delivered,EcomExpress
SHP18856,TXN00022298,2024-02-13,2024-02-17,Delivered,Shadowfax
SHP21826,TXN00094277,2024-05-23,2024-05-28,Delivered,BlueDart
SHP92669,TXN00056974,2024-04-13,2024-04-14,Delivered,Shadowfax
SHP67280,TXN00059491,2024-01-18,2024-01-26,Delivered,Shadowfax
SHP70945,TXN00049848,2024-06-13,2024-06-22,Delivered,Delhivery
SHP40326,TXN00069590,2024-07-01,2024-07-04,Delivered,Shadowfax
SHP25195,TXN00050230,2024-03-24,2024-04-01,Delivered,BlueDart
SHP49964,TXN00044985,2024-04-25,2024-04-28,Delivered,Shadowfax
SHP52031,TXN00019776,2024-03-22,2024-03-27,Delivered,Shadowfax
SHP22930,TXN00078172,2024-03-21,2024-03-22,Delivered,Shadowfax
SHP33128,TXN00035512,2024-04-12,2024-04-14,Delivered,Delhivery
SHP38160,TXN00059019,2024-03-17,2024-03-25,Delivered,BlueDart
SHP53802,TXN00069904,2024-05-28,2024-06-06,Delivered,Delhivery
SHP96641,TXN00081056,2024-01-20,2024-01-28,Delivered,BlueDart
SHP76061,TXN00038874,2024-01-18,2024-01-28,Delivered,EcomExpress
SHP17681,TXN00034860,2024-06-20,2024-06-23,Delivered,Delhivery
SHP92167,TXN00056429,2024-01-19,2024-01-25,Delivered,EcomExpress
SHP58564,TXN00000491,2024-04-15,2024-04-20,Delivered,BlueDart
SHP12155,TXN00067774,2024-02-16,2024-02-20,Delivered,Shadowfax
SHP93200,TXN00095959,2024-01-06,2024-01-10,Delivered,BlueDart
SHP10090,TXN00025360,2024-03-28,2024-04-03,Delivered,BlueDart
SHP80792,TXN00041662,2024-04-17,2024-04-24,Delivered,EcomExpress
SHP54354,TXN00046500,2024-03-17,2024-03-25,Delivered,Shadowfax
SHP79461,TXN00097403,2024-06-01,2024-06-08,Delivered,Delhivery
SHP41542,TXN00031449,2024-02-12,2024-02-18,Delivered,Shadowfax
SHP25715,TXN00013386,2024-04-14,2024-04-21,Delivered,EcomExpress
SHP76051,TXN00050640,2024-02-26,2024-03-03,Delivered,BlueDart
SHP81587,TXN00093038,2024-02-10,2024-02-12,Delivered,EcomExpress
SHP40427,TXN00010847,2024-06-09,2024-06-19,Delivered,Delhivery
SHP65262,TXN00068690,2024-06-09,2024-06-16,Delivered,Shadowfax
SHP44435,TXN00048781,2024-05-31,2024-06-10,Delivered,Delhivery
SHP59224,TXN00086731,2024-04-24,2024-04-25,Delivered,Delhivery
SHP67481,TXN00043062,2024-01-21,2024-01-25,Delivered,BlueDart
SHP90341,TXN00096385,2024-03-24,2024-04-03,Delivered,Delhivery
SHP86145,TXN00088402,2024-05-31,2024-06-06,Delivered,Delhivery
SHP91321,TXN00046645,2024-01-12,2024-01-19,Delivered,Delhivery
SHP71537,TXN00054414,2024-03-12,2024-03-20,Delivered,BlueDart
SHP25663,TXN00067545,2024-05-08,2024-05-14,Delivered,Shadowfax
SHP98903,TXN00016759,2024-03-31,2024-04-03,Delivered,BlueDart
SHP50208,TXN00018416,2024-02-16,2024-02-24,Delivered,Shadowfax
SHP57383,TXN00043316,2024-05-29,2024-06-04,Delivered,Shadowfax
SHP30763,TXN00094336,2024-04-21,2024-04-30,Delivered,EcomExpress
SHP51174,TXN00044888,2024-03-27,2024-03-28,Delivered,EcomExpress
SHP13697,TXN00045732,2024-02-10,2024-02-12,Delivered,EcomExpress
SHP29944,TXN00078295,2024-05-15,2024-05-25,Delivered,Shadowfax
SHP18499,TXN00022532,2024-06-19,2024-06-25,Delivered,Shadowfax
SHP49210,TXN00010075,2024-02-28,2024-03-04,Delivered,EcomExpress
SHP61062,TXN00083781,2024-03-03,2024-03-12,Delivered,Shadowfax
SHP88627,TXN00097704,2024-06-05,2024-06-11,Delivered,EcomExpress
SHP51850,TXN00037738,2024-03-04,2024-03-08,Delivered,Delhivery
SHP24759,TXN00061013,2024-04-22,2024-04-24,Delivered,Shadowfax
SHP33903,TXN00085741,2024-04-08,2024-04-15,Delivered,Shadowfax
SHP63439,TXN00053376,2024-05-20,2024-05-30,Delivered,Delhivery
SHP16400,TXN00031484,2024-04-12,2024-04-18,Delivered,Shadowfax
SHP62447,TXN00034509,2024-03-11,2024-03-17,Delivered,EcomExpress
SHP55877,TXN00091699,2024-03-24,2024-03-28,Delivered,Shadowfax
SHP12631,TXN00073397,2024-03-24,2024-03-29,Delivered,BlueDart
SHP79703,TXN00055283,2024-04-11,2024-04-13,Delivered,EcomExpress
SHP38874,TXN00014532,2024-01-14,2024-01-21,Delivered,EcomExpress
SHP93780,TXN00054648,2024-02-09,2024-02-11,Delivered,Delhivery
SHP78429,TXN00014245,2024-01-22,2024-01-30,Delivered,BlueDart
SHP74297,TXN00050072,2024-06-21,2024-07-01,Delivered,Shadowfax
SHP70808,TXN00016650,2024-01-08,2024-01-09,Delivered,Delhivery
SHP24850,TXN00092330,2024-02-23,2024-02-24,Delivered,Delhivery
SHP48915,TXN00067313,2024-01-31,2024-02-07,Delivered,Delhivery
SHP54494,TXN00000348,2024-03-20,2024-03-29,Delivered,Delhivery
SHP13932,TXN00055291,2024-06-24,2024-06-26,Delivered,Delhivery
SHP31584,TXN00028326,2024-06-21,2024-06-28,Delivered,EcomExpress
SHP31219,TXN00015251,2024-04-03,2024-04-07,Delivered,EcomExpress
SHP69663,TXN00083840,2024-05-25,2024-06-03,Delivered,BlueDart
SHP24313,TXN00019439,2024-06-08,2024-06-09,Delivered,BlueDart
SHP66952,TXN00035890,2024-04-07,2024-04-14,Delivered,BlueDart
SHP37427,TXN00026924,2024-04-01,2024-04-03,Delivered,Shadowfax
SHP49283,TXN00099269,2024-02-20,2024-03-01,Delivered,EcomExpress
SHP44920,TXN00082168,2024-04-12,2024-04-20,Delivered,Shadowfax
SHP57823,TXN00004314,2024-06-25,2024-07-04,Delivered,Shadowfax
SHP39927,TXN00075839,2024-05-30,2024-06-06,Delivered,EcomExpress
SHP91023,TXN00088496,2024-01-12,2024-01-15,Delivered,Delhivery
SHP73988,TXN00083196,2024-05-19,2024-05-23,Delivered,BlueDart
SHP70512,TXN00083311,2024-04-05,2024-04-14,Delivered,Shadowfax
SHP92724,TXN00051886,2024-01-28,2024-01-30,Delivered,EcomExpress
SHP53097,TXN00026905,2024-04-11,2024-04-18,Delivered,EcomExpress
SHP86660,TXN00069003,2024-01-13,2024-01-19,Delivered,Delhivery
SHP15976,TXN00008118,2024-02-07,2024-02-14,Delivered,EcomExpress
SHP33998,TXN00057992,2024-01-28,2024-02-02,Delivered,BlueDart
SHP26128,TXN00049794,2024-04-07,2024-04-11,Delivered,Shadowfax
SHP61627,TXN00074970,2024-06-09,2024-06-10,Delivered,Shadowfax
SHP57733,TXN00027893,2024-03-13,2024-03-20,Delivered,EcomExpress
SHP45048,TXN00042117,2024-01-28,2024-02-06,Delivered,BlueDart
SHP85587,TXN00015990,2024-04-14,2024-04-24,Delivered,Delhivery
SHP80091,TXN00058546,2024-03-24,2024-03-31,Delivered,BlueDart
SHP21213,TXN00017257,2024-06-25,2024-06-27,Delivered,Shadowfax
SHP54017,TXN00096845,2024-05-14,2024-05-21,Delivered,EcomExpress
SHP42089,TXN00088248,2024-03-22,2024-03-25,Delivered,BlueDart
SHP83447,TXN00070795,2024-03-05,2024-03-06,Delivered,BlueDart
SHP70045,TXN00085721,2024-05-24,2024-05-31,Delivered,EcomExpress
SHP97244,TXN00085439,2024-01-08,2024-01-15,Delivered,EcomExpress
SHP80920,TXN00043444,2025-02-27,2025-03-03,Delivered,EcomExpress
SHP94375,TXN00017611,2024-03-18,2024-03-28,Delivered,BlueDart
SHP41305,TXN00030385,2024-03-03,2024-03-09,Delivered,EcomExpress
SHP85750,TXN00016382,2024-04-05,2024-04-12,Delivered,EcomExpress
SHP69009,TXN00089561,2024-06-05,2024-06-08,Delivered,EcomExpress
SHP51502,TXN00061990,2024-05-24,2024-05-27,Delivered,BlueDart
SHP29864,TXN00040301,2024-04-25,2024-04-30,Delivered,Shadowfax
SHP19970,TXN00074891,2024-06-25,2024-07-04,Delivered,Delhivery
SHP44250,TXN00083210,2024-04-29,2024-05-05,Delivered,Delhivery
SHP32567,TXN00047379,2024-06-03,2024-06-10,Delivered,Shadowfax
SHP94862,TXN00034329,2024-03-20,2024-03-26,Delivered,Delhivery
SHP63745,TXN00022141,2024-03-04,2024-03-07,Delivered,Shadowfax
SHP26371,TXN00037553,2024-05-13,2024-05-19,Delivered,BlueDart
SHP28448,TXN00001250,2024-05-20,2024-05-25,Delivered,BlueDart
SHP77599,TXN00048528,2024-02-05,2024-02-12,Delivered,Delhivery
SHP97464,TXN00094411,2024-02-19,2024-02-24,Delivered,BlueDart
SHP86418,TXN00016970,2024-03-04,2024-03-09,Delivered,Delhivery
SHP83293,TXN00055358,2024-06-07,2024-06-15,Delivered,EcomExpress
SHP29728,TXN00000395,2024-06-17,2024-06-21,Delivered,Shadowfax
SHP60436,TXN00068525,2024-01-14,2024-01-15,Delivered,EcomExpress
SHP50382,TXN00081797,2024-06-23,2024-06-29,Delivered,Shadowfax
SHP16660,TXN00049208,2024-01-21,2024-01-31,Delivered,EcomExpress
SHP99886,TXN00092349,2024-02-19,2024-02-21,Delivered,Shadowfax
SHP67549,TXN00088987,2024-02-26,2024-03-02,Delivered,BlueDart
SHP10551,TXN00060518,2024-07-01,2024-07-06,Delivered,Delhivery
SHP36550,TXN00088096,2024-04-06,2024-04-09,Delivered,Delhivery
SHP98650,TXN00064578,2024-01-07,2024-01-17,Delivered,Delhivery
SHP76596,TXN00055339,2024-04-14,2024-04-18,Delivered,Shadowfax
SHP71730,TXN00065816,2024-02-15,2024-02-22,Delivered,Shadowfax
SHP21877,TXN00082417,2024-05-21,2024-05-27,Delivered,BlueDart
SHP27331,TXN00068579,2024-04-24,2024-04-26,Delivered,BlueDart
SHP88712,TXN00098761,2024-06-02,2024-06-08,Delivered,Delhivery
SHP30674,TXN00092472,2024-01-20,2024-01-24,Delivered,EcomExpress
SHP73429,TXN00004348,2024-05-26,2024-05-29,Delivered,Shadowfax
SHP52731,TXN00019326,2024-01-05,2024-01-15,Delivered,BlueDart
SHP78774,TXN00082444,2024-03-24,2024-03-29,Delivered,Shadowfax
SHP94888,TXN00001315,2024-04-18,2024-04-19,Delivered,Delhivery
SHP40604,TXN00025538,2024-03-31,2024-04-07,Delivered,Delhivery
SHP16187,TXN00007610,2024-03-07,2024-03-15,Delivered,Shadowfax
SHP35092,TXN00081654,2024-04-22,2024-04-27,Delivered,EcomExpress
SHP75109,TXN00053548,2024-01-07,2024-01-11,Delivered,Delhivery
SHP49376,TXN00053245,2024-02-18,2024-02-27,Delivered,Shadowfax
SHP87592,TXN00053860,2024-05-17,2024-05-20,Delivered,BlueDart
SHP18936,TXN00047880,2024-03-20,2024-03-21,Delivered,Delhivery
SHP31416,TXN00019400,2024-05-05,2024-05-11,Delivered,Delhivery
SHP96214,TXN00024370,2024-05-29,2024-06-02,Delivered,BlueDart
SHP58769,TXN00014173,2024-05-24,2024-06-02,Delivered,BlueDart
SHP82430,TXN00039040,2024-03-29,2024-03-31,Delivered,EcomExpress
SHP19284,TXN00060904,2024-05-31,2024-06-03,Delivered,EcomExpress
SHP56888,TXN00084480,2024-05-11,2024-05-16,Delivered,EcomExpress
SHP30008,TXN00094797,2024-03-29,2024-03-31,Delivered,EcomExpress
SHP56374,TXN00070337,2024-05-26,2024-06-02,Delivered,EcomExpress
SHP22570,TXN00084553,2024-06-30,2024-07-06,Delivered,Shadowfax
SHP63188,TXN00038030,2024-04-30,2024-05-09,Delivered,EcomExpress
SHP70730,TXN00020198,2024-05-20,2024-05-26,Delivered,BlueDart
SHP89593,TXN00089283,2024-03-03,2024-03-08,Delivered,Shadowfax
SHP62839,TXN00018766,2024-04-15,2024-04-22,Delivered,EcomExpress
SHP14235,TXN00041205,2024-02-22,2024-02-27,Delivered,EcomExpress
SHP76564,TXN00055399,2024-04-07,2024-04-11,Delivered,Shadowfax
SHP17512,TXN00084703,2024-03-14,2024-03-23,Delivered,BlueDart
SHP25908,TXN00042681,2024-03-28,2024-04-02,Delivered,EcomExpress
SHP28659,TXN00066029,2024-04-29,2024-05-07,Delivered,Shadowfax
SHP77122,TXN00028866,2024-03-22,2024-03-29,Delivered,EcomExpress
SHP39458,TXN00012860,2024-03-12,2024-03-16,Delivered,BlueDart
SHP20229,TXN00094980,2024-02-03,2024-02-06,Delivered,BlueDart
SHP90272,TXN00095264,2024-03-22,2024-03-23,Delivered,Shadowfax
SHP36671,TXN00049605,2024-06-15,2024-06-25,Delivered,Delhivery
SHP29458,TXN00018430,2024-06-19,2024-06-26,Delivered,BlueDart
SHP57862,TXN00002600,2024-04-16,2024-04-26,Delivered,EcomExpress
SHP40546,TXN00072376,2024-05-08,2024-05-16,Delivered,Shadowfax
SHP79167,TXN00080750,2024-01-08,2024-01-16,Delivered,EcomExpress
SHP59619,TXN00024822,2024-04-07,2024-04-11,Delivered,BlueDart
SHP30933,TXN00074398,2024-05-01,2024-05-10,Delivered,Delhivery
SHP54553,TXN00042271,2024-04-12,2024-04-20,Delivered,Delhivery
SHP24850,TXN00020497,2024-01-07,2024-01-13,Delivered,Delhivery
SHP47878,TXN00065568,2024-05-13,2024-05-19,Delivered,Delhivery
SHP13754,TXN00069739,2024-03-22,2024-03-27,Delivered,Delhivery
SHP62487,TXN00034426,2024-02-20,2024-02-29,Delivered,Delhivery
SHP30464,TXN00084151,2024-04-26,2024-05-02,Delivered,Delhivery
SHP97918,TXN00070665,2024-06-20,2024-06-30,Delivered,BlueDart
SHP67169,TXN00047762,2024-03-01,2024-03-10,Delivered,Shadowfax
SHP61919,TXN00076415,2024-01-29,2024-02-02,Delivered,Delhivery
SHP27014,TXN00018412,2024-06-21,2024-06-24,Delivered,EcomExpress
SHP21384,TXN00094958,2024-02-20,2024-02-24,Delivered,Delhivery
SHP18942,TXN00076848,2024-04-13,2024-04-22,Delivered,EcomExpress
SHP55334,TXN00037310,2024-06-13,2024-06-19,Delivered,Delhivery
SHP32320,TXN00063537,2024-01-13,2024-01-22,Delivered,Delhivery
SHP26988,TXN00060565,2024-03-09,2024-03-13,Delivered,BlueDart
SHP61814,TXN00060349,2024-05-14,2024-05-20,Delivered,EcomExpress
SHP31904,TXN00011361,2024-03-25,2024-03-31,Delivered,BlueDart
SHP43247,TXN00097158,2024-03-31,2024-04-05,Delivered,Delhivery
SHP81448,TXN00071738,2024-03-03,2024-03-12,Delivered,BlueDart
SHP92598,TXN00007654,2024-05-11,2024-05-19,Delivered,Delhivery
SHP69471,TXN00089301,2024-06-08,2024-06-16,Delivered,EcomExpress
SHP77984,TXN00038276,2024-05-13,2024-05-19,Delivered,EcomExpress
SHP92253,TXN00058557,2024-05-11,2024-05-17,Delivered,EcomExpress
SHP77343,TXN00040604,2024-03-14,2024-03-19,Delivered,BlueDart
SHP80839,TXN00012428,2024-02-27,2024-03-06,Delivered,BlueDart
SHP32197,TXN00012615,2024-04-19,2024-04-26,Delivered,BlueDart
SHP49556,TXN00034273,2024-04-16,2024-04-25,Delivered,Shadowfax
SHP45534,TXN00089923,2024-02-20,2024-02-28,Delivered,BlueDart
SHP45842,TXN00048547,2024-03-06,2024-03-07,Delivered,EcomExpress
SHP23652,TXN00045154,2024-03-16,2024-03-19,Delivered,BlueDart
SHP48873,TXN00064229,2024-04-08,2024-04-16,Delivered,BlueDart
SHP58495,TXN00067140,2024-03-26,2024-03-30,Delivered,BlueDart
SHP33202,TXN00047933,2024-03-25,2024-03-28,Delivered,Shadowfax
SHP46904,TXN00026914,2024-04-08,2024-04-18,Delivered,EcomExpress
SHP65775,TXN00041665,2024-04-20,2024-04-21,Delivered,EcomExpress
SHP20868,TXN00060691,2024-01-08,2024-01-17,Delivered,EcomExpress
SHP78447,TXN00006278,2024-05-30,2024-06-09,Delivered,BlueDart
SHP31795,TXN00008693,2024-01-04,2024-01-09,Delivered,Shadowfax
SHP47037,TXN00051581,2024-06-30,2024-07-10,Delivered,Delhivery
SHP45437,TXN00008027,2024-02-18,2024-02-20,Delivered,Shadowfax
SHP59207,TXN00096306,2024-01-21,2024-01-30,Delivered,Shadowfax
SHP35543,TXN00093242,2024-03-02,2024-03-11,Delivered,EcomExpress
SHP32396,TXN00035995,2024-02-21,2024-02-26,Delivered,Shadowfax
SHP62973,TXN00016745,2024-04-04,2024-04-14,Delivered,EcomExpress
SHP14576,TXN00021415,2024-03-17,2024-03-21,Delivered,EcomExpress
SHP27884,TXN00080202,2024-05-01,2024-05-11,Delivered,Shadowfax
SHP32124,TXN00032508,2024-04-04,2024-04-10,Delivered,BlueDart
SHP56147,TXN00078653,2024-04-16,2024-04-24,Delivered,Delhivery
SHP14543,TXN00053128,2024-01-30,2024-02-03,Delivered,BlueDart
SHP48975,TXN00025849,2024-03-04,2024-03-06,Delivered,Delhivery
SHP23403,TXN00097536,2024-02-19,2024-02-23,Delivered,Delhivery
SHP11646,TXN00011831,2024-05-21,2024-05-31,Delivered,EcomExpress
SHP17983,TXN00031130,2024-03-25,2024-04-03,Delivered,BlueDart
SHP96342,TXN00035980,2024-04-05,2024-04-13,Delivered,Shadowfax
SHP20398,TXN00036711,2024-05-09,2024-05-11,Delivered,Shadowfax
SHP95171,TXN00069491,2024-03-10,2024-03-11,Delivered,Delhivery
SHP42666,TXN00085446,2024-06-25,2024-07-04,Delivered,Shadowfax
SHP35760,TXN00061679,2024-06-23,2024-06-26,Delivered,Shadowfax
SHP82079,TXN00099713,2024-01-10,2024-01-13,Delivered,Shadowfax
SHP26571,TXN00053150,2024-04-09,2024-04-13,Delivered,Delhivery
SHP22953,TXN00048115,2024-03-16,2024-03-19,Delivered,BlueDart
SHP52431,TXN00093594,2024-01-03,2024-01-10,Delivered,EcomExpress
SHP97292,TXN00084280,2024-06-10,2024-06-12,Delivered,BlueDart
SHP94135,TXN00018420,2024-04-10,2024-04-11,Delivered,Delhivery
SHP73426,TXN00003497,2024-06-08,2024-06-11,Delivered,BlueDart
SHP68614,TXN00031042,2024-06-25,2024-07-03,Delivered,EcomExpress
SHP73226,TXN00013167,2024-02-10,2024-02-11,Delivered,BlueDart
SHP64427,TXN00047690,2024-06-09,2024-06-19,Delivered,Shadowfax
SHP82954,TXN00000800,2024-05-01,2024-05-10,Delivered,Shadowfax
SHP39748,TXN00096483,2024-03-29,2024-03-31,Delivered,BlueDart
SHP64917,TXN00029213,2024-06-30,2024-07-10,Delivered,BlueDart
SHP27641,TXN00099522,2024-05-03,2024-05-13,Delivered,Delhivery
SHP56548,TXN00027166,2024-05-15,2024-05-24,Delivered,Shadowfax
SHP88913,TXN00004061,2024-02-15,2024-02-24,Delivered,EcomExpress
SHP72563,TXN00011293,2024-05-06,2024-05-08,Delivered,BlueDart
SHP23869,TXN00088184,2024-03-28,2024-04-02,Delivered,BlueDart
SHP88040,TXN00010832,2024-03-18,2024-03-20,Delivered,Shadowfax
SHP31314,TXN00079146,2024-03-24,2024-03-30,Delivered,Delhivery
SHP66798,TXN00020229,2024-06-30,2024-07-05,Delivered,EcomExpress
SHP58049,TXN00049127,2024-03-30,2024-04-01,Delivered,Delhivery
SHP30991,TXN00068763,2024-04-09,2024-04-14,Delivered,Shadowfax
SHP67475,TXN00072834,2024-06-04,2024-06-08,Delivered,Delhivery
SHP75640,TXN00092605,2024-02-04,2024-02-08,Delivered,BlueDart
SHP59881,TXN00002526,2024-02-15,2024-02-18,Delivered,Delhivery
SHP94573,TXN00091289,2024-01-29,2024-02-05,Delivered,Shadowfax
SHP66448,TXN00004416,2024-03-24,2024-03-25,Delivered,Shadowfax
SHP54773,TXN00081940,2024-03-18,2024-03-20,Delivered,Delhivery
SHP58739,TXN00023529,2024-04-17,2024-04-23,Delivered,Delhivery
SHP76774,TXN00057198,2024-06-27,2024-06-29,Delivered,EcomExpress
SHP33014,TXN00075062,2024-03-17,2024-03-25,Delivered,Delhivery
SHP54719,TXN00011498,2024-02-27,2024-03-07,Delivered,Delhivery
SHP71294,TXN00064427,2024-02-04,2024-02-11,Delivered,EcomExpress
SHP73830,TXN00003387,2024-04-08,2024-04-17,Delivered,BlueDart
SHP88736,TXN00036378,2024-02-07,2024-02-16,Delivered,EcomExpress
SHP52575,TXN00001150,2024-05-02,2024-05-03,Delivered,Delhivery
SHP84069,TXN00042806,2024-04-22,2024-04-26,Delivered,BlueDart
SHP97513,TXN00099695,2024-06-08,2024-06-13,Delivered,Delhivery
SHP91459,TXN00077207,2024-03-22,2024-03-23,Delivered,Delhivery
SHP64766,TXN00076786,2024-06-30,2024-07-03,Delivered,Delhivery
SHP48394,TXN00018239,2025-03-08,2025-03-14,Delivered,Shadowfax
SHP97663,TXN00007649,2024-04-12,2024-04-22,Delivered,Shadowfax
SHP95235,TXN00098531,2024-03-10,2024-03-13,Delivered,Delhivery
SHP80883,TXN00027139,2024-03-21,2024-03-24,Delivered,EcomExpress
SHP11768,TXN00073814,2024-04-19,2024-04-29,Delivered,Delhivery
SHP27644,TXN00027521,2024-06-08,2024-06-11,Delivered,Delhivery
SHP30464,TXN00003097,2024-01-23,2024-01-30,Delivered,Shadowfax
SHP52079,TXN00020607,2024-02-01,2024-02-08,Delivered,BlueDart
SHP87395,TXN00053303,2024-03-24,2024-03-30,Delivered,Delhivery
SHP77370,TXN00012651,2024-02-08,2024-02-13,Delivered,EcomExpress
SHP10549,TXN00023713,2024-04-08,2024-04-13,Delivered,Shadowfax
SHP39358,TXN00072846,2024-03-18,2024-03-22,Delivered,Shadowfax
SHP14491,TXN00071988,2024-01-02,2024-01-04,Delivered,BlueDart
SHP65717,TXN00005283,2024-06-09,2024-06-19,Delivered,Shadowfax
SHP18595,TXN00062314,2024-01-20,2024-01-22,Delivered,Shadowfax
SHP68921,TXN00068682,2024-04-17,2024-04-19,Delivered,EcomExpress
SHP29268,TXN00047980,2024-03-09,2024-03-19,Delivered,Shadowfax
SHP86834,TXN00019989,2024-06-21,2024-06-22,Delivered,EcomExpress
SHP46584,TXN00037605,2024-05-27,2024-06-03,Delivered,BlueDart
SHP42732,TXN00011915,2024-06-30,2024-07-07,Delivered,BlueDart
SHP78323,TXN00086495,2024-03-20,2024-03-25,Delivered,Delhivery
SHP61166,TXN00069463,2024-04-07,2024-04-12,Delivered,Delhivery
SHP57856,TXN00067104,2024-03-27,2024-04-05,Delivered,Delhivery
SHP70419,TXN00034596,2024-06-07,2024-06-15,Delivered,EcomExpress
SHP59328,TXN00025258,2024-01-12,2024-01-19,Delivered,EcomExpress
SHP73199,TXN00033523,2024-04-24,2024-04-25,Delivered,BlueDart
SHP75009,TXN00035086,2024-06-24,2024-06-29,Delivered,Delhivery
SHP93726,TXN00043838,2024-01-28,2024-01-31,Delivered,EcomExpress
SHP86042,TXN00029393,2024-05-22,2024-06-01,Delivered,Delhivery
SHP76288,TXN00066860,2024-05-19,2024-05-23,Delivered,Delhivery
SHP50338,TXN00005586,2024-03-25,2024-03-31,Delivered,EcomExpress
SHP77734,TXN00086447,2024-01-02,2024-01-06,Delivered,Delhivery
SHP11042,TXN00083418,2024-04-07,2024-04-17,Delivered,BlueDart
SHP74544,TXN00086165,2024-06-06,2024-06-07,Delivered,BlueDart
SHP32363,TXN00094864,2024-02-07,2024-02-16,Delivered,Delhivery
SHP89970,TXN00003025,2024-03-20,2024-03-27,Delivered,BlueDart
SHP90694,TXN00037537,2024-04-27,2024-05-06,Delivered,Shadowfax
SHP70661,TXN00070643,2024-06-02,2024-06-11,Delivered,Delhivery
SHP43654,TXN00033935,2024-03-04,2024-03-08,Delivered,EcomExpress
SHP40156,TXN00079324,2024-03-17,2024-03-26,Delivered,BlueDart
SHP19837,TXN00004984,2024-04-08,2024-04-09,Delivered,EcomExpress
SHP77079,TXN00096876,2024-04-17,2024-04-22,Delivered,BlueDart
SHP46796,TXN00041487,2024-04-09,2024-04-17,Delivered,Shadowfax
SHP63252,TXN00061532,2024-02-15,2024-02-16,Delivered,BlueDart
SHP37241,TXN00022475,2024-03-07,2024-03-17,Delivered,BlueDart
SHP96981,TXN00047774,2024-06-08,2024-06-13,Delivered,EcomExpress
SHP47889,TXN00006755,2024-03-27,2024-04-04,Delivered,EcomExpress
SHP89143,TXN00056587,2024-07-01,2024-07-04,Delivered,Shadowfax
SHP41974,TXN00050934,2024-03-28,2024-04-05,Delivered,EcomExpress
SHP15297,TXN00036714,2024-03-01,2024-03-03,Delivered,Delhivery
SHP69247,TXN00063511,2024-03-21,2024-03-24,Delivered,EcomExpress
SHP68949,TXN00080711,2024-06-13,2024-06-18,Delivered,Delhivery
SHP37180,TXN00087102,2024-03-17,2024-03-19,Delivered,EcomExpress
SHP85389,TXN00049833,2024-05-21,2024-05-28,Delivered,EcomExpress
SHP54369,TXN00031949,2024-04-08,2024-04-10,Delivered,BlueDart
SHP58496,TXN00057179,2024-01-19,2024-01-22,Delivered,Delhivery
SHP46711,TXN00020475,2024-05-22,2024-05-25,Delivered,Delhivery
SHP23384,TXN00019355,2024-05-30,2024-06-05,Delivered,EcomExpress
SHP47551,TXN00014278,2024-05-20,2024-05-27,Delivered,Delhivery
SHP91554,TXN00089907,2024-02-23,2024-02-28,Delivered,BlueDart
SHP63221,TXN00030610,2024-06-13,2024-06-19,Delivered,BlueDart
SHP30803,TXN00010412,2024-02-20,2024-02-28,Delivered,Shadowfax
SHP52422,TXN00034280,2024-02-26,2024-02-28,Delivered,Delhivery
SHP48658,TXN00034473,2025-04-04,2025-04-09,Delivered,Shadowfax
SHP56370,TXN00045219,2024-02-26,2024-03-05,Delivered,BlueDart
SHP14037,TXN00069612,2024-05-16,2024-05-22,Delivered,Shadowfax
SHP45294,TXN00064153,2024-04-12,2024-04-15,Delivered,Delhivery
SHP86440,TXN00079009,2024-02-23,2024-03-04,Delivered,Shadowfax
SHP83237,TXN00024279,2024-03-19,2024-03-26,Delivered,BlueDart
SHP33572,TXN00038671,2024-04-28,2024-05-08,Delivered,Delhivery
SHP48093,TXN00020893,2024-06-15,2024-06-16,Delivered,Delhivery
SHP17677,TXN00039421,2024-01-07,2024-01-14,Delivered,BlueDart
SHP73983,TXN00004341,2024-01-12,2024-01-17,Delivered,Shadowfax
SHP40722,TXN00022480,2024-04-26,2024-05-02,Delivered,Delhivery
SHP32675,TXN00038633,2024-05-27,2024-06-06,Delivered,Shadowfax
SHP89358,TXN00029784,2024-01-13,2024-01-22,Delivered,Shadowfax
SHP99000,TXN00014668,2024-04-19,2024-04-21,Delivered,BlueDart
SHP76879,TXN00025739,2024-06-01,2024-06-04,Delivered,EcomExpress
SHP81571,TXN00032652,2024-03-29,2024-03-30,Delivered,Delhivery
SHP82776,TXN00066931,2024-03-17,2024-03-23,Delivered,Delhivery
SHP34679,TXN00088417,2024-04-17,2024-04-27,Delivered,Shadowfax
SHP55225,TXN00091263,2024-03-07,2024-03-12,Delivered,Shadowfax
SHP32254,TXN00046653,2024-05-02,2024-05-04,Delivered,Delhivery
SHP82177,TXN00066448,2024-04-22,2024-04-23,Delivered,Shadowfax
SHP71003,TXN00019182,2024-06-11,2024-06-15,Delivered,Shadowfax
SHP85447,TXN00025112,2024-03-14,2024-03-22,Delivered,Delhivery
SHP91404,TXN00022891,2024-01-28,2024-01-30,Delivered,Delhivery
SHP92881,TXN00069129,2024-03-30,2024-04-08,Delivered,EcomExpress
SHP12932,TXN00029135,2024-04-22,2024-05-02,Delivered,EcomExpress
SHP22261,TXN00055441,2024-06-05,2024-06-06,Delivered,Shadowfax
SHP63387,TXN00090420,2024-06-21,2024-06-22,Delivered,EcomExpress
SHP93205,TXN00058509,2024-03-24,2024-03-28,Delivered,EcomExpress
SHP79837,TXN00097939,2024-05-02,2024-05-08,Delivered,BlueDart
SHP89088,TXN00056930,2024-01-14,2024-01-19,Delivered,BlueDart
SHP10836,TXN00047847,2024-06-15,2024-06-25,Delivered,Shadowfax
SHP95378,TXN00000049,2024-02-10,2024-02-13,Delivered,EcomExpress
SHP56947,TXN00029748,2024-05-25,2024-06-02,Delivered,BlueDart
SHP41801,TXN00060710,2024-02-11,2024-02-14,Delivered,Delhivery
SHP25126,TXN00077983,2024-04-25,2024-05-02,Delivered,Delhivery
SHP41091,TXN00091484,2024-01-13,2024-01-22,Delivered,Delhivery
SHP82517,TXN00074324,2025-06-03,2025-06-12,Delivered,Shadowfax
SHP20539,TXN00090911,2024-04-16,2024-04-17,Delivered,BlueDart
SHP84899,TXN00025521,2024-02-21,2024-02-23,Delivered,BlueDart
SHP50839,TXN00053577,2024-05-15,2024-05-18,Delivered,EcomExpress
SHP64961,TXN00070642,2024-02-16,2024-02-25,Delivered,Delhivery
SHP13520,TXN00000250,2024-03-03,2024-03-12,Delivered,Shadowfax
SHP22837,TXN00017470,2024-05-16,2024-05-24,Delivered,Delhivery
SHP43859,TXN00051530,2024-04-15,2024-04-20,Delivered,BlueDart
SHP87058,TXN00020479,2024-03-14,2024-03-20,Delivered,BlueDart
SHP81689,TXN00092329,2024-04-10,2024-04-12,Delivered,BlueDart
SHP13282,TXN00044702,2024-04-26,2024-04-30,Delivered,EcomExpress
SHP59135,TXN00013014,2024-06-23,2024-07-01,Delivered,Delhivery
SHP20704,TXN00070732,2024-01-02,2024-01-04,Delivered,BlueDart
SHP91293,TXN00006992,2024-02-21,2024-02-24,Delivered,Delhivery
SHP17984,TXN00019179,2024-04-07,2024-04-12,Delivered,BlueDart
SHP46579,TXN00064954,2024-01-02,2024-01-10,Delivered,EcomExpress
SHP23426,TXN00065421,2024-05-20,2024-05-23,Delivered,Shadowfax
SHP77854,TXN00000272,2025-06-04,2025-06-08,Delivered,Delhivery
SHP83041,TXN00017505,2024-04-26,2024-05-03,Delivered,Delhivery
SHP11240,TXN00031147,2024-06-28,2024-07-03,Delivered,BlueDart
SHP82785,TXN00016088,2024-04-18,2024-04-23,Delivered,Shadowfax
SHP36766,TXN00081397,2024-02-16,2024-02-21,Delivered,Delhivery
SHP27176,TXN00008325,2024-05-26,2024-05-29,Delivered,Shadowfax
SHP42550,TXN00036485,2024-01-15,2024-01-24,Delivered,EcomExpress
SHP28902,TXN00042244,2024-02-15,2024-02-18,Delivered,Shadowfax
SHP95482,TXN00056200,2024-04-30,2024-05-05,Delivered,EcomExpress
SHP32043,TXN00075460,2024-06-03,2024-06-12,Delivered,BlueDart
SHP38027,TXN00071423,2024-05-13,2024-05-23,Delivered,Shadowfax
SHP10432,TXN00000663,2024-02-20,2024-02-28,Delivered,BlueDart
SHP95941,TXN00033262,2024-02-12,2024-02-22,Delivered,Delhivery
SHP35974,TXN00095231,2024-03-31,2024-04-07,Delivered,Delhivery
SHP13947,TXN00026275,2024-03-23,2024-03-28,Delivered,Delhivery
SHP38353,TXN00062761,2024-03-21,2024-03-24,Delivered,BlueDart
SHP17057,TXN00010725,2024-03-22,2024-03-28,Delivered,BlueDart
SHP32043,TXN00091437,2024-03-01,2024-03-08,Delivered,EcomExpress
SHP88955,TXN00099354,2024-05-01,2024-05-05,Delivered,Delhivery
SHP44296,TXN00008450,2024-04-24,2024-05-02,Delivered,EcomExpress
SHP46461,TXN00063140,2024-06-17,2024-06-25,Delivered,BlueDart
SHP67225,TXN00075009,2024-04-19,2024-04-20,Delivered,BlueDart
SHP64174,TXN00051943,2024-04-06,2024-04-16,Delivered,Delhivery
SHP20147,TXN00073980,2024-05-26,2024-05-28,Delivered,Delhivery
SHP51425,TXN00067327,2024-04-21,2024-04-30,Delivered,Shadowfax
SHP18315,TXN00084816,2024-04-13,2024-04-21,Delivered,Delhivery
SHP78647,TXN00052869,2024-02-11,2024-02-20,Delivered,Delhivery
SHP80960,TXN00015840,2024-04-10,2024-04-15,Delivered,EcomExpress
SHP45926,TXN00012245,2024-01-26,2024-02-05,Delivered,BlueDart
SHP73284,TXN00047168,2024-03-21,2024-03-25,Delivered,Shadowfax
SHP36954,TXN00041261,2024-05-28,2024-06-06,Delivered,Delhivery
SHP92428,TXN00090016,2024-02-08,2024-02-09,Delivered,EcomExpress
SHP62531,TXN00081134,2024-01-14,2024-01-22,Delivered,EcomExpress
SHP55295,TXN00041855,2024-03-06,2024-03-08,Delivered,Delhivery
SHP96709,TXN00023719,2024-01-22,2024-01-26,Delivered,Shadowfax
SHP96571,TXN00095397,2024-05-21,2024-05-27,Delivered,EcomExpress
SHP11601,TXN00034729,2024-01-20,2024-01-30,Delivered,Shadowfax
SHP42197,TXN00042059,2024-03-31,2024-04-06,Delivered,Shadowfax
SHP63833,TXN00093717,2024-01-25,2024-01-26,Delivered,Delhivery
SHP94806,TXN00093031,2024-02-22,2024-03-02,Delivered,BlueDart
SHP92591,TXN00098607,2024-06-05,2024-06-08,Delivered,Delhivery
SHP39574,TXN00057023,2024-06-19,2024-06-23,Delivered,EcomExpress
SHP39734,TXN00030249,2024-04-17,2024-04-21,Delivered,Shadowfax
SHP82290,TXN00040326,2024-05-23,2024-05-28,Delivered,Delhivery
SHP39279,TXN00076527,2024-04-08,2024-04-14,Delivered,EcomExpress
SHP19293,TXN00003981,2024-05-22,2024-05-30,Delivered,Delhivery
SHP22508,TXN00057512,2024-01-07,2024-01-10,Delivered,Delhivery
SHP70460,TXN00018250,2024-02-07,2024-02-16,Delivered,Delhivery
SHP32432,TXN00061792,2024-05-08,2024-05-09,Delivered,Delhivery
SHP23116,TXN00027061,2024-05-03,2024-05-11,Delivered,Delhivery
SHP98601,TXN00081248,2024-05-29,2024-06-03,Delivered,BlueDart
SHP64351,TXN00049274,2024-05-22,2024-05-30,Delivered,Shadowfax
SHP74163,TXN00026850,2024-03-29,2024-03-30,Delivered,Shadowfax
SHP44538,TXN00002480,2024-02-28,2024-03-06,Delivered,Shadowfax
SHP50043,TXN00069787,2024-06-09,2024-06-18,Delivered,EcomExpress
SHP40057,TXN00050961,2024-01-27,2024-02-06,Delivered,Shadowfax
SHP31072,TXN00076633,2024-04-16,2024-04-19,Delivered,Shadowfax
SHP72768,TXN00016854,2024-05-01,2024-05-09,Delivered,EcomExpress
SHP26924,TXN00063205,2024-03-29,2024-03-30,Delivered,Delhivery
SHP76929,TXN00099639,2024-04-08,2024-04-16,Delivered,Shadowfax
SHP54294,TXN00077121,2024-01-11,2024-01-12,Delivered,BlueDart
SHP58828,TXN00063040,2024-02-24,2024-02-25,Delivered,Shadowfax
SHP86643,TXN00077174,2024-01-17,2024-01-23,Delivered,Shadowfax
SHP55825,TXN00020045,2024-06-02,2024-06-06,Delivered,BlueDart
SHP67541,TXN00027070,2024-05-21,2024-05-30,Delivered,EcomExpress
SHP93811,TXN00036247,2024-03-07,2024-03-09,Delivered,Shadowfax
SHP45615,TXN00005682,2024-06-14,2024-06-15,Delivered,Delhivery
SHP20921,TXN00014133,2024-03-28,2024-04-06,Delivered,Shadowfax
SHP20339,TXN00077540,2025-02-12,2025-02-17,Delivered,BlueDart
SHP78811,TXN00080703,2024-03-19,2024-03-28,Delivered,Delhivery
SHP88830,TXN00013869,2024-03-28,2024-04-01,Delivered,Delhivery
SHP71427,TXN00084299,2024-05-29,2024-06-04,Delivered,Delhivery
SHP64102,TXN00048182,2024-06-10,2024-06-19,Delivered,BlueDart
SHP19999,TXN00082242,2024-02-03,2024-02-11,Delivered,BlueDart
SHP30608,TXN00084538,2024-02-05,2024-02-07,Delivered,Delhivery
SHP92581,TXN00059425,2024-04-08,2024-04-18,Delivered,EcomExpress
SHP48343,TXN00052405,2024-03-27,2024-04-06,Delivered,Shadowfax
SHP20453,TXN00010825,2024-03-31,2024-04-09,Delivered,Shadowfax
SHP11696,TXN00010656,2024-03-25,2024-03-29,Delivered,BlueDart
SHP89139,TXN00066263,2024-03-21,2024-03-28,Delivered,BlueDart
SHP69549,TXN00081947,2024-03-29,2024-04-01,Delivered,BlueDart
SHP47910,TXN00050588,2024-04-05,2024-04-08,Delivered,Delhivery
SHP68663,TXN00013909,2024-02-19,2024-02-24,Delivered,EcomExpress
SHP72949,TXN00064010,2024-05-20,2024-05-24,Delivered,Shadowfax
SHP77091,TXN00089789,2024-03-07,2024-03-12,Delivered,Shadowfax
SHP70633,TXN00062558,2024-04-28,2024-04-30,Delivered,BlueDart
SHP96575,TXN00048061,2024-02-04,2024-02-05,Delivered,Delhivery
SHP83475,TXN00092478,2024-02-27,2024-03-06,Delivered,BlueDart
SHP38128,TXN00003011,2024-03-02,2024-03-06,Delivered,Shadowfax
SHP27899,TXN00045900,2024-03-10,2024-03-19,Delivered,EcomExpress
SHP88491,TXN00079267,2024-01-19,2024-01-29,Delivered,EcomExpress
SHP92514,TXN00042647,2024-06-18,2024-06-28,Delivered,BlueDart
SHP16618,TXN00046900,2024-02-15,2024-02-17,Delivered,BlueDart
SHP78692,TXN00045116,2024-04-26,2024-05-05,Delivered,EcomExpress
SHP85261,TXN00090353,2024-03-24,2024-04-02,Delivered,Shadowfax
SHP98035,TXN00045944,2024-06-13,2024-06-22,Delivered,Delhivery
SHP74660,TXN00052138,2024-01-11,2024-01-14,Delivered,BlueDart
SHP34021,TXN00001664,2024-06-30,2024-07-03,Delivered,Delhivery
SHP86692,TXN00040400,2024-06-08,2024-06-13,Delivered,Delhivery
SHP19328,TXN00034065,2024-06-17,2024-06-19,Delivered,BlueDart
SHP18163,TXN00078155,2024-03-30,2024-04-04,Delivered,Shadowfax
SHP40000,TXN00088399,2024-04-27,2024-05-03,Delivered,Delhivery
SHP34132,TXN00068042,2024-03-19,2024-03-24,Delivered,EcomExpress
SHP61284,TXN00046037,2024-03-01,2024-03-04,Delivered,EcomExpress
SHP79382,TXN00018840,2024-06-19,2024-06-29,Delivered,EcomExpress
SHP99083,TXN00047501,2024-04-12,2024-04-17,Delivered,BlueDart
SHP44711,TXN00045281,2024-04-04,2024-04-14,Delivered,Shadowfax
SHP86033,TXN00031245,2024-04-21,2024-04-28,Delivered,BlueDart
SHP74632,TXN00011494,2024-04-07,2024-04-10,Delivered,Delhivery
SHP93557,TXN00029163,2024-04-12,2024-04-18,Delivered,Shadowfax
SHP28323,TXN00087226,2024-05-12,2024-05-19,Delivered,BlueDart
SHP42187,TXN00077727,2024-04-19,2024-04-23,Delivered,Delhivery
SHP64581,TXN00087447,2024-05-30,2024-06-03,Delivered,EcomExpress
SHP77656,TXN00003145,2024-03-19,2024-03-27,Delivered,Shadowfax
SHP67685,TXN00002560,2024-05-20,2024-05-30,Delivered,Delhivery
SHP12113,TXN00012791,2024-02-07,2024-02-17,Delivered,Delhivery
SHP14937,TXN00046099,2024-02-01,2024-02-09,Delivered,BlueDart
SHP17963,TXN00037661,2024-05-21,2024-05-25,Delivered,Delhivery
SHP43136,TXN00013545,2024-04-25,2024-05-03,Delivered,EcomExpress
SHP24036,TXN00028608,2024-04-10,2024-04-18,Delivered,Shadowfax
SHP50839,TXN00088181,2024-02-23,2024-03-04,Delivered,BlueDart
SHP12557,TXN00099924,2024-03-31,2024-04-05,Delivered,BlueDart
SHP80724,TXN00099224,2024-02-04,2024-02-10,Delivered,BlueDart
SHP41434,TXN00002196,2024-03-28,2024-03-31,Delivered,EcomExpress
SHP36235,TXN00094683,2024-06-21,2024-06-25,Delivered,Delhivery
SHP26367,TXN00031730,2024-04-09,2024-04-17,Delivered,Delhivery
SHP67041,TXN00087931,2024-04-24,2024-05-04,Delivered,BlueDart
SHP37413,TXN00015895,2024-03-22,2024-03-24,Delivered,Delhivery
SHP97315,TXN00042768,2024-03-30,2024-04-05,Delivered,EcomExpress
SHP85257,TXN00001749,2024-01-30,2024-02-08,Delivered,BlueDart
SHP71324,TXN00016413,2024-05-16,2024-05-21,Delivered,Shadowfax
SHP51981,TXN00050054,2024-04-14,2024-04-24,Delivered,BlueDart
SHP15715,TXN00021574,2024-06-28,2024-07-01,Delivered,BlueDart
SHP28548,TXN00004278,2024-01-28,2024-02-07,Delivered,BlueDart
SHP98474,TXN00068102,2024-05-21,2024-05-25,Delivered,BlueDart
SHP99150,TXN00011280,2024-02-26,2024-03-07,Delivered,EcomExpress
SHP45490,TXN00077192,2024-06-10,2024-06-13,Delivered,EcomExpress
SHP56291,TXN00052002,2024-04-21,2024-04-26,Delivered,Delhivery
SHP20262,TXN00083370,2024-02-16,2024-02-24,Delivered,BlueDart
SHP98194,TXN00046469,2024-02-27,2024-03-02,Delivered,EcomExpress
SHP11185,TXN00074305,2024-02-12,2024-02-18,Delivered,EcomExpress
SHP12035,TXN00008986,2024-03-21,2024-03-30,Delivered,Shadowfax
SHP77039,TXN00077241,2024-06-13,2024-06-18,Delivered,Delhivery
SHP73807,TXN00015165,2024-02-04,2024-02-13,Delivered,Shadowfax
SHP23948,TXN00047412,2024-05-26,2024-06-04,Delivered,BlueDart
SHP52709,TXN00052908,2024-02-23,2024-02-26,Delivered,Shadowfax
SHP67851,TXN00001412,2024-02-27,2024-03-01,Delivered,Delhivery
SHP15477,TXN00051994,2024-01-11,2024-01-21,Delivered,BlueDart
SHP60545,TXN00072648,2024-06-30,2024-07-10,Delivered,BlueDart
SHP75922,TXN00087109,2024-06-04,2024-06-09,Delivered,BlueDart
SHP60843,TXN00010762,2024-05-01,2024-05-11,Delivered,EcomExpress
SHP16410,TXN00068688,2024-06-10,2024-06-14,Delivered,BlueDart
SHP70023,TXN00029446,2024-06-16,2024-06-18,Delivered,EcomExpress
SHP77630,TXN00085841,2024-04-14,2024-04-21,Delivered,Shadowfax
SHP49506,TXN00022346,2024-01-31,2024-02-04,Delivered,Delhivery
SHP28683,TXN00058967,2024-05-23,2024-05-31,Delivered,EcomExpress
SHP37503,TXN00078712,2024-06-30,2024-07-08,Delivered,Shadowfax
SHP50154,TXN00050642,2024-04-19,2024-04-21,Delivered,Delhivery
SHP83415,TXN00009192,2024-06-18,2024-06-25,Delivered,Shadowfax
SHP93880,TXN00088019,2024-04-15,2024-04-19,Delivered,Delhivery
SHP63138,TXN00091062,2024-01-15,2024-01-22,Delivered,Delhivery
SHP52789,TXN00030493,2024-04-07,2024-04-15,Delivered,EcomExpress
SHP62649,TXN00060918,2024-03-24,2024-04-03,Delivered,BlueDart
SHP66147,TXN00015149,2024-01-26,2024-01-31,Delivered,BlueDart
SHP99263,TXN00086472,2024-05-28,2024-05-31,Delivered,EcomExpress
SHP11653,TXN00072758,2024-03-23,2024-03-25,Delivered,BlueDart
SHP70357,TXN00053536,2024-01-21,2024-01-31,Delivered,EcomExpress
SHP77245,TXN00045933,2024-01-13,2024-01-23,Delivered,Shadowfax
SHP96981,TXN00049616,2024-04-16,2024-04-19,Delivered,Delhivery
SHP23538,TXN00086715,2024-05-21,2024-05-31,Delivered,Delhivery
SHP81404,TXN00086388,2024-04-04,2024-04-07,Delivered,Shadowfax
SHP65823,TXN00091304,2024-02-12,2024-02-17,Delivered,EcomExpress
SHP66711,TXN00077037,2024-06-30,2024-07-10,Delivered,Shadowfax
SHP43054,TXN00046179,2024-07-01,2024-07-08,Delivered,EcomExpress
SHP93463,TXN00038852,2024-04-16,2024-04-26,Delivered,EcomExpress
SHP95987,TXN00002100,2024-06-14,2024-06-23,Delivered,EcomExpress
SHP37829,TXN00065749,2024-01-15,2024-01-20,Delivered,BlueDart
SHP60242,TXN00023558,2024-03-23,2024-04-02,Delivered,BlueDart
SHP18632,TXN00045524,2024-01-10,2024-01-14,Delivered,Delhivery
SHP73933,TXN00035993,2024-04-08,2024-04-12,Delivered,BlueDart
SHP85579,TXN00072905,2024-01-09,2024-01-19,Delivered,BlueDart
SHP20118,TXN00096654,2024-04-28,2024-05-07,Delivered,BlueDart
SHP87968,TXN00057689,2024-06-13,2024-06-19,Delivered,BlueDart
SHP46975,TXN00010032,2024-06-06,2024-06-14,Delivered,Delhivery
SHP10092,TXN00086144,2024-05-23,2024-05-24,Delivered,Shadowfax
SHP73612,TXN00097162,2024-03-27,2024-04-04,Delivered,Delhivery
SHP40198,TXN00002754,2024-06-15,2024-06-21,Delivered,BlueDart
SHP69637,TXN00041169,2024-04-01,2024-04-10,Delivered,Shadowfax
SHP55809,TXN00030984,2024-02-26,2024-03-07,Delivered,BlueDart
SHP48651,TXN00031888,2024-03-20,2024-03-26,Delivered,BlueDart
SHP35515,TXN00026808,2024-01-14,2024-01-20,Delivered,BlueDart
SHP53359,TXN00005102,2024-04-10,2024-04-14,Delivered,BlueDart
SHP54108,TXN00082126,2024-06-24,2024-06-28,Delivered,Shadowfax
SHP74285,TXN00083594,2024-03-03,2024-03-06,Delivered,Shadowfax
SHP13963,TXN00000207,2024-04-22,2024-04-26,Delivered,Delhivery
SHP32699,TXN00061293,2024-06-17,2024-06-24,Delivered,EcomExpress
SHP75490,TXN00050358,2024-01-03,2024-01-10,Delivered,Shadowfax
SHP17558,TXN00058689,2024-05-14,2024-05-21,Delivered,Delhivery
SHP63530,TXN00058485,2024-03-31,2024-04-09,Delivered,BlueDart
SHP21263,TXN00008098,2024-03-26,2024-03-28,Delivered,BlueDart
SHP65678,TXN00011943,2024-06-02,2024-06-04,Delivered,Delhivery
SHP77450,TXN00074290,2024-02-11,2024-02-18,Delivered,BlueDart
SHP90138,TXN00089150,2024-03-26,2024-03-31,Delivered,Delhivery
SHP76773,TXN00087499,2024-05-13,2024-05-15,Delivered,Delhivery
SHP82728,TXN00036580,2024-02-25,2024-02-27,Delivered,EcomExpress
SHP71790,TXN00011052,2024-04-20,2024-04-29,Delivered,BlueDart
SHP66672,TXN00071664,2024-04-01,2024-04-11,Delivered,Delhivery
SHP71992,TXN00035092,2024-05-10,2024-05-18,Delivered,Shadowfax
SHP37696,TXN00024494,2024-02-10,2024-02-16,Delivered,Shadowfax
SHP12553,TXN00011120,2024-05-09,2024-05-14,Delivered,EcomExpress
SHP35724,TXN00033557,2024-03-14,2024-03-21,Delivered,Shadowfax
SHP98465,TXN00037778,2024-05-13,2024-05-15,Delivered,BlueDart
SHP12018,TXN00040328,2024-03-21,2024-03-30,Delivered,Shadowfax
SHP44689,TXN00030666,2024-01-31,2024-02-03,Delivered,EcomExpress
SHP74358,TXN00038620,2024-05-08,2024-05-18,Delivered,Shadowfax
SHP39772,TXN00037093,2024-03-26,2024-04-04,Delivered,Shadowfax
SHP29132,TXN00057025,2024-03-28,2024-04-05,Delivered,BlueDart
SHP73179,TXN00031393,2024-06-23,2024-06-24,Delivered,Delhivery
SHP94333,TXN00096486,2024-05-24,2024-05-30,Delivered,BlueDart
SHP27890,TXN00041446,2024-05-18,2024-05-27,Delivered,Shadowfax
SHP86307,TXN00047600,2024-02-14,2024-02-17,Delivered,EcomExpress
SHP38261,TXN00053557,2024-01-17,2024-01-26,Delivered,Shadowfax
SHP22110,TXN00015467,2024-04-16,2024-04-21,Delivered,BlueDart
SHP25082,TXN00048044,2024-05-25,2024-05-29,Delivered,Delhivery
SHP57801,TXN00078277,2024-03-17,2024-03-24,Delivered,Delhivery
SHP48712,TXN00000857,2024-03-29,2024-04-04,Delivered,EcomExpress
SHP21218,TXN00044190,2024-02-13,2024-02-18,Delivered,EcomExpress
SHP34932,TXN00060584,2024-05-23,2024-05-26,Delivered,EcomExpress
SHP17766,TXN00035495,2024-06-17,2024-06-22,Delivered,EcomExpress
SHP53998,TXN00048941,2024-04-01,2024-04-02,Delivered,Shadowfax
SHP79588,TXN00031219,2024-03-13,2024-03-23,Delivered,EcomExpress
SHP29433,TXN00070923,2024-02-24,2024-03-03,Delivered,BlueDart
SHP30669,TXN00096594,2024-04-28,2024-04-30,Delivered,Delhivery
SHP49493,TXN00056947,2024-05-26,2024-05-29,Delivered,EcomExpress
SHP93381,TXN00005028,2024-05-05,2024-05-07,Delivered,Shadowfax
SHP76605,TXN00070291,2024-04-05,2024-04-07,Delivered,Shadowfax
SHP19714,TXN00025840,2024-05-30,2024-05-31,Delivered,Shadowfax
SHP59402,TXN00037095,2024-04-21,2024-04-30,Delivered,EcomExpress
SHP93588,TXN00006391,2024-03-24,2024-04-01,Delivered,BlueDart
SHP40532,TXN00038318,2024-01-06,2024-01-09,Delivered,Shadowfax
SHP71027,TXN00060189,2024-05-31,2024-06-07,Delivered,Delhivery
SHP26834,TXN00047727,2024-04-24,2024-04-25,Delivered,Shadowfax
SHP18060,TXN00027415,2024-01-08,2024-01-09,Delivered,BlueDart
SHP16420,TXN00098569,2024-02-18,2024-02-25,Delivered,Delhivery
SHP76778,TXN00056074,2024-03-08,2024-03-09,Delivered,Delhivery
SHP79304,TXN00087532,2024-02-12,2024-02-15,Delivered,Shadowfax
SHP87192,TXN00030469,2024-06-15,2024-06-20,Delivered,Shadowfax
SHP55158,TXN00028445,2024-03-21,2024-03-27,Delivered,BlueDart
SHP91926,TXN00033337,2024-06-15,2024-06-18,Delivered,BlueDart
SHP34512,TXN00026048,2024-02-23,2024-02-28,Delivered,EcomExpress
SHP44704,TXN00061278,2024-05-20,2024-05-27,Delivered,Shadowfax
SHP74314,TXN00063153,2024-03-12,2024-03-14,Delivered,Delhivery
SHP90075,TXN00037674,2024-04-19,2024-04-28,Delivered,Delhivery
SHP13126,TXN00014486,2024-01-10,2024-01-15,Delivered,Shadowfax
SHP57865,TXN00050824,2024-06-09,2024-06-13,Delivered,EcomExpress
SHP83430,TXN00017355,2024-03-22,2024-03-31,Delivered,Delhivery
SHP78938,TXN00088156,2024-05-24,2024-06-01,Delivered,Delhivery
SHP10959,TXN00075577,2024-03-22,2024-03-29,Delivered,Shadowfax
SHP51423,TXN00067717,2024-06-19,2024-06-27,Delivered,BlueDart
SHP48974,TXN00058457,2024-03-04,2024-03-11,Delivered,EcomExpress
SHP40664,TXN00082482,2024-07-01,2024-07-05,Delivered,Shadowfax
SHP77252,TXN00016758,2024-04-03,2024-04-07,Delivered,BlueDart
SHP77697,TXN00012775,2024-03-24,2024-04-03,Delivered,BlueDart
SHP52512,TXN00025550,2024-02-24,2024-02-26,Delivered,EcomExpress
SHP97562,TXN00003634,2024-01-21,2024-01-26,Delivered,BlueDart
SHP47169,TXN00049423,2024-02-24,2024-02-25,Delivered,BlueDart
SHP95854,TXN00071684,2024-05-27,2024-06-01,Delivered,EcomExpress
SHP38121,TXN00002057,2024-03-24,2024-04-01,Delivered,EcomExpress
SHP90386,TXN00038605,2024-04-27,2024-04-30,Delivered,Delhivery
SHP58140,TXN00097489,2024-02-22,2024-02-25,Delivered,Delhivery
SHP99561,TXN00085510,2024-03-11,2024-03-15,Delivered,EcomExpress
SHP81619,TXN00093208,2024-04-09,2024-04-18,Delivered,BlueDart
SHP41859,TXN00074263,2024-03-12,2024-03-14,Delivered,BlueDart
SHP72491,TXN00002629,2024-03-22,2024-03-31,Delivered,Shadowfax
SHP59514,TXN00024007,2024-03-27,2024-04-04,Delivered,EcomExpress
SHP22536,TXN00013459,2024-03-01,2024-03-09,Delivered,EcomExpress
SHP94302,TXN00097817,2024-06-13,2024-06-14,Delivered,EcomExpress
SHP23227,TXN00023506,2024-06-26,2024-06-29,Delivered,Delhivery
SHP71525,TXN00082098,2024-05-21,2024-05-30,Delivered,Shadowfax
SHP50894,TXN00088691,2024-01-23,2024-01-27,Delivered,Delhivery
SHP21100,TXN00083398,2024-03-04,2024-03-05,Delivered,EcomExpress
SHP40644,TXN00054623,2024-05-10,2024-05-17,Delivered,Shadowfax
SHP18917,TXN00026470,2024-06-05,2024-06-12,Delivered,Delhivery
SHP12414,TXN00016558,2024-05-24,2024-05-25,Delivered,EcomExpress
SHP79872,TXN00062974,2024-06-16,2024-06-22,Delivered,Delhivery
SHP86769,TXN00070255,2024-03-02,2024-03-08,Delivered,Delhivery
SHP33164,TXN00016030,2024-03-28,2024-04-04,Delivered,BlueDart
SHP61529,TXN00010980,2024-04-28,2024-05-01,Delivered,BlueDart
SHP26115,TXN00008416,2024-05-16,2024-05-26,Delivered,EcomExpress
SHP63671,TXN00066069,2024-06-03,2024-06-11,Delivered,BlueDart
SHP37999,TXN00030727,2024-01-22,2024-01-27,Delivered,EcomExpress
SHP70982,TXN00081158,2024-03-26,2024-04-01,Delivered,BlueDart
SHP69928,TXN00039962,2024-02-01,2024-02-03,Delivered,Delhivery
SHP70785,TXN00048973,2024-03-28,2024-04-02,Delivered,Delhivery
SHP30169,TXN00042657,2024-02-14,2024-02-16,Delivered,EcomExpress
SHP18443,TXN00060354,2024-03-21,2024-03-23,Delivered,Delhivery
SHP69174,TXN00071230,2024-03-13,2024-03-23,Delivered,Delhivery
SHP98620,TXN00060276,2024-03-04,2024-03-07,Delivered,EcomExpress
SHP84544,TXN00075240,2024-03-31,2024-04-10,Delivered,Shadowfax
SHP87224,TXN00060275,2024-02-17,2024-02-22,Delivered,Shadowfax
SHP41965,TXN00003423,2024-01-10,2024-01-20,Delivered,EcomExpress
SHP85023,TXN00028607,2024-05-13,2024-05-16,Delivered,Delhivery
SHP49952,TXN00067273,2024-01-27,2024-01-28,Delivered,Shadowfax
SHP11154,TXN00010449,2024-06-30,2024-07-07,Delivered,BlueDart
SHP77458,TXN00051510,2024-05-22,2024-05-30,Delivered,EcomExpress
SHP83966,TXN00039521,2024-04-28,2024-05-06,Delivered,BlueDart
SHP28881,TXN00057010,2024-01-25,2024-01-28,Delivered,BlueDart
SHP49298,TXN00063896,2024-03-28,2024-03-29,Delivered,EcomExpress
SHP46195,TXN00091990,2024-03-29,2024-04-03,Delivered,Delhivery
SHP45543,TXN00073589,2024-01-24,2024-01-28,Delivered,EcomExpress
SHP53718,TXN00050746,2024-06-23,2024-07-01,Delivered,Delhivery
SHP17458,TXN00022125,2024-01-19,2024-01-25,Delivered,Delhivery
SHP77203,TXN00055929,2024-05-03,2024-05-10,Delivered,Delhivery
SHP94762,TXN00032036,2024-02-26,2024-02-27,Delivered,EcomExpress
SHP89153,TXN00042159,2024-04-14,2024-04-21,Delivered,Shadowfax
SHP78558,TXN00007655,2024-05-11,2024-05-19,Delivered,BlueDart
SHP16495,TXN00001674,2024-05-19,2024-05-26,Delivered,Delhivery
SHP49854,TXN00063418,2024-02-04,2024-02-12,Delivered,BlueDart
SHP81528,TXN00095275,2024-02-10,2024-02-12,Delivered,Delhivery
SHP66208,TXN00018887,2024-05-07,2024-05-15,Delivered,Delhivery
SHP10972,TXN00094399,2024-04-05,2024-04-15,Delivered,BlueDart
SHP31893,TXN00002934,2024-05-02,2024-05-07,Delivered,Shadowfax
SHP93357,TXN00083492,2024-03-21,2024-03-26,Delivered,Delhivery
SHP97742,TXN00089161,2024-05-01,2024-05-11,Delivered,Shadowfax
SHP37373,TXN00070677,2024-03-28,2024-03-31,Delivered,EcomExpress
SHP92228,TXN00015933,2024-01-07,2024-01-15,Delivered,BlueDart
SHP61701,TXN00082624,2024-03-02,2024-03-03,Delivered,BlueDart
SHP95252,TXN00053260,2024-07-01,2024-07-07,Delivered,BlueDart
SHP94922,TXN00007584,2024-04-06,2024-04-09,Delivered,EcomExpress
SHP71134,TXN00026718,2024-03-24,2024-03-31,Delivered,Shadowfax
SHP16765,TXN00005707,2024-01-23,2024-01-28,Delivered,Shadowfax
SHP45285,TXN00061756,2024-03-31,2024-04-10,Delivered,EcomExpress
SHP82890,TXN00067347,2024-04-07,2024-04-14,Delivered,Delhivery
SHP42790,TXN00064996,2024-03-22,2024-03-24,Delivered,EcomExpress
SHP17752,TXN00001935,2024-05-22,2024-06-01,Delivered,Delhivery
SHP16275,TXN00050325,2024-03-26,2024-04-01,Delivered,EcomExpress
SHP63680,TXN00049047,2024-05-30,2024-06-06,Delivered,Delhivery
SHP34361,TXN00052587,2024-06-21,2024-06-29,Delivered,EcomExpress
SHP90640,TXN00054734,2024-02-01,2024-02-10,Delivered,Delhivery
SHP95817,TXN00054108,2024-03-10,2024-03-15,Delivered,EcomExpress
SHP27380,TXN00085926,2024-02-05,2024-02-12,Delivered,Delhivery
SHP68440,TXN00016400,2024-04-11,2024-04-12,Delivered,EcomExpress
SHP82010,TXN00026682,2024-02-29,2024-03-04,Delivered,BlueDart
SHP25568,TXN00036259,2024-05-07,2024-05-16,Delivered,EcomExpress
SHP86117,TXN00046409,2024-03-21,2024-03-26,Delivered,BlueDart
SHP15185,TXN00069750,2024-04-25,2024-05-04,Delivered,BlueDart
SHP50725,TXN00013610,2024-04-08,2024-04-17,Delivered,Shadowfax
SHP81878,TXN00094728,2024-02-19,2024-02-21,Delivered,Delhivery
SHP23445,TXN00090231,2024-04-07,2024-04-08,Delivered,Delhivery
SHP77655,TXN00004995,2024-06-10,2024-06-11,Delivered,BlueDart
SHP21902,TXN00048110,2024-06-08,2024-06-15,Delivered,EcomExpress
SHP74962,TXN00020262,2024-04-04,2024-04-11,Delivered,BlueDart
SHP44304,TXN00054156,2024-04-18,2024-04-25,Delivered,Delhivery
SHP44891,TXN00064297,2024-02-25,2024-02-27,Delivered,Delhivery
SHP48910,TXN00052110,2024-05-15,2024-05-18,Delivered,BlueDart
SHP36002,TXN00061361,2024-03-17,2024-03-26,Delivered,Shadowfax
SHP84014,TXN00010062,2024-04-11,2024-04-20,Delivered,Delhivery
SHP61336,TXN00093074,2024-04-28,2024-05-04,Delivered,BlueDart
SHP75450,TXN00000655,2024-01-28,2024-02-06,Delivered,Shadowfax
SHP54890,TXN00024747,2024-05-13,2024-05-19,Delivered,BlueDart
SHP19209,TXN00093830,2024-04-15,2024-04-20,Delivered,Delhivery
SHP42653,TXN00004763,2024-02-23,2024-02-26,Delivered,Delhivery
SHP32468,TXN00077214,2024-03-27,2024-04-03,Delivered,BlueDart
SHP12982,TXN00077925,2024-05-11,2024-05-18,Delivered,EcomExpress
SHP79632,TXN00038196,2024-03-12,2024-03-16,Delivered,BlueDart
SHP34216,TXN00071410,2024-04-24,2024-04-29,Delivered,BlueDart
SHP36834,TXN00081291,2024-04-05,2024-04-10,Delivered,Shadowfax
SHP52693,TXN00038804,2024-04-13,2024-04-14,Delivered,EcomExpress
SHP83622,TXN00055526,2024-03-28,2024-04-03,Delivered,BlueDart
SHP59340,TXN00067917,2024-01-29,2024-02-02,Delivered,BlueDart
SHP50077,TXN00074253,2024-05-01,2024-05-07,Delivered,BlueDart
SHP18715,TXN00040751,2024-03-31,2024-04-09,Delivered,BlueDart
SHP79164,TXN00034979,2024-06-28,2024-07-02,Delivered,EcomExpress
SHP60015,TXN00050021,2024-05-06,2024-05-08,Delivered,EcomExpress
SHP31566,TXN00088429,2024-05-17,2024-05-23,Delivered,EcomExpress
SHP43629,TXN00022833,2024-04-21,2024-04-23,Delivered,Shadowfax
SHP61307,TXN00054313,2024-05-06,2024-05-16,Delivered,Delhivery
SHP81134,TXN00006960,2024-04-06,2024-04-07,Delivered,BlueDart
SHP63781,TXN00056210,2024-01-03,2024-01-07,Delivered,BlueDart
SHP93821,TXN00071594,2024-05-12,2024-05-14,Delivered,BlueDart
SHP49202,TXN00096023,2024-03-17,2024-03-20,Delivered,Delhivery
SHP92329,TXN00047549,2024-03-31,2024-04-08,Delivered,Shadowfax
SHP94539,TXN00052700,2024-06-15,2024-06-24,Delivered,EcomExpress
SHP58805,TXN00069770,2024-06-14,2024-06-23,Delivered,EcomExpress
SHP91241,TXN00028298,2024-02-01,2024-02-11,Delivered,Delhivery
SHP86914,TXN00011028,2024-05-27,2024-05-31,Delivered,Shadowfax
SHP44748,TXN00069585,2024-03-01,2024-03-10,Delivered,Shadowfax
SHP25320,TXN00018219,2024-04-30,2024-05-04,Delivered,Shadowfax
SHP46529,TXN00000279,2024-05-20,2024-05-27,Delivered,EcomExpress
SHP25400,TXN00068988,2024-06-07,2024-06-14,Delivered,BlueDart
SHP58736,TXN00019151,2024-05-03,2024-05-08,Delivered,EcomExpress
SHP13932,TXN00000401,2024-06-11,2024-06-12,Delivered,Shadowfax
SHP91223,TXN00098747,2024-04-11,2024-04-18,Delivered,EcomExpress
SHP56401,TXN00029974,2024-03-16,2024-03-18,Delivered,EcomExpress
SHP11965,TXN00053338,2024-03-24,2024-03-28,Delivered,EcomExpress
SHP31222,TXN00087969,2024-04-22,2024-04-25,Delivered,Shadowfax
SHP97614,TXN00069811,2024-06-08,2024-06-13,Delivered,Shadowfax
SHP40440,TXN00090565,2024-06-30,2024-07-02,Delivered,Shadowfax
SHP69138,TXN00042523,2024-03-29,2024-04-06,Delivered,Delhivery
SHP85060,TXN00008746,2024-02-02,2024-02-07,Delivered,Shadowfax
SHP11897,TXN00091933,2024-06-27,2024-07-01,Delivered,EcomExpress
SHP98250,TXN00014031,2024-05-24,2024-05-30,Delivered,EcomExpress
SHP93476,TXN00087290,2024-05-25,2024-05-28,Delivered,EcomExpress
SHP44485,TXN00049128,2024-01-26,2024-02-02,Delivered,EcomExpress
SHP38122,TXN00093509,2024-04-06,2024-04-07,Delivered,EcomExpress
SHP96045,TXN00080092,2024-06-25,2024-07-02,Delivered,Shadowfax
SHP36467,TXN00042203,2024-02-14,2024-02-21,Delivered,BlueDart
SHP15304,TXN00060968,2024-01-24,2024-02-01,Delivered,Delhivery
SHP99634,TXN00004382,2024-04-10,2024-04-12,Delivered,Delhivery
SHP36055,TXN00014494,2024-05-03,2024-05-09,Delivered,BlueDart
SHP56271,TXN00040463,2024-05-25,2024-05-28,Delivered,Delhivery
SHP43316,TXN00079521,2024-03-31,2024-04-02,Delivered,Shadowfax
SHP38246,TXN00013924,2024-04-08,2024-04-15,Delivered,Shadowfax
SHP32538,TXN00015928,2024-03-11,2024-03-13,Delivered,EcomExpress
SHP91463,TXN00044541,2024-02-21,2024-03-02,Delivered,Delhivery
SHP86023,TXN00037449,2024-01-17,2024-01-26,Delivered,Delhivery
SHP53619,TXN00096307,2024-02-25,2024-03-01,Delivered,Shadowfax
SHP15070,TXN00069928,2024-06-07,2024-06-14,Delivered,Shadowfax
SHP27480,TXN00048992,2024-02-09,2024-02-18,Delivered,Shadowfax
SHP98218,TXN00009605,2024-05-15,2024-05-16,Delivered,Delhivery
SHP30717,TXN00069283,2024-05-11,2024-05-12,Delivered,Shadowfax
SHP86209,TXN00062916,2024-02-05,2024-02-11,Delivered,EcomExpress
SHP52772,TXN00093723,2024-06-28,2024-07-05,Delivered,EcomExpress
SHP11798,TXN00000556,2024-01-30,2024-02-06,Delivered,Delhivery
SHP81622,TXN00024477,2024-05-24,2024-06-02,Delivered,Delhivery
SHP16531,TXN00042991,2024-04-18,2024-04-23,Delivered,EcomExpress
SHP24683,TXN00002926,2024-05-22,2024-05-31,Delivered,Shadowfax
SHP84236,TXN00073687,2024-03-23,2024-03-29,Delivered,Shadowfax
SHP92364,TXN00093492,2024-02-09,2024-02-17,Delivered,Shadowfax
SHP94257,TXN00093312,2024-05-02,2024-05-03,Delivered,Delhivery
SHP25223,TXN00062000,2024-06-17,2024-06-19,Delivered,BlueDart
SHP26816,TXN00078542,2024-06-18,2024-06-28,Delivered,Shadowfax
SHP63684,TXN00088404,2024-01-13,2024-01-14,Delivered,Delhivery
SHP46136,TXN00057938,2024-03-22,2024-03-24,Delivered,BlueDart
SHP39094,TXN00057735,2024-03-31,2024-04-08,Delivered,EcomExpress
SHP44337,TXN00086183,2024-02-20,2024-02-24,Delivered,BlueDart
SHP79868,TXN00091301,2024-06-26,2024-06-27,Delivered,Delhivery
SHP41618,TXN00033394,2024-03-08,2024-03-10,Delivered,BlueDart
SHP40219,TXN00055864,2024-04-08,2024-04-14,Delivered,Shadowfax
SHP36514,TXN00094453,2024-04-19,2024-04-27,Delivered,BlueDart
SHP53141,TXN00062870,2024-06-12,2024-06-18,Delivered,Delhivery
SHP67388,TXN00087903,2024-04-26,2024-04-30,Delivered,Shadowfax
SHP74530,TXN00055103,2024-05-27,2024-06-03,Delivered,Shadowfax
SHP11585,TXN00004404,2024-06-30,2024-07-05,Delivered,BlueDart
SHP43189,TXN00057867,2024-03-21,2024-03-25,Delivered,Shadowfax
SHP85004,TXN00014057,2024-05-26,2024-06-02,Delivered,BlueDart
SHP70442,TXN00079943,2024-03-21,2024-03-30,Delivered,Shadowfax
SHP57241,TXN00036252,2024-04-11,2024-04-21,Delivered,Shadowfax
SHP46076,TXN00064185,2024-01-17,2024-01-24,Delivered,Delhivery
SHP90137,TXN00015647,2024-05-25,2024-05-30,Delivered,EcomExpress
SHP11224,TXN00074765,2024-03-04,2024-03-09,Delivered,BlueDart
SHP85360,TXN00048192,2024-05-15,2024-05-23,Delivered,BlueDart
SHP76753,TXN00055230,2024-01-26,2024-02-01,Delivered,Shadowfax
SHP18698,TXN00067082,2024-01-09,2024-01-19,Delivered,Shadowfax
SHP29019,TXN00058350,2024-05-10,2024-05-11,Delivered,BlueDart
SHP16592,TXN00034619,2024-06-22,2024-06-28,Delivered,EcomExpress
SHP31077,TXN00084500,2024-06-02,2024-06-04,Delivered,Delhivery
SHP75958,TXN00032424,2024-04-16,2024-04-25,Delivered,EcomExpress
SHP47463,TXN00023142,2024-03-31,2024-04-01,Delivered,Shadowfax
SHP13161,TXN00056533,2024-05-05,2024-05-09,Delivered,Delhivery
SHP42224,TXN00066524,2024-03-18,2024-03-27,Delivered,Shadowfax
SHP31223,TXN00001461,2024-04-20,2024-04-30,Delivered,Delhivery
SHP55471,TXN00002018,2024-01-06,2024-01-10,Delivered,BlueDart
SHP38213,TXN00084966,2024-05-05,2024-05-14,Delivered,Shadowfax
SHP34354,TXN00081850,2024-04-06,2024-04-13,Delivered,Shadowfax
SHP24544,TXN00022555,2024-05-09,2024-05-10,Delivered,BlueDart
SHP81233,TXN00067783,2024-04-08,2024-04-18,Delivered,EcomExpress
SHP59555,TXN00061059,2024-04-17,2024-04-18,Delivered,EcomExpress
SHP77883,TXN00096298,2024-06-12,2024-06-20,Delivered,Delhivery
SHP20086,TXN00000813,2024-06-15,2024-06-17,Delivered,BlueDart
SHP94356,TXN00050480,2024-01-28,2024-02-03,Delivered,Shadowfax
SHP89026,TXN00012888,2024-06-22,2024-06-28,Delivered,Shadowfax
SHP63594,TXN00055746,2024-04-16,2024-04-20,Delivered,BlueDart
SHP14356,TXN00002639,2024-04-30,2024-05-10,Delivered,BlueDart
SHP14183,TXN00069690,2024-02-26,2024-02-28,Delivered,Delhivery
SHP93682,TXN00039118,2024-05-17,2024-05-26,Delivered,EcomExpress
SHP60902,TXN00015273,2024-05-11,2024-05-15,Delivered,Shadowfax
SHP13598,TXN00067616,2024-04-13,2024-04-15,Delivered,EcomExpress
SHP81308,TXN00024881,2024-02-12,2024-02-20,Delivered,Delhivery
SHP89143,TXN00012835,2024-04-21,2024-04-23,Delivered,Delhivery
SHP82755,TXN00038680,2024-06-18,2024-06-20,Delivered,BlueDart
SHP21413,TXN00001693,2024-02-01,2024-02-11,Delivered,Delhivery
SHP59923,TXN00082226,2024-04-12,2024-04-17,Delivered,BlueDart
SHP87198,TXN00075959,2024-02-21,2024-02-26,Delivered,Shadowfax
SHP44990,TXN00071957,2024-01-28,2024-02-05,Delivered,Shadowfax
SHP86155,TXN00048948,2024-03-09,2024-03-13,Delivered,Delhivery
SHP28047,TXN00093269,2024-01-13,2024-01-14,Delivered,BlueDart
SHP44318,TXN00018482,2024-06-07,2024-06-17,Delivered,BlueDart
SHP44558,TXN00061947,2024-05-26,2024-06-05,Delivered,BlueDart
SHP76302,TXN00010643,2024-06-20,2024-06-26,Delivered,BlueDart
SHP80643,TXN00070465,2024-03-31,2024-04-07,Delivered,EcomExpress
SHP20662,TXN00087183,2024-01-14,2024-01-23,Delivered,EcomExpress
SHP34289,TXN00023518,2024-04-11,2024-04-17,Delivered,BlueDart
SHP37260,TXN00031630,2024-01-03,2024-01-08,Delivered,BlueDart
SHP17882,TXN00048405,2024-03-07,2024-03-13,Delivered,Delhivery
SHP32176,TXN00003364,2024-06-19,2024-06-24,Delivered,BlueDart
SHP49639,TXN00076169,2024-03-23,2024-03-31,Delivered,EcomExpress
SHP23832,TXN00023917,2024-04-08,2024-04-14,Delivered,Shadowfax
SHP66660,TXN00091384,2024-01-15,2024-01-19,Delivered,Delhivery
SHP46800,TXN00024392,2024-04-22,2024-04-26,Delivered,BlueDart
SHP39559,TXN00022461,2024-05-25,2024-05-30,Delivered,Delhivery
SHP21253,TXN00099323,2024-04-14,2024-04-24,Delivered,BlueDart
SHP21567,TXN00029822,2024-02-29,2024-03-08,Delivered,Delhivery
SHP88202,TXN00022686,2024-03-27,2024-03-28,Delivered,Delhivery
SHP68523,TXN00004501,2024-04-02,2024-04-05,Delivered,EcomExpress
SHP71008,TXN00023510,2024-01-11,2024-01-16,Delivered,EcomExpress
SHP96402,TXN00045191,2024-04-07,2024-04-14,Delivered,Shadowfax
SHP67293,TXN00033511,2024-01-21,2024-01-22,Delivered,BlueDart
SHP60886,TXN00020100,2024-06-12,2024-06-13,Delivered,EcomExpress
SHP13743,TXN00068323,2024-06-12,2024-06-17,Delivered,EcomExpress
SHP70796,TXN00089279,2024-04-10,2024-04-11,Delivered,Shadowfax
SHP60109,TXN00000769,2024-05-25,2024-05-30,Delivered,BlueDart
SHP86990,TXN00089856,2024-01-21,2024-01-31,Delivered,EcomExpress
SHP83770,TXN00024500,2024-02-16,2024-02-18,Delivered,Shadowfax
SHP34845,TXN00069178,2024-05-15,2024-05-18,Delivered,BlueDart
SHP83333,TXN00043737,2024-01-07,2024-01-11,Delivered,Delhivery
SHP57982,TXN00069795,2024-06-10,2024-06-12,Delivered,Delhivery
SHP55786,TXN00079532,2024-03-23,2024-03-29,Delivered,Delhivery
SHP98281,TXN00026706,2024-03-07,2024-03-11,Delivered,EcomExpress
SHP34913,TXN00013980,2024-01-25,2024-01-27,Delivered,Shadowfax
SHP27644,TXN00086147,2024-03-15,2024-03-23,Delivered,Shadowfax
SHP55605,TXN00048290,2024-03-30,2024-04-09,Delivered,Shadowfax
SHP30877,TXN00042265,2024-02-01,2024-02-05,Delivered,EcomExpress
SHP54652,TXN00001376,2024-03-26,2024-04-04,Delivered,EcomExpress
SHP25094,TXN00067162,2024-03-18,2024-03-25,Delivered,Delhivery
SHP38212,TXN00000909,2024-03-21,2024-03-30,Delivered,EcomExpress
SHP92486,TXN00012347,2024-05-19,2024-05-29,Delivered,Shadowfax
SHP66043,TXN00037165,2024-03-30,2024-04-08,Delivered,EcomExpress
SHP84487,TXN00056385,2024-03-27,2024-04-02,Delivered,Shadowfax
SHP35373,TXN00042029,2024-03-24,2024-04-01,Delivered,Shadowfax
SHP16784,TXN00055128,2024-01-08,2024-01-13,Delivered,BlueDart
SHP39998,TXN00085510,2024-03-11,2024-03-21,Delivered,BlueDart
SHP38055,TXN00066717,2024-01-08,2024-01-13,Delivered,Delhivery
SHP89892,TXN00081655,2024-01-18,2024-01-25,Delivered,EcomExpress
SHP78773,TXN00028789,2024-06-15,2024-06-16,Delivered,EcomExpress
SHP23152,TXN00092134,2024-04-21,2024-04-25,Delivered,BlueDart
SHP58504,TXN00041780,2024-01-19,2024-01-27,Delivered,Delhivery
SHP35754,TXN00052752,2024-04-10,2024-04-17,Delivered,EcomExpress
SHP89758,TXN00030986,2024-02-06,2024-02-11,Delivered,BlueDart
SHP23290,TXN00076494,2024-02-19,2024-02-26,Delivered,EcomExpress
SHP10788,TXN00038812,2024-04-20,2024-04-29,Delivered,EcomExpress
SHP47326,TXN00005452,2024-02-16,2024-02-20,Delivered,BlueDart
SHP12525,TXN00012041,2024-03-17,2024-03-24,Delivered,Delhivery
SHP90719,TXN00074247,2024-06-07,2024-06-11,Delivered,EcomExpress
SHP45557,TXN00096544,2024-03-09,2024-03-16,Delivered,EcomExpress
SHP24595,TXN00094460,2024-01-31,2024-02-09,Delivered,Shadowfax
SHP15033,TXN00025544,2024-02-04,2024-02-08,Delivered,EcomExpress
SHP76395,TXN00032961,2024-05-05,2024-05-10,Delivered,Shadowfax
SHP31585,TXN00094007,2024-04-22,2024-04-23,Delivered,Shadowfax
SHP39680,TXN00029987,2024-01-21,2024-01-28,Delivered,Shadowfax
SHP57867,TXN00011447,2024-03-24,2024-03-29,Delivered,BlueDart
SHP72172,TXN00032634,2024-01-07,2024-01-08,Delivered,EcomExpress
SHP96594,TXN00084955,2024-04-25,2024-04-29,Delivered,Delhivery
SHP69017,TXN00028612,2024-02-29,2024-03-05,Delivered,Delhivery
SHP49958,TXN00099828,2024-03-10,2024-03-15,Delivered,Delhivery
SHP24810,TXN00053534,2024-06-12,2024-06-16,Delivered,EcomExpress
SHP47722,TXN00030524,2024-03-31,2024-04-03,Delivered,EcomExpress
SHP29153,TXN00016406,2024-02-21,2024-02-26,Delivered,BlueDart
SHP72125,TXN00077673,2024-02-11,2024-02-15,Delivered,Delhivery
SHP31852,TXN00012830,2024-03-16,2024-03-18,Delivered,Shadowfax
SHP64681,TXN00015942,2024-04-12,2024-04-17,Delivered,Delhivery
SHP80504,TXN00092019,2024-01-17,2024-01-24,Delivered,EcomExpress
SHP29915,TXN00098723,2024-01-27,2024-02-02,Delivered,Shadowfax
SHP90147,TXN00096833,2024-03-27,2024-04-06,Delivered,EcomExpress
SHP25253,TXN00031148,2024-03-16,2024-03-19,Delivered,EcomExpress
SHP59905,TXN00055325,2024-05-20,2024-05-21,Delivered,Delhivery
SHP64842,TXN00088593,2024-06-24,2024-06-30,Delivered,EcomExpress
SHP98131,TXN00054306,2024-05-02,2024-05-04,Delivered,Shadowfax
SHP69701,TXN00026473,2024-06-10,2024-06-11,Delivered,Delhivery
SHP53816,TXN00064539,2024-04-27,2024-04-29,Delivered,BlueDart
SHP57319,TXN00033473,2024-01-27,2024-02-02,Delivered,Delhivery
SHP73831,TXN00091663,2024-01-08,2024-01-15,Delivered,BlueDart
SHP60800,TXN00094276,2024-03-08,2024-03-16,Delivered,BlueDart
SHP51888,TXN00049992,2024-04-08,2024-04-11,Delivered,Shadowfax
SHP61534,TXN00083505,2024-06-04,2024-06-06,Delivered,Shadowfax
SHP42571,TXN00043534,2024-03-05,2024-03-08,Delivered,Shadowfax
SHP37552,TXN00058189,2024-05-21,2024-05-30,Delivered,Delhivery
SHP21307,TXN00076181,2024-06-21,2024-06-28,Delivered,BlueDart
SHP18347,TXN00059594,2024-06-28,2024-07-01,Delivered,Shadowfax
SHP36100,TXN00063886,2024-01-24,2024-02-01,Delivered,BlueDart
SHP11130,TXN00048272,2024-05-18,2024-05-23,Delivered,Shadowfax
SHP65657,TXN00010637,2024-05-12,2024-05-22,Delivered,BlueDart
SHP27528,TXN00038193,2024-06-23,2024-06-29,Delivered,Delhivery
SHP72539,TXN00013606,2024-03-21,2024-03-27,Delivered,EcomExpress
SHP52088,TXN00004310,2024-02-29,2024-03-04,Delivered,Delhivery
SHP55321,TXN00069538,2024-05-22,2024-05-27,Delivered,EcomExpress
SHP13939,TXN00097854,2024-03-29,2024-04-02,Delivered,EcomExpress
SHP43075,TXN00080006,2024-03-12,2024-03-16,Delivered,Delhivery
SHP84621,TXN00030670,2024-03-07,2024-03-10,Delivered,BlueDart
SHP49766,TXN00048438,2024-05-15,2024-05-17,Delivered,Delhivery
SHP40185,TXN00036730,2024-06-30,2024-07-10,Delivered,BlueDart
SHP38955,TXN00017979,2024-05-20,2024-05-29,Delivered,Shadowfax
SHP26272,TXN00065059,2024-02-17,2024-02-26,Delivered,Delhivery
SHP74120,TXN00041687,2024-03-22,2024-03-25,Delivered,BlueDart
SHP40795,TXN00052588,2024-06-19,2024-06-25,Delivered,EcomExpress
SHP94853,TXN00087752,2024-06-22,2024-06-28,Delivered,Delhivery
SHP43461,TXN00028830,2024-05-14,2024-05-21,Delivered,BlueDart
SHP10071,TXN00024457,2024-03-22,2024-03-25,Delivered,EcomExpress
SHP97898,TXN00032314,2024-01-03,2024-01-04,Delivered,EcomExpress
SHP39999,TXN00003549,2024-04-09,2024-04-18,Delivered,BlueDart
SHP89934,TXN00051751,2024-03-15,2024-03-21,Delivered,EcomExpress
SHP21669,TXN00086070,2024-02-26,2024-03-02,Delivered,Delhivery
SHP29791,TXN00055330,2024-06-19,2024-06-25,Delivered,Delhivery
SHP18441,TXN00065722,2024-03-20,2024-03-21,Delivered,Shadowfax
SHP80839,TXN00012559,2024-04-11,2024-04-20,Delivered,EcomExpress
SHP73227,TXN00049289,2024-03-12,2024-03-21,Delivered,BlueDart
SHP76568,TXN00035861,2024-01-11,2024-01-18,Delivered,Delhivery
SHP61193,TXN00095432,2024-01-23,2024-01-26,Delivered,BlueDart
SHP73112,TXN00090116,2024-02-04,2024-02-06,Delivered,Shadowfax
SHP90169,TXN00061847,2024-04-08,2024-04-17,Delivered,EcomExpress
SHP73925,TXN00043012,2024-04-11,2024-04-12,Delivered,Delhivery
SHP44773,TXN00018948,2024-04-11,2024-04-21,Delivered,BlueDart
SHP77481,TXN00011968,2024-02-25,2024-02-26,Delivered,BlueDart
SHP97798,TXN00001708,2024-04-15,2024-04-17,Delivered,EcomExpress
SHP46546,TXN00024438,2024-01-12,2024-01-18,Delivered,Shadowfax
SHP71720,TXN00068671,2024-06-13,2024-06-14,Delivered,BlueDart
SHP24547,TXN00064200,2024-04-11,2024-04-13,Delivered,EcomExpress
SHP63624,TXN00025380,2024-01-08,2024-01-11,Delivered,Delhivery
SHP82912,TXN00004888,2024-01-07,2024-01-09,Delivered,Shadowfax
SHP83821,TXN00047558,2024-06-03,2024-06-04,Delivered,BlueDart
SHP39093,TXN00065463,2024-02-08,2024-02-10,Delivered,Shadowfax
SHP85141,TXN00056340,2024-05-07,2024-05-08,Delivered,BlueDart
SHP76517,TXN00002893,2024-04-20,2024-04-26,Delivered,Shadowfax
SHP84078,TXN00050756,2024-01-26,2024-02-02,Delivered,Shadowfax
SHP39066,TXN00046272,2024-03-07,2024-03-12,Delivered,EcomExpress
SHP69931,TXN00002466,2024-03-22,2024-03-24,Delivered,Delhivery
SHP36713,TXN00045182,2024-03-26,2024-04-04,Delivered,Delhivery
SHP56375,TXN00067361,2024-04-14,2024-04-21,Delivered,Shadowfax
SHP78946,TXN00063539,2024-06-23,2024-07-03,Delivered,Delhivery
SHP20679,TXN00032854,2024-05-22,2024-05-29,Delivered,BlueDart
SHP25289,TXN00099301,2024-03-29,2024-03-30,Delivered,Delhivery
SHP94708,TXN00066496,2024-02-10,2024-02-12,Delivered,EcomExpress
SHP91100,TXN00085564,2024-06-12,2024-06-22,Delivered,EcomExpress
SHP89537,TXN00064326,2024-06-17,2024-06-21,Delivered,EcomExpress
SHP61872,TXN00076224,2024-05-31,2024-06-01,Delivered,Delhivery
SHP10418,TXN00034486,2024-03-13,2024-03-20,Delivered,EcomExpress
SHP13158,TXN00069696,2024-05-11,2024-05-19,Delivered,BlueDart
SHP90004,TXN00051905,2024-03-22,2024-03-24,Delivered,BlueDart
SHP10700,TXN00064064,2024-04-13,2024-04-17,Delivered,EcomExpress
SHP54503,TXN00040742,2024-01-06,2024-01-12,Delivered,Delhivery
SHP70404,TXN00043094,2024-06-18,2024-06-27,Delivered,EcomExpress
SHP89635,TXN00010628,2024-02-14,2024-02-15,Delivered,Shadowfax
SHP31320,TXN00064392,2024-04-14,2024-04-23,Delivered,Delhivery
SHP35133,TXN00010084,2024-01-08,2024-01-10,Delivered,BlueDart
SHP13012,TXN00083722,2024-03-12,2024-03-21,Delivered,EcomExpress
SHP69513,TXN00098464,2024-03-31,2024-04-03,Delivered,Delhivery
SHP61183,TXN00033527,2024-05-20,2024-05-21,Delivered,BlueDart
SHP62242,TXN00009188,2024-06-22,2024-07-01,Delivered,EcomExpress
SHP17165,TXN00040219,2024-04-15,2024-04-25,Delivered,Delhivery
SHP84233,TXN00041605,2024-05-18,2024-05-26,Delivered,Delhivery
SHP33179,TXN00026164,2024-03-11,2024-03-14,Delivered,BlueDart
SHP61361,TXN00049453,2024-01-25,2024-02-02,Delivered,EcomExpress
SHP93810,TXN00039232,2024-04-15,2024-04-25,Delivered,BlueDart
SHP44578,TXN00070442,2024-05-12,2024-05-19,Delivered,BlueDart
SHP84525,TXN00052058,2024-05-06,2024-05-12,Delivered,BlueDart
SHP17890,TXN00030373,2024-04-05,2024-04-08,Delivered,Shadowfax
SHP83427,TXN00035973,2024-06-04,2024-06-10,Delivered,BlueDart
SHP18868,TXN00036213,2024-06-03,2024-06-10,Delivered,BlueDart
SHP21733,TXN00070010,2024-04-05,2024-04-07,Delivered,Delhivery
SHP65319,TXN00091445,2024-03-18,2024-03-21,Delivered,Shadowfax
SHP24414,TXN00047245,2024-06-04,2024-06-08,Delivered,EcomExpress
SHP22823,TXN00023169,2024-04-15,2024-04-18,Delivered,Delhivery
SHP53787,TXN00083672,2024-01-03,2024-01-07,Delivered,Delhivery
SHP38175,TXN00000651,2024-04-06,2024-04-13,Delivered,BlueDart
SHP51828,TXN00010252,2024-01-10,2024-01-12,Delivered,BlueDart
SHP95455,TXN00002440,2024-04-08,2024-04-12,Delivered,EcomExpress
SHP83953,TXN00022049,2024-01-18,2024-01-22,Delivered,Shadowfax
SHP68476,TXN00081567,2024-01-02,2024-01-11,Delivered,Delhivery
SHP98691,TXN00079026,2024-06-11,2024-06-16,Delivered,Shadowfax
SHP40415,TXN00090957,2024-01-22,2024-01-27,Delivered,Delhivery
SHP77733,TXN00011706,2024-06-21,2024-06-30,Delivered,Delhivery
SHP26641,TXN00007311,2024-04-05,2024-04-13,Delivered,Shadowfax
SHP64217,TXN00064936,2024-03-06,2024-03-10,Delivered,EcomExpress
SHP60823,TXN00070633,2024-05-31,2024-06-06,Delivered,BlueDart
SHP85252,TXN00040702,2024-06-17,2024-06-20,Delivered,Shadowfax
SHP77602,TXN00017933,2024-01-29,2024-02-02,Delivered,Delhivery
SHP25172,TXN00095532,2024-02-11,2024-02-21,Delivered,EcomExpress
SHP39911,TXN00067103,2024-03-24,2024-03-31,Delivered,Delhivery
SHP11124,TXN00009210,2024-06-13,2024-06-21,Delivered,Delhivery
SHP70447,TXN00050273,2024-02-20,2024-03-01,Delivered,Delhivery
SHP95366,TXN00025057,2024-03-07,2024-03-15,Delivered,Shadowfax
SHP25066,TXN00022138,2024-04-17,2024-04-26,Delivered,EcomExpress
SHP15738,TXN00098559,2024-04-20,2024-04-22,Delivered,EcomExpress
SHP73956,TXN00080932,2024-03-29,2024-04-07,Delivered,Shadowfax
SHP82415,TXN00045718,2024-04-29,2024-05-01,Delivered,Delhivery
SHP76178,TXN00093825,2025-05-01,2025-05-08,Delivered,Delhivery
SHP66559,TXN00068437,2024-06-03,2024-06-11,Delivered,EcomExpress
SHP75804,TXN00037415,2024-02-02,2024-02-04,Delivered,Delhivery
SHP21464,TXN00026013,2024-04-08,2024-04-16,Delivered,EcomExpress
SHP34156,TXN00019051,2024-01-02,2024-01-08,Delivered,EcomExpress
SHP48400,TXN00017284,2024-03-10,2024-03-14,Delivered,BlueDart
SHP47723,TXN00041672,2024-05-08,2024-05-10,Delivered,Delhivery
SHP88077,TXN00054713,2024-06-10,2024-06-16,Delivered,EcomExpress
SHP93006,TXN00079525,2024-03-05,2024-03-12,Delivered,BlueDart
SHP90530,TXN00044301,2024-01-21,2024-01-30,Delivered,BlueDart
SHP20319,TXN00043642,2024-01-10,2024-01-15,Delivered,Shadowfax
SHP92746,TXN00026768,2024-04-09,2024-04-13,Delivered,EcomExpress
SHP27008,TXN00091574,2024-05-10,2024-05-15,Delivered,Shadowfax
SHP79864,TXN00004293,2024-06-12,2024-06-13,Delivered,BlueDart
SHP67102,TXN00026306,2024-02-28,2024-03-02,Delivered,EcomExpress
SHP98149,TXN00047967,2024-01-08,2024-01-12,Delivered,Shadowfax
SHP30349,TXN00071509,2024-03-25,2024-04-02,Delivered,Delhivery
SHP17924,TXN00054736,2024-01-16,2024-01-18,Delivered,Shadowfax
SHP99776,TXN00043324,2024-02-29,2024-03-01,Delivered,EcomExpress
SHP97818,TXN00021067,2024-03-16,2024-03-24,Delivered,Shadowfax
SHP20789,TXN00077701,2024-05-29,2024-06-04,Delivered,Shadowfax
SHP88685,TXN00011665,2024-03-16,2024-03-25,Delivered,BlueDart
SHP38279,TXN00015726,2024-03-29,2024-04-06,Delivered,Delhivery
SHP87059,TXN00085780,2024-05-02,2024-05-11,Delivered,BlueDart
SHP22235,TXN00040422,2024-05-02,2024-05-08,Delivered,BlueDart
SHP10446,TXN00011729,2024-01-23,2024-01-28,Delivered,EcomExpress
SHP52340,TXN00086672,2024-05-16,2024-05-23,Delivered,BlueDart
SHP72422,TXN00001704,2024-03-26,2024-03-30,Delivered,BlueDart
SHP19279,TXN00074702,2024-03-09,2024-03-17,Delivered,BlueDart
SHP40223,TXN00088083,2024-03-28,2024-03-29,Delivered,Delhivery
SHP62609,TXN00018328,2024-01-23,2024-01-26,Delivered,EcomExpress
SHP12482,TXN00080099,2024-03-28,2024-03-30,Delivered,Delhivery
SHP38750,TXN00057664,2024-06-30,2024-07-07,Delivered,BlueDart
SHP71740,TXN00017108,2024-05-06,2024-05-14,Delivered,Delhivery
SHP27234,TXN00018780,2024-03-29,2024-04-07,Delivered,Delhivery
SHP52954,TXN00091052,2024-05-05,2024-05-10,Delivered,Shadowfax
SHP99855,TXN00033765,2024-03-20,2024-03-23,Delivered,Shadowfax
SHP87687,TXN00036542,2024-05-12,2024-05-13,Delivered,Delhivery
SHP15044,TXN00005819,2024-03-31,2024-04-10,Delivered,Delhivery
SHP44646,TXN00052374,2024-06-18,2024-06-20,Delivered,EcomExpress
SHP68282,TXN00019999,2024-02-07,2024-02-10,Delivered,Delhivery
SHP84414,TXN00086970,2024-05-20,2024-05-30,Delivered,Shadowfax
SHP35774,TXN00042484,2024-05-23,2024-05-31,Delivered,BlueDart
SHP19905,TXN00060260,2024-03-06,2024-03-12,Delivered,EcomExpress
SHP49144,TXN00093693,2024-02-18,2024-02-26,Delivered,EcomExpress
SHP51400,TXN00098377,2024-02-29,2024-03-07,Delivered,Shadowfax
SHP82213,TXN00045277,2024-02-10,2024-02-17,Delivered,Delhivery
SHP16929,TXN00082911,2024-01-06,2024-01-12,Delivered,Shadowfax
SHP60544,TXN00023487,2024-03-17,2024-03-23,Delivered,EcomExpress
SHP33566,TXN00016680,2024-06-17,2024-06-22,Delivered,Delhivery
SHP68206,TXN00029248,2024-01-11,2024-01-19,Delivered,Delhivery
SHP87511,TXN00068599,2024-06-17,2024-06-24,Delivered,Shadowfax
SHP37503,TXN00081710,2024-03-19,2024-03-22,Delivered,BlueDart
SHP92833,TXN00014416,2024-05-07,2024-05-16,Delivered,EcomExpress
SHP28448,TXN00062434,2024-06-15,2024-06-24,Delivered,Delhivery
SHP23212,TXN00056561,2024-03-02,2024-03-07,Delivered,EcomExpress
SHP77629,TXN00066513,2024-01-19,2024-01-26,Delivered,EcomExpress
SHP68233,TXN00071930,2024-03-31,2024-04-04,Delivered,BlueDart
SHP39411,TXN00071915,2024-04-08,2024-04-18,Delivered,Delhivery
SHP66962,TXN00045893,2024-02-04,2024-02-14,Delivered,Shadowfax
SHP33244,TXN00043191,2024-02-12,2024-02-19,Delivered,Delhivery
SHP59493,TXN00099964,2024-06-23,2024-07-03,Delivered,BlueDart
SHP99224,TXN00083767,2024-01-29,2024-02-05,Delivered,EcomExpress
SHP90472,TXN00063808,2024-03-28,2024-04-03,Delivered,Delhivery
SHP23672,TXN00098055,2024-06-07,2024-06-16,Delivered,Delhivery
SHP92455,TXN00007660,2024-01-10,2024-01-15,Delivered,Delhivery
SHP49024,TXN00029361,2024-04-10,2024-04-15,Delivered,Delhivery
SHP95468,TXN00040379,2024-03-16,2024-03-18,Delivered,BlueDart
SHP23505,TXN00015348,2024-02-18,2024-02-25,Delivered,BlueDart
SHP92788,TXN00029203,2024-03-16,2024-03-23,Delivered,Delhivery
SHP13122,TXN00012430,2024-06-29,2024-07-08,Delivered,Shadowfax
SHP53802,TXN00056443,2024-03-26,2024-04-03,Delivered,Delhivery
SHP28742,TXN00029965,2024-01-12,2024-01-20,Delivered,Shadowfax
SHP33881,TXN00080397,2024-04-03,2024-04-12,Delivered,Shadowfax
SHP65485,TXN00097531,2024-01-02,2024-01-11,Delivered,EcomExpress
SHP57876,TXN00061980,2024-03-18,2024-03-28,Delivered,Shadowfax
SHP57652,TXN00048804,2024-02-06,2024-02-07,Delivered,Shadowfax
SHP63876,TXN00025215,2024-01-24,2024-01-31,Delivered,EcomExpress
SHP76350,TXN00001028,2024-03-09,2024-03-10,Delivered,EcomExpress
SHP90951,TXN00093527,2024-01-04,2024-01-12,Delivered,EcomExpress
SHP22325,TXN00027666,2024-01-13,2024-01-19,Delivered,Shadowfax
SHP50933,TXN00014198,2024-05-05,2024-05-07,Delivered,BlueDart
SHP88599,TXN00010377,2024-04-02,2024-04-09,Delivered,Shadowfax
SHP75323,TXN00007699,2024-02-29,2024-03-05,Delivered,BlueDart
SHP78395,TXN00052712,2024-03-31,2024-04-05,Delivered,BlueDart
SHP66335,TXN00053524,2024-04-21,2024-05-01,Delivered,Delhivery
SHP55031,TXN00049610,2024-02-09,2024-02-15,Delivered,EcomExpress
SHP90431,TXN00041065,2024-03-20,2024-03-24,Delivered,BlueDart
SHP72668,TXN00080550,2024-01-14,2024-01-24,Delivered,EcomExpress
SHP30278,TXN00027960,2024-04-16,2024-04-25,Delivered,BlueDart
SHP68229,TXN00001203,2024-03-10,2024-03-12,Delivered,EcomExpress
SHP23437,TXN00022590,2024-03-31,2024-04-10,Delivered,Shadowfax
SHP79364,TXN00080169,2024-01-17,2024-01-23,Delivered,EcomExpress
SHP30522,TXN00065757,2024-06-29,2024-07-09,Delivered,EcomExpress
SHP10778,TXN00026957,2024-04-29,2024-04-30,Delivered,Shadowfax
SHP62453,TXN00038387,2024-06-24,2024-06-26,Delivered,Shadowfax
SHP62669,TXN00093838,2024-03-25,2024-04-02,Delivered,EcomExpress
SHP67664,TXN00099920,2024-02-18,2024-02-21,Delivered,EcomExpress
SHP62026,TXN00081987,2024-02-15,2024-02-18,Delivered,BlueDart
SHP66591,TXN00093470,2024-06-22,2024-06-25,Delivered,Delhivery
SHP45679,TXN00056903,2024-02-19,2024-02-20,Delivered,Delhivery
SHP82864,TXN00028659,2024-04-15,2024-04-17,Delivered,Delhivery
SHP56346,TXN00043288,2024-05-08,2024-05-10,Delivered,Shadowfax
SHP19489,TXN00081888,2024-05-06,2024-05-09,Delivered,EcomExpress
SHP91177,TXN00028894,2024-04-25,2024-04-27,Delivered,BlueDart
SHP21514,TXN00099863,2024-04-14,2024-04-16,Delivered,BlueDart
SHP93940,TXN00090050,2024-04-11,2024-04-13,Delivered,BlueDart
SHP22828,TXN00097366,2024-07-01,2024-07-11,Delivered,Delhivery
SHP21848,TXN00011470,2024-01-14,2024-01-20,Delivered,Shadowfax
SHP86221,TXN00019692,2024-01-11,2024-01-17,Delivered,BlueDart
SHP19717,TXN00077417,2024-04-27,2024-05-05,Delivered,EcomExpress
SHP19190,TXN00073473,2024-03-29,2024-04-03,Delivered,Delhivery
SHP54833,TXN00065310,2024-02-27,2024-03-05,Delivered,BlueDart
SHP44504,TXN00093626,2024-05-11,2024-05-14,Delivered,Delhivery
SHP42425,TXN00063521,2024-01-15,2024-01-18,Delivered,EcomExpress
SHP39778,TXN00026415,2024-01-24,2024-01-29,Delivered,Delhivery
SHP27087,TXN00027933,2024-06-02,2024-06-05,Delivered,Delhivery
SHP23416,TXN00036398,2024-04-01,2024-04-04,Delivered,EcomExpress
SHP42727,TXN00079597,2024-06-21,2024-06-29,Delivered,BlueDart
SHP53527,TXN00081531,2024-04-23,2024-04-27,Delivered,EcomExpress
SHP62135,TXN00068920,2024-06-28,2024-06-30,Delivered,Delhivery
SHP41662,TXN00010168,2024-03-31,2024-04-06,Delivered,Delhivery
SHP34440,TXN00013356,2024-01-09,2024-01-10,Delivered,BlueDart
SHP30786,TXN00070767,2024-03-22,2024-03-27,Delivered,BlueDart
SHP37773,TXN00016575,2024-06-28,2024-06-29,Delivered,Delhivery
SHP25764,TXN00057213,2024-02-09,2024-02-19,Delivered,BlueDart
SHP79238,TXN00052172,2024-05-26,2024-05-30,Delivered,EcomExpress
SHP62057,TXN00004693,2024-04-03,2024-04-12,Delivered,Delhivery
SHP73133,TXN00048812,2024-06-30,2024-07-04,Delivered,Delhivery
SHP19963,TXN00059240,2024-04-30,2024-05-01,Delivered,BlueDart
SHP40397,TXN00005051,2024-05-22,2024-05-30,Delivered,EcomExpress
SHP67699,TXN00099165,2024-01-11,2024-01-13,Delivered,Delhivery
SHP15794,TXN00017539,2024-03-17,2024-03-21,Delivered,BlueDart
SHP33344,TXN00099177,2024-04-26,2024-04-30,Delivered,Delhivery
SHP44975,TXN00046137,2024-06-13,2024-06-16,Delivered,BlueDart
SHP31117,TXN00044197,2024-04-04,2024-04-07,Delivered,EcomExpress
SHP19895,TXN00009498,2024-06-23,2024-06-25,Delivered,BlueDart
SHP47548,TXN00060936,2024-03-12,2024-03-15,Delivered,BlueDart
SHP29413,TXN00050225,2024-03-23,2024-04-01,Delivered,Shadowfax
SHP28685,TXN00078074,2024-03-27,2024-03-30,Delivered,BlueDart
SHP88194,TXN00062349,2024-06-25,2024-06-26,Delivered,BlueDart
SHP31235,TXN00031167,2024-03-20,2024-03-25,Delivered,BlueDart
SHP71664,TXN00059721,2024-02-20,2024-02-23,Delivered,EcomExpress
SHP95707,TXN00012120,2024-03-15,2024-03-20,Delivered,Delhivery
SHP16203,TXN00067538,2024-04-09,2024-04-10,Delivered,Delhivery
SHP76455,TXN00060372,2024-04-29,2024-04-30,Delivered,Shadowfax
SHP86363,TXN00015510,2024-03-03,2024-03-05,Delivered,Delhivery
SHP76306,TXN00047775,2024-05-19,2024-05-22,Delivered,EcomExpress
SHP43487,TXN00042520,2024-06-03,2024-06-06,Delivered,EcomExpress
SHP29833,TXN00048059,2024-02-06,2024-02-11,Delivered,BlueDart
SHP82285,TXN00041709,2024-03-29,2024-04-05,Delivered,BlueDart
SHP39784,TXN00072850,2024-05-30,2024-06-05,Delivered,Delhivery
SHP94298,TXN00082824,2024-03-30,2024-04-09,Delivered,Shadowfax
SHP87109,TXN00001986,2024-05-06,2024-05-12,Delivered,Delhivery
SHP90575,TXN00030368,2024-05-14,2024-05-17,Delivered,BlueDart
SHP64419,TXN00009772,2024-02-07,2024-02-16,Delivered,Shadowfax
SHP18475,TXN00053890,2024-05-29,2024-06-05,Delivered,Shadowfax
SHP67532,TXN00065762,2024-03-10,2024-03-18,Delivered,EcomExpress
SHP47394,TXN00052530,2024-04-23,2024-05-03,Delivered,Delhivery
SHP87980,TXN00046052,2024-02-18,2024-02-23,Delivered,EcomExpress
SHP64872,TXN00059246,2024-06-09,2024-06-16,Delivered,Delhivery
SHP74395,TXN00099552,2024-02-19,2024-02-20,Delivered,BlueDart
SHP72075,TXN00053977,2024-04-17,2024-04-22,Delivered,EcomExpress
SHP11149,TXN00089103,2024-03-30,2024-03-31,Delivered,BlueDart
SHP79373,TXN00092152,2024-02-11,2024-02-17,Delivered,EcomExpress
SHP95941,TXN00080328,2024-06-05,2024-06-11,Delivered,Delhivery
SHP36457,TXN00088049,2024-02-23,2024-03-04,Delivered,BlueDart
SHP60981,TXN00067491,2024-04-25,2024-04-26,Delivered,Delhivery
SHP78030,TXN00086363,2024-03-26,2024-03-31,Delivered,BlueDart
SHP55528,TXN00048932,2024-01-02,2024-01-12,Delivered,EcomExpress
SHP64758,TXN00037302,2024-04-11,2024-04-15,Delivered,EcomExpress
SHP81878,TXN00024175,2024-06-17,2024-06-27,Delivered,Delhivery
SHP10673,TXN00026973,2024-04-30,2024-05-06,Delivered,Delhivery
SHP37902,TXN00013981,2024-05-30,2024-06-09,Delivered,BlueDart
SHP75193,TXN00081228,2024-01-24,2024-01-27,Delivered,Shadowfax
SHP46175,TXN00065142,2024-02-18,2024-02-22,Delivered,Shadowfax
SHP70068,TXN00059248,2024-04-10,2024-04-11,Delivered,EcomExpress
SHP59528,TXN00064172,2024-03-10,2024-03-20,Delivered,Shadowfax
SHP71461,TXN00004301,2024-06-19,2024-06-29,Delivered,Shadowfax
SHP37056,TXN00078348,2024-02-15,2024-02-25,Delivered,Shadowfax
SHP46704,TXN00066359,2024-01-26,2024-01-30,Delivered,Delhivery
SHP61853,TXN00028510,2024-03-31,2024-04-08,Delivered,BlueDart
SHP82422,TXN00096101,2024-04-11,2024-04-21,Delivered,Shadowfax
SHP70540,TXN00061087,2024-03-27,2024-04-05,Delivered,Delhivery
SHP96884,TXN00013396,2024-04-07,2024-04-11,Delivered,EcomExpress
SHP26002,TXN00042907,2024-04-05,2024-04-12,Delivered,BlueDart
SHP17870,TXN00030296,2024-03-23,2024-03-31,Delivered,Shadowfax
SHP63953,TXN00007388,2024-03-02,2024-03-04,Delivered,Shadowfax
SHP45920,TXN00090496,2024-03-20,2024-03-28,Delivered,Delhivery
SHP85220,TXN00048613,2024-04-11,2024-04-21,Delivered,Shadowfax
SHP87334,TXN00025484,2024-02-16,2024-02-18,Delivered,Shadowfax
SHP40178,TXN00073078,2024-05-19,2024-05-29,Delivered,BlueDart
SHP71921,TXN00086459,2024-06-27,2024-07-07,Delivered,Shadowfax
SHP31038,TXN00081876,2024-03-18,2024-03-24,Delivered,Shadowfax
SHP72213,TXN00091714,2024-04-10,2024-04-18,Delivered,EcomExpress
SHP28842,TXN00086538,2024-01-16,2024-01-25,Delivered,BlueDart
SHP20915,TXN00066400,2024-01-29,2024-02-01,Delivered,EcomExpress
SHP74494,TXN00033235,2024-03-15,2024-03-19,Delivered,BlueDart
SHP31005,TXN00076201,2024-05-04,2024-05-11,Delivered,Shadowfax
SHP37346,TXN00063650,2024-01-21,2024-01-30,Delivered,BlueDart
SHP41814,TXN00083299,2024-03-25,2024-04-04,Delivered,Delhivery
SHP59137,TXN00031235,2024-01-11,2024-01-21,Delivered,Delhivery
SHP21995,TXN00027307,2024-06-13,2024-06-20,Delivered,BlueDart
SHP16259,TXN00051263,2024-03-27,2024-03-29,Delivered,Shadowfax
SHP41738,TXN00051352,2024-06-03,2024-06-07,Delivered,Delhivery
SHP82693,TXN00099681,2024-03-09,2024-03-13,Delivered,Delhivery
SHP38175,TXN00017889,2024-05-14,2024-05-18,Delivered,Delhivery
SHP69957,TXN00040670,2024-04-08,2024-04-11,Delivered,Delhivery
SHP70496,TXN00027080,2024-06-25,2024-06-29,Delivered,Shadowfax
SHP85265,TXN00077408,2024-05-31,2024-06-04,Delivered,Delhivery
SHP74940,TXN00063109,2024-03-29,2024-04-02,Delivered,EcomExpress
SHP71731,TXN00022278,2024-04-26,2024-04-28,Delivered,Delhivery
SHP36706,TXN00069011,2024-02-15,2024-02-19,Delivered,BlueDart
SHP10185,TXN00085685,2024-01-20,2024-01-24,Delivered,BlueDart
SHP33341,TXN00007803,2024-03-08,2024-03-12,Delivered,EcomExpress
SHP11991,TXN00040058,2024-03-26,2024-03-28,Delivered,EcomExpress
SHP35516,TXN00091336,2024-03-29,2024-04-05,Delivered,BlueDart
SHP66076,TXN00039991,2024-04-08,2024-04-15,Delivered,Delhivery
SHP35586,TXN00052948,2024-01-23,2024-02-01,Delivered,Shadowfax
SHP80512,TXN00091489,2024-06-23,2024-07-02,Delivered,EcomExpress
SHP96542,TXN00035185,2024-04-10,2024-04-16,Delivered,Shadowfax
SHP42908,TXN00081881,2024-04-10,2024-04-14,Delivered,Delhivery
SHP19160,TXN00040713,2024-04-08,2024-04-09,Delivered,BlueDart
SHP12017,TXN00063735,2024-04-02,2024-04-07,Delivered,Delhivery
SHP11076,TXN00005321,2024-02-29,2024-03-03,Delivered,Shadowfax
SHP96170,TXN00088459,2024-06-10,2024-06-12,Delivered,Shadowfax
SHP71528,TXN00037044,2024-02-13,2024-02-14,Delivered,Shadowfax
SHP41759,TXN00037459,2024-06-14,2024-06-24,Delivered,BlueDart
SHP70531,TXN00085946,2024-06-16,2024-06-19,Delivered,Shadowfax
SHP75938,TXN00078729,2024-03-24,2024-04-02,Delivered,Delhivery
SHP67366,TXN00024247,2024-05-13,2024-05-20,Delivered,BlueDart
SHP70745,TXN00036228,2024-04-24,2024-04-29,Delivered,EcomExpress
SHP70717,TXN00064764,2024-01-29,2024-02-05,Delivered,Delhivery
SHP99182,TXN00097058,2024-05-05,2024-05-11,Delivered,Shadowfax
SHP59228,TXN00039025,2024-04-13,2024-04-19,Delivered,Shadowfax
SHP58710,TXN00089461,2024-03-25,2024-03-27,Delivered,Delhivery
SHP34952,TXN00012177,2024-04-13,2024-04-15,Delivered,Shadowfax
SHP16921,TXN00076691,2024-05-28,2024-06-01,Delivered,BlueDart
SHP98330,TXN00006595,2024-02-28,2024-03-05,Delivered,EcomExpress
SHP44940,TXN00005706,2024-06-10,2024-06-11,Delivered,BlueDart
SHP21654,TXN00021215,2024-01-25,2024-01-30,Delivered,BlueDart
SHP18605,TXN00060289,2024-04-01,2024-04-08,Delivered,EcomExpress
SHP73944,TXN00065962,2024-03-04,2024-03-14,Delivered,Shadowfax
SHP28605,TXN00068904,2024-04-16,2024-04-26,Delivered,EcomExpress
SHP28759,TXN00055046,2024-03-17,2024-03-26,Delivered,EcomExpress
SHP61137,TXN00045798,2024-05-23,2024-05-30,Delivered,Delhivery
SHP46024,TXN00057312,2024-04-22,2024-04-28,Delivered,BlueDart
SHP37913,TXN00081779,2024-06-16,2024-06-23,Delivered,BlueDart
SHP57379,TXN00095660,2024-04-05,2024-04-07,Delivered,Shadowfax
SHP91807,TXN00051773,2024-03-19,2024-03-26,Delivered,Delhivery
SHP24545,TXN00094123,2024-03-28,2024-04-04,Delivered,Shadowfax
SHP25431,TXN00047804,2024-05-19,2024-05-27,Delivered,EcomExpress
SHP11622,TXN00059618,2024-03-19,2024-03-26,Delivered,BlueDart
SHP53249,TXN00079688,2024-04-16,2024-04-26,Delivered,Delhivery
SHP58702,TXN00055664,2024-01-31,2024-02-07,Delivered,Shadowfax
SHP15552,TXN00037392,2024-01-04,2024-01-10,Delivered,Shadowfax
SHP40232,TXN00048980,2024-05-27,2024-06-03,Delivered,Shadowfax
SHP14949,TXN00045825,2024-04-09,2024-04-16,Delivered,Delhivery
SHP88633,TXN00028099,2024-03-20,2024-03-30,Delivered,Shadowfax
SHP46309,TXN00049822,2024-05-03,2024-05-06,Delivered,BlueDart
SHP65779,TXN00003977,2024-04-07,2024-04-08,Delivered,Shadowfax
SHP27354,TXN00060370,2024-01-03,2024-01-08,Delivered,EcomExpress
SHP39087,TXN00021760,2024-06-23,2024-07-03,Delivered,Shadowfax
SHP71214,TXN00042338,2024-03-31,2024-04-10,Delivered,BlueDart
SHP22769,TXN00090523,2024-03-05,2024-03-09,Delivered,BlueDart
SHP59545,TXN00023085,2024-01-20,2024-01-27,Delivered,EcomExpress
SHP86466,TXN00054842,2024-06-03,2024-06-11,Delivered,Shadowfax
SHP41692,TXN00098233,2024-03-27,2024-04-05,Delivered,Delhivery
SHP92462,TXN00087221,2024-02-13,2024-02-19,Delivered,Shadowfax
SHP26493,TXN00052349,2024-03-05,2024-03-06,Delivered,BlueDart
SHP11337,TXN00026427,2024-06-26,2024-06-30,Delivered,EcomExpress
SHP96134,TXN00041652,2024-03-06,2024-03-09,Delivered,EcomExpress
SHP88912,TXN00013061,2024-03-02,2024-03-05,Delivered,Delhivery
SHP77289,TXN00056449,2024-05-06,2024-05-08,Delivered,Delhivery
SHP46594,TXN00007573,2024-05-10,2024-05-11,Delivered,EcomExpress
SHP45506,TXN00019073,2024-03-28,2024-04-03,Delivered,BlueDart
SHP75263,TXN00048574,2024-03-17,2024-03-24,Delivered,BlueDart
SHP75583,TXN00065444,2024-06-15,2024-06-24,Delivered,Delhivery
SHP58770,TXN00070419,2024-03-18,2024-03-26,Delivered,Delhivery
SHP96880,TXN00016118,2024-03-04,2024-03-13,Delivered,Delhivery
SHP48446,TXN00045299,2024-06-10,2024-06-20,Delivered,BlueDart
SHP59507,TXN00060974,2024-02-11,2024-02-12,Delivered,Shadowfax
SHP89570,TXN00008391,2024-01-21,2024-01-31,Delivered,BlueDart
SHP94868,TXN00001091,2024-04-19,2024-04-20,Delivered,EcomExpress
SHP56868,TXN00047902,2024-03-22,2024-03-26,Delivered,Shadowfax
SHP75754,TXN00011657,2024-07-01,2024-07-05,Delivered,Shadowfax
SHP72476,TXN00053411,2024-01-16,2024-01-17,Delivered,Delhivery
SHP86292,TXN00012677,2024-05-13,2024-05-21,Delivered,EcomExpress
SHP65909,TXN00044119,2024-03-16,2024-03-20,Delivered,Delhivery
SHP86418,TXN00002645,2024-03-17,2024-03-27,Delivered,EcomExpress
SHP26360,TXN00070513,2024-03-21,2024-03-29,Delivered,EcomExpress
SHP53899,TXN00029273,2024-04-09,2024-04-16,Delivered,Delhivery
SHP91754,TXN00054289,2024-02-22,2024-02-24,Delivered,Delhivery
SHP15990,TXN00070288,2024-01-04,2024-01-10,Delivered,BlueDart
SHP27339,TXN00021089,2024-04-23,2024-04-24,Delivered,Delhivery
SHP99473,TXN00023151,2024-03-27,2024-04-04,Delivered,BlueDart
SHP13719,TXN00021891,2024-01-14,2024-01-23,Delivered,Delhivery
SHP13762,TXN00082047,2024-01-15,2024-01-23,Delivered,EcomExpress
SHP72500,TXN00098974,2024-04-28,2024-05-04,Delivered,BlueDart
SHP14620,TXN00077349,2024-05-16,2024-05-20,Delivered,EcomExpress
SHP86866,TXN00074188,2024-06-12,2024-06-19,Delivered,BlueDart
SHP79965,TXN00025082,2024-05-01,2024-05-11,Delivered,Delhivery
SHP61826,TXN00062022,2024-03-04,2024-03-08,Delivered,Shadowfax
SHP61644,TXN00005635,2024-01-14,2024-01-21,Delivered,Delhivery
SHP84164,TXN00020850,2024-02-25,2024-03-05,Delivered,Shadowfax
SHP47013,TXN00074796,2024-04-13,2024-04-22,Delivered,Delhivery
SHP27823,TXN00028926,2024-03-31,2024-04-02,Delivered,Delhivery
SHP19361,TXN00047806,2024-01-06,2024-01-14,Delivered,BlueDart
SHP64093,TXN00007975,2024-02-03,2024-02-08,Delivered,BlueDart
SHP43379,TXN00018910,2024-03-28,2024-04-04,Delivered,Shadowfax
SHP71236,TXN00003302,2024-04-08,2024-04-17,Delivered,Shadowfax
SHP26150,TXN00037081,2024-02-17,2024-02-27,Delivered,Shadowfax
SHP22450,TXN00030488,2024-01-05,2024-01-07,Delivered,Shadowfax
SHP27442,TXN00068108,2024-03-22,2024-03-23,Delivered,Shadowfax
SHP82049,TXN00012270,2024-06-16,2024-06-26,Delivered,Delhivery
SHP44989,TXN00061973,2024-06-05,2024-06-15,Delivered,Delhivery
SHP13827,TXN00020581,2024-02-18,2024-02-23,Delivered,Delhivery
SHP62822,TXN00035240,2024-04-15,2024-04-22,Delivered,Shadowfax
SHP51600,TXN00048738,2024-05-18,2024-05-24,Delivered,Shadowfax
SHP57952,TXN00002996,2024-02-04,2024-02-11,Delivered,BlueDart
SHP20222,TXN00015995,2024-01-03,2024-01-04,Delivered,Delhivery
SHP93710,TXN00031096,2024-06-27,2024-07-07,Delivered,BlueDart
SHP76927,TXN00063090,2024-03-05,2024-03-06,Delivered,BlueDart
SHP33441,TXN00076538,2024-06-15,2024-06-16,Delivered,EcomExpress
SHP17258,TXN00042086,2024-05-26,2024-06-04,Delivered,EcomExpress
SHP33253,TXN00041597,2024-06-30,2024-07-08,Delivered,EcomExpress
SHP66792,TXN00001094,2024-02-19,2024-02-21,Delivered,Delhivery
SHP40548,TXN00069034,2024-06-14,2024-06-17,Delivered,Shadowfax
SHP16834,TXN00059310,2024-05-04,2024-05-12,Delivered,BlueDart
SHP39952,TXN00047755,2024-03-18,2024-03-22,Delivered,Shadowfax
SHP18962,TXN00089517,2024-03-21,2024-03-24,Delivered,Shadowfax
SHP68853,TXN00050922,2024-06-23,2024-06-30,Delivered,EcomExpress
SHP15736,TXN00053663,2024-01-04,2024-01-08,Delivered,BlueDart
SHP38266,TXN00054383,2024-03-27,2024-04-06,Delivered,BlueDart
SHP67535,TXN00040707,2024-06-30,2024-07-07,Delivered,EcomExpress
SHP70933,TXN00021631,2024-05-06,2024-05-15,Delivered,Delhivery
SHP93643,TXN00014948,2024-03-27,2024-04-06,Delivered,EcomExpress
SHP39463,TXN00058786,2024-05-14,2024-05-22,Delivered,BlueDart
SHP10625,TXN00079450,2024-01-07,2024-01-09,Delivered,BlueDart
SHP89452,TXN00031151,2024-01-08,2024-01-09,Delivered,Delhivery
SHP31346,TXN00066890,2024-01-30,2024-02-01,Delivered,Delhivery
SHP82303,TXN00052841,2024-02-21,2024-02-26,Delivered,Delhivery
SHP27700,TXN00075595,2024-03-26,2024-04-01,Delivered,BlueDart
SHP65210,TXN00038574,2024-06-14,2024-06-20,Delivered,EcomExpress
SHP60531,TXN00070468,2024-01-17,2024-01-26,Delivered,BlueDart
SHP83681,TXN00094996,2024-02-26,2024-02-27,Delivered,Delhivery
SHP55578,TXN00049111,2024-03-24,2024-03-31,Delivered,BlueDart
SHP70314,TXN00076065,2024-03-13,2024-03-14,Delivered,EcomExpress
SHP74847,TXN00055347,2024-05-04,2024-05-08,Delivered,Delhivery
SHP17301,TXN00074524,2024-04-25,2024-04-29,Delivered,Delhivery
SHP40133,TXN00074316,2024-02-05,2024-02-10,Delivered,BlueDart
SHP51112,TXN00055021,2024-01-20,2024-01-28,Delivered,Delhivery
SHP68901,TXN00046826,2024-04-17,2024-04-22,Delivered,EcomExpress
SHP30893,TXN00034641,2024-06-03,2024-06-05,Delivered,BlueDart
SHP60211,TXN00086092,2024-04-08,2024-04-11,Delivered,Shadowfax
SHP79073,TXN00055345,2024-02-26,2024-02-29,Delivered,EcomExpress
SHP26831,TXN00086135,2024-01-21,2024-01-25,Delivered,BlueDart
SHP92917,TXN00019057,2024-01-16,2024-01-18,Delivered,Shadowfax
SHP55695,TXN00036326,2024-01-25,2024-02-03,Delivered,Shadowfax
SHP13022,TXN00038013,2024-01-14,2024-01-17,Delivered,Shadowfax
SHP63786,TXN00067299,2024-03-21,2024-03-29,Delivered,BlueDart
SHP31644,TXN00025641,2024-02-26,2024-03-01,Delivered,Shadowfax
SHP95686,TXN00076112,2024-05-02,2024-05-09,Delivered,BlueDart
SHP51251,TXN00077022,2024-04-08,2024-04-12,Delivered,Delhivery
SHP51527,TXN00076837,2024-06-10,2024-06-12,Delivered,Delhivery
SHP46950,TXN00099075,2024-06-05,2024-06-12,Delivered,Shadowfax
SHP17500,TXN00035488,2024-06-25,2024-06-28,Delivered,Delhivery
SHP52149,TXN00049172,2024-05-23,2024-06-02,Delivered,BlueDart
SHP31864,TXN00037365,2024-01-02,2024-01-03,Delivered,Shadowfax
SHP40129,TXN00045955,2024-01-29,2024-02-06,Delivered,BlueDart
SHP60195,TXN00045195,2024-03-30,2024-04-02,Delivered,EcomExpress
SHP21957,TXN00010934,2024-03-25,2024-03-26,Delivered,Shadowfax
SHP36244,TXN00066620,2024-04-24,2024-05-04,Delivered,EcomExpress
SHP14875,TXN00054720,2024-03-20,2024-03-21,Delivered,BlueDart
SHP70455,TXN00046555,2024-01-22,2024-01-31,Delivered,EcomExpress
SHP46541,TXN00057540,2024-02-27,2024-03-07,Delivered,BlueDart
SHP59505,TXN00024866,2024-04-09,2024-04-19,Delivered,EcomExpress
SHP73164,TXN00038819,2024-04-16,2024-04-17,Delivered,Delhivery
SHP80858,TXN00085180,2024-01-19,2024-01-22,Delivered,BlueDart
SHP62556,TXN00003033,2024-01-23,2024-01-24,Delivered,Shadowfax
SHP27692,TXN00023700,2024-06-02,2024-06-08,Delivered,Shadowfax
SHP54065,TXN00066512,2024-04-30,2024-05-05,Delivered,Shadowfax
SHP29542,TXN00002377,2024-05-19,2024-05-22,Delivered,Shadowfax
SHP99136,TXN00042426,2024-04-21,2024-04-22,Delivered,BlueDart
SHP21417,TXN00014295,2024-05-12,2024-05-22,Delivered,Delhivery
SHP69532,TXN00059610,2024-05-29,2024-06-08,Delivered,EcomExpress
SHP63689,TXN00061701,2024-06-07,2024-06-14,Delivered,Delhivery
SHP60742,TXN00042675,2024-04-13,2024-04-17,Delivered,Delhivery
SHP36044,TXN00095699,2024-03-26,2024-03-28,Delivered,Delhivery
SHP66535,TXN00021393,2024-05-29,2024-06-04,Delivered,Delhivery
SHP52152,TXN00085963,2024-03-21,2024-03-29,Delivered,EcomExpress
SHP56329,TXN00068307,2024-04-04,2024-04-06,Delivered,BlueDart
SHP95004,TXN00070173,2024-02-21,2024-02-26,Delivered,Shadowfax
SHP33694,TXN00059624,2024-03-01,2024-03-03,Delivered,BlueDart
SHP11067,TXN00093485,2024-03-31,2024-04-08,Delivered,Shadowfax
SHP75579,TXN00018525,2024-06-11,2024-06-13,Delivered,Delhivery
SHP57528,TXN00013387,2024-02-10,2024-02-14,Delivered,EcomExpress
SHP58518,TXN00048595,2024-05-11,2024-05-17,Delivered,BlueDart
SHP98003,TXN00024766,2024-02-09,2024-02-12,Delivered,Delhivery
SHP43787,TXN00099947,2024-04-18,2024-04-20,Delivered,EcomExpress
SHP98633,TXN00069187,2024-04-09,2024-04-17,Delivered,Delhivery
SHP76129,TXN00041871,2024-04-09,2024-04-10,Delivered,BlueDart
SHP73102,TXN00059465,2024-02-14,2024-02-22,Delivered,Shadowfax
SHP51408,TXN00091390,2024-03-20,2024-03-24,Delivered,Shadowfax
SHP22899,TXN00056290,2024-05-26,2024-06-02,Delivered,EcomExpress
SHP81510,TXN00058437,2024-01-31,2024-02-08,Delivered,EcomExpress
SHP94176,TXN00039623,2024-05-31,2024-06-10,Delivered,Shadowfax
SHP24980,TXN00010401,2024-02-29,2024-03-07,Delivered,Delhivery
SHP62711,TXN00085239,2024-05-12,2024-05-21,Delivered,BlueDart
SHP53454,TXN00084170,2024-02-10,2024-02-16,Delivered,Delhivery
SHP19671,TXN00052336,2024-02-13,2024-02-14,Delivered,EcomExpress
SHP94127,TXN00042654,2024-01-11,2024-01-19,Delivered,Shadowfax
SHP23367,TXN00050417,2024-04-14,2024-04-21,Delivered,Delhivery
SHP93144,TXN00070271,2024-02-19,2024-02-21,Delivered,BlueDart
SHP24650,TXN00078833,2024-01-23,2024-01-28,Delivered,BlueDart
SHP53268,TXN00050879,2024-02-24,2024-03-04,Delivered,EcomExpress
SHP10086,TXN00094424,2024-03-28,2024-04-06,Delivered,Delhivery
SHP56407,TXN00057468,2024-03-18,2024-03-24,Delivered,Shadowfax
SHP28424,TXN00000191,2024-06-10,2024-06-17,Delivered,Delhivery
SHP31632,TXN00078623,2024-04-14,2024-04-21,Delivered,EcomExpress
SHP91796,TXN00079903,2024-04-20,2024-04-27,Delivered,EcomExpress
SHP71012,TXN00056266,2024-06-05,2024-06-09,Delivered,Shadowfax
SHP12962,TXN00013388,2024-04-15,2024-04-18,Delivered,BlueDart
SHP53340,TXN00063801,2024-05-04,2024-05-07,Delivered,Delhivery
SHP18377,TXN00077815,2024-03-30,2024-04-01,Delivered,BlueDart
SHP16223,TXN00087539,2024-05-17,2024-05-22,Delivered,EcomExpress
SHP37350,TXN00078435,2024-03-24,2024-03-28,Delivered,EcomExpress
SHP50727,TXN00079870,2024-06-03,2024-06-12,Delivered,Shadowfax
SHP93980,TXN00026592,2024-05-07,2024-05-10,Delivered,BlueDart
SHP69921,TXN00035701,2024-02-18,2024-02-27,Delivered,BlueDart
SHP15688,TXN00064687,2024-05-19,2024-05-23,Delivered,Delhivery
SHP24077,TXN00026353,2024-04-16,2024-04-17,Delivered,BlueDart
SHP47071,TXN00041768,2024-06-19,2024-06-29,Delivered,Shadowfax
SHP19079,TXN00061404,2024-03-15,2024-03-17,Delivered,EcomExpress
SHP67554,TXN00001036,2024-03-13,2024-03-14,Delivered,Delhivery
SHP91408,TXN00018164,2024-04-26,2024-05-05,Delivered,EcomExpress
SHP52577,TXN00079154,2024-02-26,2024-03-06,Delivered,Delhivery
SHP68225,TXN00009326,2024-05-12,2024-05-20,Delivered,Delhivery
SHP24589,TXN00060842,2024-06-23,2024-07-01,Delivered,BlueDart
SHP75770,TXN00001728,2024-05-24,2024-06-01,Delivered,EcomExpress
SHP32176,TXN00043045,2024-03-27,2024-04-05,Delivered,Shadowfax
SHP90497,TXN00039166,2024-02-23,2024-03-04,Delivered,Shadowfax
SHP94410,TXN00068211,2024-01-25,2024-02-01,Delivered,EcomExpress
SHP33118,TXN00080345,2024-02-10,2024-02-11,Delivered,EcomExpress
SHP68325,TXN00054489,2024-03-22,2024-03-28,Delivered,Shadowfax
SHP99851,TXN00034005,2024-05-21,2024-05-30,Delivered,Delhivery
SHP26848,TXN00034082,2024-04-09,2024-04-12,Delivered,EcomExpress
SHP17975,TXN00023333,2024-04-01,2024-04-06,Delivered,Delhivery
SHP66295,TXN00002013,2024-01-31,2024-02-07,Delivered,Delhivery
SHP48431,TXN00006155,2024-01-08,2024-01-18,Delivered,EcomExpress
SHP46891,TXN00007607,2024-04-15,2024-04-16,Delivered,Shadowfax
SHP48202,TXN00088546,2024-06-27,2024-06-28,Delivered,EcomExpress
SHP56323,TXN00007765,2024-04-15,2024-04-18,Delivered,Shadowfax
SHP54189,TXN00058336,2024-05-22,2024-05-26,Delivered,Delhivery
SHP12196,TXN00075129,2025-04-02,2025-04-03,Delivered,Shadowfax
SHP72886,TXN00048089,2024-03-17,2024-03-20,Delivered,Delhivery
SHP67566,TXN00070181,2024-01-13,2024-01-18,Delivered,Shadowfax
SHP20257,TXN00090312,2024-04-07,2024-04-16,Delivered,BlueDart
SHP66649,TXN00068787,2024-03-04,2024-03-11,Delivered,Delhivery
SHP68430,TXN00085905,2024-04-21,2024-04-24,Delivered,Shadowfax
SHP11823,TXN00087681,2024-04-14,2024-04-16,Delivered,Delhivery
SHP23771,TXN00012309,2024-05-04,2024-05-11,Delivered,EcomExpress
SHP11960,TXN00018718,2024-02-24,2024-03-05,Delivered,EcomExpress
SHP36574,TXN00094498,2024-06-27,2024-07-02,Delivered,BlueDart
SHP71307,TXN00093332,2024-01-17,2024-01-26,Delivered,Shadowfax
SHP12040,TXN00005837,2024-03-24,2024-04-02,Delivered,BlueDart
SHP28363,TXN00083372,2024-01-03,2024-01-06,Delivered,Shadowfax
SHP55554,TXN00038158,2024-03-22,2024-03-31,Delivered,EcomExpress
SHP77996,TXN00011829,2024-01-10,2024-01-17,Delivered,Shadowfax
SHP22266,TXN00026023,2024-01-21,2024-01-23,Delivered,Delhivery
SHP16282,TXN00031231,2024-04-13,2024-04-18,Delivered,Delhivery
SHP87741,TXN00051993,2024-04-03,2024-04-04,Delivered,Shadowfax
SHP22093,TXN00099702,2024-02-19,2024-02-21,Delivered,EcomExpress
SHP65297,TXN00007443,2024-04-18,2024-04-28,Delivered,BlueDart
SHP79854,TXN00049481,2024-02-04,2024-02-09,Delivered,EcomExpress
SHP38872,TXN00059761,2024-05-01,2024-05-04,Delivered,BlueDart
SHP30964,TXN00098018,2024-01-17,2024-01-24,Delivered,Shadowfax
SHP80398,TXN00081396,2024-03-26,2024-04-01,Delivered,BlueDart
SHP99391,TXN00013594,2024-03-27,2024-04-05,Delivered,Shadowfax
SHP95811,TXN00060891,2024-03-10,2024-03-17,Delivered,BlueDart
SHP84771,TXN00043276,2024-03-13,2024-03-20,Delivered,EcomExpress
SHP10818,TXN00062533,2024-02-28,2024-03-06,Delivered,Shadowfax
SHP71301,TXN00065105,2024-03-27,2024-04-01,Delivered,EcomExpress
SHP18912,TXN00036577,2024-03-17,2024-03-26,Delivered,BlueDart
SHP27194,TXN00028855,2024-05-02,2024-05-08,Delivered,EcomExpress
SHP56308,TXN00050656,2024-05-22,2024-05-27,Delivered,BlueDart
SHP41045,TXN00014780,2024-06-10,2024-06-19,Delivered,BlueDart
SHP31914,TXN00024600,2024-04-09,2024-04-10,Delivered,Delhivery
SHP88586,TXN00011183,2024-04-11,2024-04-12,Delivered,Shadowfax
SHP58616,TXN00029598,2024-05-12,2024-05-22,Delivered,Shadowfax
SHP49826,TXN00084005,2024-05-30,2024-06-07,Delivered,EcomExpress
SHP92303,TXN00031665,2024-03-22,2024-03-29,Delivered,Shadowfax
SHP39002,TXN00048442,2024-06-26,2024-06-29,Delivered,Shadowfax
SHP64283,TXN00025133,2024-04-23,2024-04-29,Delivered,Shadowfax
SHP65382,TXN00097092,2024-03-25,2024-04-04,Delivered,Shadowfax
SHP32475,TXN00030616,2024-04-15,2024-04-20,Delivered,Shadowfax
SHP59707,TXN00044531,2024-01-07,2024-01-15,Delivered,BlueDart
SHP62240,TXN00023877,2024-05-05,2024-05-11,Delivered,Shadowfax
SHP88549,TXN00031329,2024-01-26,2024-01-30,Delivered,Shadowfax
SHP39178,TXN00071607,2024-04-10,2024-04-15,Delivered,Shadowfax
SHP94084,TXN00048114,2024-03-24,2024-04-03,Delivered,Shadowfax
SHP19011,TXN00077749,2024-04-19,2024-04-20,Delivered,EcomExpress
SHP82855,TXN00013135,2024-07-01,2024-07-07,Delivered,Shadowfax
SHP83617,TXN00083282,2024-01-24,2024-02-01,Delivered,Delhivery
SHP46705,TXN00067173,2024-04-05,2024-04-10,Delivered,Delhivery
SHP68867,TXN00058407,2024-02-08,2024-02-16,Delivered,BlueDart
SHP25122,TXN00082671,2024-05-24,2024-05-28,Delivered,BlueDart
SHP37348,TXN00025531,2024-04-14,2024-04-17,Delivered,Shadowfax
SHP20213,TXN00088972,2024-03-27,2024-03-31,Delivered,EcomExpress
SHP21320,TXN00051817,2024-01-30,2024-02-07,Delivered,BlueDart
SHP14811,TXN00005130,2024-04-08,2024-04-16,Delivered,Shadowfax
SHP23494,TXN00041962,2024-03-03,2024-03-06,Delivered,BlueDart
SHP46617,TXN00059336,2024-01-15,2024-01-19,Delivered,BlueDart
SHP54349,TXN00021213,2024-05-23,2024-05-29,Delivered,BlueDart
SHP14510,TXN00008106,2024-02-12,2024-02-20,Delivered,Delhivery
SHP14720,TXN00080732,2024-03-22,2024-03-28,Delivered,BlueDart
SHP54594,TXN00034714,2024-01-05,2024-01-12,Delivered,EcomExpress
SHP61969,TXN00000549,2024-05-15,2024-05-19,Delivered,Delhivery
SHP33725,TXN00039700,2024-05-14,2024-05-17,Delivered,EcomExpress
SHP32313,TXN00081526,2024-04-06,2024-04-13,Delivered,EcomExpress
SHP86770,TXN00033866,2024-01-07,2024-01-11,Delivered,EcomExpress
SHP74758,TXN00068401,2024-02-24,2024-03-04,Delivered,BlueDart
SHP61823,TXN00079147,2024-01-18,2024-01-28,Delivered,Shadowfax
SHP64152,TXN00002925,2024-06-11,2024-06-13,Delivered,BlueDart
SHP78346,TXN00002324,2024-05-26,2024-06-05,Delivered,EcomExpress
SHP38670,TXN00034043,2024-03-30,2024-04-05,Delivered,Delhivery
SHP46762,TXN00076549,2024-02-28,2024-03-02,Delivered,Delhivery
SHP80824,TXN00051375,2024-03-16,2024-03-26,Delivered,EcomExpress
SHP44823,TXN00006327,2024-03-23,2024-03-25,Delivered,BlueDart
SHP54967,TXN00057136,2025-03-14,2025-03-16,Delivered,EcomExpress
SHP62969,TXN00014842,2024-02-19,2024-02-22,Delivered,Delhivery
SHP29041,TXN00003208,2024-03-26,2024-03-29,Delivered,Shadowfax
SHP44156,TXN00082979,2024-01-03,2024-01-10,Delivered,Shadowfax
SHP16408,TXN00056537,2024-01-14,2024-01-17,Delivered,Shadowfax
SHP18484,TXN00097636,2024-01-29,2024-02-02,Delivered,EcomExpress
SHP25293,TXN00076673,2024-01-18,2024-01-21,Delivered,EcomExpress
SHP78145,TXN00092885,2024-03-02,2024-03-08,Delivered,Shadowfax
SHP57993,TXN00007683,2024-03-30,2024-04-05,Delivered,EcomExpress
SHP62783,TXN00003373,2024-04-22,2024-04-27,Delivered,Shadowfax
SHP11698,TXN00054417,2024-02-12,2024-02-17,Delivered,BlueDart
SHP53165,TXN00098591,2024-01-31,2024-02-03,Delivered,BlueDart
SHP59113,TXN00061342,2024-02-29,2024-03-08,Delivered,BlueDart
SHP69977,TXN00073101,2024-02-17,2024-02-27,Delivered,EcomExpress
SHP53454,TXN00037483,2024-05-09,2024-05-10,Delivered,EcomExpress
SHP32233,TXN00009110,2024-06-20,2024-06-23,Delivered,Delhivery
SHP85155,TXN00053795,2024-03-25,2024-04-01,Delivered,Shadowfax
SHP34969,TXN00051443,2024-04-24,2024-05-03,Delivered,Delhivery
SHP61398,TXN00037584,2024-01-18,2024-01-20,Delivered,Shadowfax
SHP76965,TXN00066480,2024-05-20,2024-05-21,Delivered,BlueDart
SHP11974,TXN00029511,2024-01-05,2024-01-13,Delivered,Shadowfax
SHP62850,TXN00034339,2024-06-11,2024-06-21,Delivered,Shadowfax
SHP88513,TXN00043697,2024-03-19,2024-03-22,Delivered,EcomExpress
SHP86422,TXN00034621,2024-03-29,2024-04-04,Delivered,BlueDart
SHP87318,TXN00021813,2024-01-08,2024-01-11,Delivered,EcomExpress
SHP41330,TXN00002358,2024-04-06,2024-04-11,Delivered,BlueDart
SHP79690,TXN00097855,2024-04-06,2024-04-08,Delivered,Shadowfax
SHP63166,TXN00087679,2024-05-28,2024-06-05,Delivered,Delhivery
SHP23688,TXN00090001,2024-06-12,2024-06-14,Delivered,BlueDart
SHP83335,TXN00090728,2024-04-12,2024-04-19,Delivered,BlueDart
SHP69303,TXN00005500,2024-04-03,2024-04-07,Delivered,BlueDart
SHP48339,TXN00082705,2024-03-13,2024-03-20,Delivered,EcomExpress
SHP98242,TXN00096432,2024-03-24,2024-03-31,Delivered,BlueDart
SHP77248,TXN00038486,2024-03-06,2024-03-15,Delivered,EcomExpress
SHP27034,TXN00008430,2024-02-12,2024-02-19,Delivered,EcomExpress
SHP32353,TXN00061164,2024-01-03,2024-01-05,Delivered,BlueDart
SHP63176,TXN00065430,2024-05-20,2024-05-24,Delivered,Shadowfax
SHP13720,TXN00044406,2024-04-07,2024-04-17,Delivered,BlueDart
SHP59519,TXN00055536,2024-01-06,2024-01-10,Delivered,EcomExpress
SHP84872,TXN00008664,2024-04-08,2024-04-12,Delivered,Delhivery
SHP66681,TXN00005305,2024-04-06,2024-04-13,Delivered,BlueDart
SHP32749,TXN00003611,2024-02-01,2024-02-08,Delivered,EcomExpress
SHP83074,TXN00091680,2024-04-05,2024-04-09,Delivered,Shadowfax
SHP51340,TXN00081177,2024-04-12,2024-04-14,Delivered,EcomExpress
SHP25946,TXN00051215,2024-04-15,2024-04-25,Delivered,EcomExpress
SHP79556,TXN00021780,2024-03-16,2024-03-23,Delivered,Delhivery
SHP57516,TXN00060318,2024-02-26,2024-03-04,Delivered,EcomExpress
SHP93256,TXN00079183,2024-02-22,2024-02-28,Delivered,Shadowfax
SHP19163,TXN00092541,2024-02-06,2024-02-11,Delivered,Delhivery
SHP25447,TXN00031083,2024-04-07,2024-04-14,Delivered,Delhivery
SHP80961,TXN00029316,2024-03-19,2024-03-28,Delivered,Delhivery
SHP83483,TXN00038909,2024-03-12,2024-03-18,Delivered,Delhivery
SHP69388,TXN00038247,2024-06-25,2024-06-29,Delivered,Delhivery
SHP88293,TXN00067438,2024-03-21,2024-03-26,Delivered,Shadowfax
SHP41728,TXN00054995,2024-04-03,2024-04-11,Delivered,EcomExpress
SHP33890,TXN00021226,2024-03-27,2024-03-29,Delivered,Delhivery
SHP94426,TXN00060490,2024-06-22,2024-06-24,Delivered,Shadowfax
SHP16620,TXN00023440,2024-06-25,2024-06-30,Delivered,Delhivery
SHP84445,TXN00018623,2024-03-30,2024-04-01,Delivered,BlueDart
SHP10719,TXN00050124,2024-03-17,2024-03-20,Delivered,EcomExpress
SHP58552,TXN00054637,2024-04-23,2024-05-02,Delivered,Shadowfax
SHP26509,TXN00053856,2024-07-01,2024-07-11,Delivered,EcomExpress
SHP57306,TXN00033296,2024-02-13,2024-02-15,Delivered,Shadowfax
SHP45882,TXN00062576,2024-03-20,2024-03-28,Delivered,BlueDart
SHP22914,TXN00038186,2024-02-04,2024-02-11,Delivered,Delhivery
SHP84299,TXN00051589,2024-03-26,2024-03-29,Delivered,BlueDart
SHP36091,TXN00035359,2024-01-26,2024-02-05,Delivered,BlueDart
SHP45548,TXN00076706,2024-06-02,2024-06-04,Delivered,Shadowfax
SHP83035,TXN00047740,2024-04-01,2024-04-03,Delivered,Shadowfax
SHP18738,TXN00033267,2024-06-03,2024-06-13,Delivered,Delhivery
SHP16935,TXN00004979,2024-01-10,2024-01-14,Delivered,Delhivery
SHP97548,TXN00081225,2024-05-06,2024-05-08,Delivered,Shadowfax
SHP36819,TXN00020589,2025-04-02,2025-04-08,Delivered,Delhivery
SHP86040,TXN00007362,2024-04-07,2024-04-13,Delivered,Shadowfax
SHP31137,TXN00082345,2024-03-31,2024-04-07,Delivered,Shadowfax
SHP98307,TXN00070066,2024-05-08,2024-05-14,Delivered,Delhivery
SHP34759,TXN00038125,2024-03-23,2024-04-01,Delivered,BlueDart
SHP25096,TXN00013529,2024-01-19,2024-01-26,Delivered,BlueDart
SHP32163,TXN00011213,2024-01-11,2024-01-14,Delivered,Shadowfax
SHP15618,TXN00032295,2024-04-06,2024-04-15,Delivered,Delhivery
SHP66706,TXN00060959,2024-03-20,2024-03-27,Delivered,BlueDart
SHP52179,TXN00081126,2024-04-25,2024-05-02,Delivered,BlueDart
SHP75109,TXN00078592,2024-02-04,2024-02-07,Delivered,Shadowfax
SHP35639,TXN00080121,2024-04-25,2024-04-28,Delivered,EcomExpress
SHP95950,TXN00005932,2024-02-23,2024-03-02,Delivered,EcomExpress
SHP67412,TXN00033342,2024-01-20,2024-01-27,Delivered,BlueDart
SHP68963,TXN00008457,2024-03-21,2024-03-23,Delivered,Delhivery
SHP78968,TXN00048374,2024-04-05,2024-04-10,Delivered,BlueDart
SHP64038,TXN00071186,2024-04-13,2024-04-19,Delivered,Delhivery
SHP88379,TXN00044112,2024-04-02,2024-04-08,Delivered,Shadowfax
SHP39974,TXN00012836,2024-06-15,2024-06-24,Delivered,Shadowfax
SHP15342,TXN00067165,2024-05-26,2024-05-27,Delivered,Shadowfax
SHP21516,TXN00074794,2024-02-13,2024-02-23,Delivered,Delhivery
SHP81846,TXN00028226,2024-04-12,2024-04-18,Delivered,Delhivery
SHP86291,TXN00090703,2024-05-03,2024-05-04,Delivered,Delhivery
SHP52664,TXN00013378,2024-04-16,2024-04-22,Delivered,BlueDart
SHP78137,TXN00047323,2024-05-12,2024-05-16,Delivered,BlueDart
SHP89625,TXN00058893,2024-01-25,2024-02-01,Delivered,Delhivery
SHP28628,TXN00038352,2024-04-01,2024-04-02,Delivered,Shadowfax
SHP60132,TXN00081952,2024-06-10,2024-06-13,Delivered,EcomExpress
SHP81388,TXN00052034,2024-01-18,2024-01-28,Delivered,EcomExpress
SHP56636,TXN00001089,2024-02-19,2024-02-27,Delivered,BlueDart
SHP80578,TXN00075445,2024-05-12,2024-05-20,Delivered,Delhivery
SHP62615,TXN00087648,2024-03-29,2024-04-02,Delivered,Delhivery
SHP24911,TXN00037552,2024-05-02,2024-05-08,Delivered,Shadowfax
SHP21346,TXN00080833,2024-03-03,2024-03-11,Delivered,Delhivery
SHP89638,TXN00072045,2024-04-24,2024-04-27,Delivered,EcomExpress
SHP12635,TXN00085872,2024-04-26,2024-05-03,Delivered,Delhivery
SHP45825,TXN00029707,2024-04-21,2024-04-29,Delivered,Delhivery
SHP38882,TXN00063568,2024-04-07,2024-04-09,Delivered,BlueDart
SHP98163,TXN00059135,2024-04-10,2024-04-14,Delivered,BlueDart
SHP16777,TXN00047866,2024-03-25,2024-03-31,Delivered,EcomExpress
SHP46881,TXN00076916,2024-02-02,2024-02-08,Delivered,Shadowfax
SHP75951,TXN00056086,2024-01-17,2024-01-20,Delivered,EcomExpress
SHP56659,TXN00089761,2024-05-02,2024-05-11,Delivered,BlueDart
SHP84086,TXN00047784,2024-02-12,2024-02-18,Delivered,BlueDart
SHP68375,TXN00089018,2024-06-20,2024-06-21,Delivered,Shadowfax
SHP57734,TXN00031972,2024-01-23,2024-01-29,Delivered,EcomExpress
SHP51196,TXN00085017,2024-05-31,2024-06-10,Delivered,Shadowfax
SHP56625,TXN00054482,2024-01-09,2024-01-18,Delivered,Delhivery
SHP40876,TXN00067078,2024-01-06,2024-01-07,Delivered,Delhivery
SHP21324,TXN00016428,2024-03-26,2024-03-28,Delivered,EcomExpress
SHP32144,TXN00077633,2024-01-12,2024-01-17,Delivered,Delhivery
SHP91912,TXN00081016,2024-03-12,2024-03-17,Delivered,BlueDart
SHP95985,TXN00003724,2024-03-20,2024-03-24,Delivered,Shadowfax
SHP50919,TXN00092764,2024-03-25,2024-03-26,Delivered,Delhivery
SHP97415,TXN00031843,2024-02-08,2024-02-09,Delivered,BlueDart
SHP11361,TXN00089668,2024-03-31,2024-04-08,Delivered,EcomExpress
SHP79630,TXN00022425,2024-01-12,2024-01-20,Delivered,Shadowfax
SHP66601,TXN00052686,2024-03-21,2024-03-25,Delivered,BlueDart
SHP80382,TXN00033535,2024-06-18,2024-06-24,Delivered,BlueDart
SHP86692,TXN00089272,2024-04-05,2024-04-09,Delivered,Delhivery
SHP58154,TXN00082113,2024-04-13,2024-04-15,Delivered,Delhivery
SHP61404,TXN00024205,2024-04-14,2024-04-16,Delivered,BlueDart
SHP79291,TXN00048953,2024-03-21,2024-03-28,Delivered,BlueDart
SHP58226,TXN00033453,2024-05-29,2024-06-01,Delivered,Delhivery
SHP60432,TXN00017863,2024-02-03,2024-02-11,Delivered,Shadowfax
SHP14132,TXN00053525,2025-03-08,2025-03-11,Delivered,EcomExpress
SHP98369,TXN00064766,2024-03-17,2024-03-27,Delivered,BlueDart
SHP70226,TXN00076467,2024-04-08,2024-04-15,Delivered,EcomExpress
SHP16425,TXN00025283,2024-02-29,2024-03-05,Delivered,EcomExpress
SHP47021,TXN00094058,2024-04-15,2024-04-22,Delivered,BlueDart
SHP40664,TXN00067657,2024-01-07,2024-01-14,Delivered,Delhivery
SHP83295,TXN00046551,2024-06-15,2024-06-17,Delivered,Shadowfax
SHP96802,TXN00044365,2024-05-30,2024-06-06,Delivered,Delhivery
SHP71784,TXN00059999,2024-04-04,2024-04-12,Delivered,Delhivery
SHP18426,TXN00018681,2024-05-05,2024-05-08,Delivered,Shadowfax
SHP69393,TXN00032041,2024-05-18,2024-05-22,Delivered,EcomExpress
SHP23954,TXN00091603,2024-05-04,2024-05-07,Delivered,BlueDart
SHP45213,TXN00021248,2024-02-10,2024-02-14,Delivered,BlueDart
SHP47579,TXN00072290,2024-02-08,2024-02-17,Delivered,Delhivery
SHP31181,TXN00039152,2024-03-21,2024-03-28,Delivered,EcomExpress
SHP93800,TXN00093286,2024-03-11,2024-03-20,Delivered,EcomExpress
SHP96865,TXN00037227,2024-05-30,2024-06-02,Delivered,Shadowfax
SHP48356,TXN00022434,2024-01-13,2024-01-19,Delivered,BlueDart
SHP30147,TXN00065628,2024-04-05,2024-04-12,Delivered,EcomExpress
SHP20033,TXN00071019,2024-04-25,2024-04-28,Delivered,Delhivery
SHP94802,TXN00080371,2024-01-26,2024-02-03,Delivered,Shadowfax
SHP22780,TXN00023390,2024-05-14,2024-05-23,Delivered,EcomExpress
SHP34003,TXN00037018,2024-04-12,2024-04-20,Delivered,EcomExpress
SHP97311,TXN00080812,2024-04-04,2024-04-12,Delivered,BlueDart
SHP48087,TXN00063459,2024-04-25,2024-04-27,Delivered,Shadowfax
SHP74863,TXN00032614,2024-05-17,2024-05-26,Delivered,Delhivery
SHP69244,TXN00079556,2024-04-12,2024-04-13,Delivered,Delhivery
SHP89300,TXN00082230,2024-05-24,2024-06-02,Delivered,Shadowfax
SHP78795,TXN00009200,2024-06-20,2024-06-23,Delivered,Shadowfax
SHP48173,TXN00081575,2024-04-08,2024-04-13,Delivered,BlueDart
SHP64933,TXN00082540,2024-03-13,2024-03-17,Delivered,BlueDart
SHP82783,TXN00088555,2024-05-14,2024-05-22,Delivered,Shadowfax
SHP84337,TXN00092893,2024-06-20,2024-06-26,Delivered,BlueDart
SHP28226,TXN00059705,2024-01-17,2024-01-18,Delivered,EcomExpress
SHP80818,TXN00050775,2024-03-07,2024-03-17,Delivered,Shadowfax
SHP35996,TXN00043668,2024-05-06,2024-05-08,Delivered,Shadowfax
SHP79664,TXN00037255,2024-06-15,2024-06-24,Delivered,Delhivery
SHP46457,TXN00045457,2024-04-06,2024-04-08,Delivered,Delhivery
SHP75302,TXN00061232,2024-06-14,2024-06-20,Delivered,EcomExpress
SHP64714,TXN00087193,2024-04-13,2024-04-21,Delivered,EcomExpress
SHP85947,TXN00090663,2024-01-20,2024-01-21,Delivered,Shadowfax
SHP88221,TXN00016401,2024-05-20,2024-05-22,Delivered,BlueDart
SHP87064,TXN00075452,2024-02-24,2024-03-03,Delivered,EcomExpress
SHP87292,TXN00088888,2024-02-01,2024-02-06,Delivered,EcomExpress
SHP65595,TXN00068451,2024-01-31,2024-02-05,Delivered,BlueDart
SHP73610,TXN00025983,2024-06-24,2024-07-01,Delivered,EcomExpress
SHP46365,TXN00004050,2024-06-18,2024-06-27,Delivered,EcomExpress
SHP69149,TXN00071833,2024-02-26,2024-02-29,Delivered,EcomExpress
SHP42879,TXN00075560,2024-01-06,2024-01-11,Delivered,BlueDart
SHP53583,TXN00041906,2024-02-07,2024-02-10,Delivered,Delhivery
SHP88537,TXN00084135,2024-06-15,2024-06-17,Delivered,BlueDart
SHP69314,TXN00004910,2024-06-08,2024-06-11,Delivered,Shadowfax
SHP15742,TXN00046488,2024-03-06,2024-03-14,Delivered,Delhivery
SHP88884,TXN00081275,2024-02-25,2024-02-26,Delivered,Delhivery
SHP93113,TXN00065713,2024-04-07,2024-04-13,Delivered,BlueDart
SHP94874,TXN00066644,2024-01-22,2024-02-01,Delivered,BlueDart
SHP44551,TXN00015414,2024-04-28,2024-04-30,Delivered,Delhivery
SHP28594,TXN00077574,2024-04-15,2024-04-24,Delivered,Shadowfax
SHP33334,TXN00083831,2024-04-28,2024-05-05,Delivered,Shadowfax
SHP78242,TXN00022013,2024-01-09,2024-01-18,Delivered,Shadowfax
SHP85754,TXN00009797,2024-04-18,2024-04-25,Delivered,Shadowfax
SHP14659,TXN00081592,2024-01-31,2024-02-10,Delivered,BlueDart
SHP21104,TXN00058436,2024-04-24,2024-05-03,Delivered,BlueDart
SHP32317,TXN00078082,2024-04-14,2024-04-23,Delivered,EcomExpress
SHP36735,TXN00049398,2024-01-02,2024-01-05,Delivered,EcomExpress
SHP31351,TXN00010883,2024-04-13,2024-04-20,Delivered,EcomExpress
SHP54170,TXN00075220,2024-02-01,2024-02-05,Delivered,EcomExpress
SHP63294,TXN00036301,2024-06-17,2024-06-27,Delivered,EcomExpress
SHP66485,TXN00005267,2024-03-28,2024-04-04,Delivered,Shadowfax
SHP66219,TXN00017391,2024-06-03,2024-06-05,Delivered,Shadowfax
SHP90659,TXN00096679,2024-01-02,2024-01-05,Delivered,Delhivery
SHP33485,TXN00079366,2024-04-28,2024-05-05,Delivered,Delhivery
SHP62301,TXN00072315,2024-06-23,2024-06-26,Delivered,EcomExpress
SHP43224,TXN00079985,2024-01-22,2024-01-27,Delivered,EcomExpress
SHP66457,TXN00076130,2024-02-13,2024-02-18,Delivered,EcomExpress
SHP95614,TXN00079339,2024-03-22,2024-03-30,Delivered,EcomExpress
SHP25718,TXN00044789,2024-01-21,2024-01-22,Delivered,BlueDart
SHP59774,TXN00067225,2024-03-23,2024-03-24,Delivered,Shadowfax
SHP60253,TXN00018220,2024-03-19,2024-03-21,Delivered,Delhivery
SHP63427,TXN00057760,2024-03-07,2024-03-17,Delivered,BlueDart
SHP37456,TXN00093333,2024-03-31,2024-04-07,Delivered,EcomExpress
SHP19959,TXN00076809,2024-01-15,2024-01-21,Delivered,BlueDart
SHP65063,TXN00085329,2024-06-30,2024-07-02,Delivered,Delhivery
SHP77603,TXN00097795,2024-03-27,2024-04-03,Delivered,Shadowfax
SHP81227,TXN00068767,2024-03-15,2024-03-21,Delivered,BlueDart
SHP96382,TXN00003039,2024-04-03,2024-04-07,Delivered,Shadowfax
SHP70372,TXN00054367,2024-06-21,2024-07-01,Delivered,EcomExpress
SHP50717,TXN00081012,2024-02-13,2024-02-22,Delivered,EcomExpress
SHP37527,TXN00033462,2024-06-07,2024-06-09,Delivered,Delhivery
SHP29585,TXN00041382,2024-03-26,2024-03-27,Delivered,EcomExpress
SHP95350,TXN00086850,2024-02-26,2024-03-04,Delivered,Delhivery
SHP44033,TXN00052449,2024-06-26,2024-07-02,Delivered,BlueDart
SHP30158,TXN00072114,2024-06-04,2024-06-14,Delivered,BlueDart
SHP12470,TXN00038950,2024-01-20,2024-01-28,Delivered,Shadowfax
SHP36840,TXN00061677,2024-04-11,2024-04-19,Delivered,Shadowfax
SHP84077,TXN00040727,2024-03-31,2024-04-04,Delivered,EcomExpress
SHP67706,TXN00010205,2024-02-14,2024-02-21,Delivered,EcomExpress
SHP69712,TXN00036831,2024-02-18,2024-02-26,Delivered,Shadowfax
SHP39484,TXN00064059,2024-05-19,2024-05-22,Delivered,BlueDart
SHP37253,TXN00045632,2024-05-01,2024-05-11,Delivered,Delhivery
SHP59149,TXN00045214,2024-03-11,2024-03-14,Delivered,EcomExpress
SHP26660,TXN00049082,2024-03-16,2024-03-24,Delivered,EcomExpress
SHP40909,TXN00032788,2024-04-18,2024-04-21,Delivered,Delhivery
SHP68305,TXN00062891,2024-04-05,2024-04-11,Delivered,EcomExpress
SHP22438,TXN00034184,2024-03-30,2024-04-08,Delivered,EcomExpress
SHP81869,TXN00013412,2024-01-09,2024-01-15,Delivered,Shadowfax
SHP79289,TXN00050270,2024-02-04,2024-02-13,Delivered,BlueDart
SHP95758,TXN00027441,2024-04-03,2024-04-12,Delivered,Delhivery
SHP53357,TXN00020393,2024-06-03,2024-06-07,Delivered,BlueDart
SHP19493,TXN00087763,2024-04-20,2024-04-26,Delivered,EcomExpress
SHP18775,TXN00070447,2024-02-27,2024-02-29,Delivered,Delhivery
SHP17286,TXN00023386,2024-01-27,2024-01-31,Delivered,Shadowfax
SHP14903,TXN00033741,2024-07-01,2024-07-03,Delivered,Delhivery
SHP90826,TXN00089725,2024-01-29,2024-02-05,Delivered,Delhivery
SHP43798,TXN00062537,2024-06-29,2024-07-07,Delivered,Delhivery
SHP37932,TXN00005805,2024-01-20,2024-01-21,Delivered,Delhivery
SHP13855,TXN00083714,2024-04-07,2024-04-14,Delivered,BlueDart
SHP51661,TXN00054818,2024-01-19,2024-01-23,Delivered,BlueDart
SHP68786,TXN00095801,2024-06-27,2024-07-02,Delivered,BlueDart
SHP91030,TXN00000932,2024-06-29,2024-07-01,Delivered,EcomExpress
SHP89631,TXN00090487,2024-04-30,2024-05-07,Delivered,EcomExpress
SHP33083,TXN00051649,2024-06-01,2024-06-11,Delivered,Delhivery
SHP70115,TXN00049343,2024-03-10,2024-03-11,Delivered,Delhivery
SHP10457,TXN00026837,2024-03-25,2024-03-28,Delivered,BlueDart
SHP55079,TXN00057646,2024-01-04,2024-01-07,Delivered,Shadowfax
SHP54437,TXN00030481,2024-01-17,2024-01-20,Delivered,Shadowfax
SHP18944,TXN00021077,2024-04-21,2024-04-30,Delivered,EcomExpress
SHP59086,TXN00027965,2024-02-09,2024-02-13,Delivered,BlueDart
SHP13334,TXN00062350,2024-04-25,2024-05-03,Delivered,Shadowfax
SHP84773,TXN00086795,2024-04-27,2024-05-07,Delivered,Delhivery
SHP76717,TXN00098225,2024-01-21,2024-01-23,Delivered,Delhivery
SHP17309,TXN00055661,2024-04-16,2024-04-21,Delivered,BlueDart
SHP17863,TXN00036993,2024-02-05,2024-02-07,Delivered,Shadowfax
SHP32598,TXN00016591,2024-05-22,2024-06-01,Delivered,BlueDart
SHP66357,TXN00073097,2024-02-11,2024-02-15,Delivered,EcomExpress
SHP85872,TXN00084567,2024-06-11,2024-06-21,Delivered,EcomExpress
SHP91653,TXN00019519,2024-04-22,2024-04-29,Delivered,Delhivery
SHP85511,TXN00030041,2024-01-19,2024-01-29,Delivered,BlueDart
SHP65649,TXN00099839,2024-03-14,2024-03-17,Delivered,BlueDart
SHP56526,TXN00054639,2024-04-11,2024-04-18,Delivered,EcomExpress
SHP56677,TXN00070346,2024-06-04,2024-06-14,Delivered,EcomExpress
SHP57156,TXN00052182,2024-02-07,2024-02-12,Delivered,EcomExpress
SHP95376,TXN00005287,2024-01-12,2024-01-20,Delivered,EcomExpress
SHP42085,TXN00034703,2024-05-27,2024-06-06,Delivered,EcomExpress
SHP99071,TXN00025711,2024-01-21,2024-01-27,Delivered,Shadowfax
SHP75168,TXN00073192,2024-01-21,2024-01-24,Delivered,Shadowfax
SHP30318,TXN00002692,2024-01-04,2024-01-07,Delivered,EcomExpress
SHP87895,TXN00016986,2024-03-04,2024-03-07,Delivered,Shadowfax
SHP67739,TXN00077599,2024-05-22,2024-05-23,Delivered,BlueDart
SHP29405,TXN00002566,2024-02-19,2024-02-21,Delivered,Delhivery
SHP99702,TXN00013933,2024-06-28,2024-07-04,Delivered,Delhivery
SHP16677,TXN00072786,2024-06-29,2024-06-30,Delivered,EcomExpress
SHP40213,TXN00057678,2024-05-30,2024-05-31,Delivered,BlueDart
SHP66256,TXN00024604,2024-06-10,2024-06-18,Delivered,EcomExpress
SHP21335,TXN00082966,2024-06-30,2024-07-09,Delivered,Delhivery
SHP96821,TXN00040878,2024-05-20,2024-05-24,Delivered,EcomExpress
SHP82896,TXN00093767,2024-06-10,2024-06-15,Delivered,Shadowfax
SHP74471,TXN00091547,2024-04-13,2024-04-15,Delivered,Shadowfax
SHP35304,TXN00064760,2024-02-12,2024-02-18,Delivered,EcomExpress
SHP11862,TXN00063142,2024-04-29,2024-05-07,Delivered,Shadowfax
SHP97177,TXN00029097,2024-04-01,2024-04-02,Delivered,EcomExpress
SHP21143,TXN00046254,2024-02-04,2024-02-05,Delivered,Delhivery
SHP14174,TXN00075886,2024-03-10,2024-03-11,Delivered,EcomExpress
SHP73909,TXN00048402,2024-05-02,2024-05-06,Delivered,Shadowfax
SHP10097,TXN00010625,2024-04-20,2024-04-26,Delivered,EcomExpress
SHP98271,TXN00046424,2024-03-21,2024-03-28,Delivered,BlueDart
SHP31478,TXN00013540,2024-03-28,2024-03-31,Delivered,EcomExpress
SHP32994,TXN00098635,2024-05-30,2024-06-05,Delivered,EcomExpress
SHP18764,TXN00000554,2024-06-06,2024-06-15,Delivered,EcomExpress
SHP58585,TXN00068731,2024-03-30,2024-04-05,Delivered,Delhivery
SHP55275,TXN00080465,2024-01-12,2024-01-15,Delivered,Shadowfax
SHP26258,TXN00038254,2024-04-09,2024-04-12,Delivered,EcomExpress
SHP46852,TXN00077315,2024-06-13,2024-06-23,Delivered,EcomExpress
SHP20370,TXN00066832,2024-04-17,2024-04-25,Delivered,Delhivery
SHP39286,TXN00072431,2024-03-29,2024-04-06,Delivered,BlueDart
SHP23561,TXN00005014,2024-02-12,2024-02-20,Delivered,BlueDart
SHP23383,TXN00062737,2024-04-15,2024-04-22,Delivered,Shadowfax
SHP99323,TXN00022973,2024-04-12,2024-04-17,Delivered,EcomExpress
SHP38113,TXN00055371,2024-02-26,2024-03-04,Delivered,EcomExpress
SHP57825,TXN00051208,2024-03-02,2024-03-11,Delivered,Delhivery
SHP49993,TXN00046700,2024-01-15,2024-01-17,Delivered,EcomExpress
SHP48648,TXN00078331,2024-01-22,2024-01-30,Delivered,BlueDart
SHP28474,TXN00066018,2024-02-04,2024-02-14,Delivered,Shadowfax
SHP95356,TXN00016532,2024-03-08,2024-03-12,Delivered,BlueDart
SHP80323,TXN00076242,2024-03-22,2024-03-27,Delivered,Delhivery
SHP43544,TXN00002508,2024-05-31,2024-06-06,Delivered,Shadowfax
SHP97005,TXN00035187,2024-05-21,2024-05-23,Delivered,BlueDart
SHP24615,TXN00011023,2024-03-30,2024-04-09,Delivered,BlueDart
SHP62290,TXN00052081,2024-06-05,2024-06-13,Delivered,BlueDart
SHP13601,TXN00064818,2024-01-07,2024-01-16,Delivered,Shadowfax
SHP36370,TXN00081241,2024-03-25,2024-03-28,Delivered,EcomExpress
SHP20497,TXN00062289,2024-01-21,2024-01-28,Delivered,BlueDart
SHP65388,TXN00050304,2024-01-23,2024-01-27,Delivered,BlueDart
SHP63772,TXN00039165,2024-04-12,2024-04-19,Delivered,Delhivery
SHP91156,TXN00009746,2024-05-19,2024-05-25,Delivered,EcomExpress
SHP36945,TXN00099663,2024-02-06,2024-02-10,Delivered,Shadowfax
SHP71610,TXN00023979,2024-05-30,2024-06-04,Delivered,EcomExpress
SHP39000,TXN00038161,2024-01-26,2024-02-01,Delivered,EcomExpress
SHP58995,TXN00005037,2024-06-25,2024-06-28,Delivered,BlueDart
SHP23993,TXN00069521,2024-01-28,2024-01-29,Delivered,EcomExpress
SHP87337,TXN00019127,2024-03-26,2024-04-03,Delivered,Delhivery
SHP45239,TXN00013330,2024-02-09,2024-02-15,Delivered,Shadowfax
SHP45691,TXN00015801,2024-02-29,2024-03-06,Delivered,EcomExpress
SHP37935,TXN00005434,2024-04-12,2024-04-17,Delivered,BlueDart
SHP34077,TXN00013441,2024-05-10,2024-05-14,Delivered,BlueDart
SHP41282,TXN00044800,2024-06-25,2024-07-02,Delivered,Delhivery
SHP13799,TXN00091790,2024-03-16,2024-03-20,Delivered,Delhivery
SHP15914,TXN00082936,2024-04-13,2024-04-14,Delivered,BlueDart
SHP65611,TXN00023888,2024-04-13,2024-04-22,Delivered,Shadowfax
SHP53310,TXN00071319,2024-03-26,2024-03-27,Delivered,Shadowfax
SHP30887,TXN00093420,2024-04-10,2024-04-15,Delivered,Shadowfax
SHP85301,TXN00043649,2024-03-28,2024-04-05,Delivered,EcomExpress
SHP56852,TXN00006079,2024-03-17,2024-03-25,Delivered,BlueDart
SHP48233,TXN00047166,2024-04-21,2024-05-01,Delivered,BlueDart
SHP51444,TXN00074755,2024-01-06,2024-01-16,Delivered,EcomExpress
SHP43893,TXN00045231,2025-04-26,2025-05-03,Delivered,Shadowfax
SHP72280,TXN00025562,2024-03-09,2024-03-16,Delivered,BlueDart
SHP57175,TXN00028096,2024-02-28,2024-03-05,Delivered,BlueDart
SHP77902,TXN00095635,2024-03-23,2024-03-26,Delivered,Delhivery
SHP73027,TXN00022037,2024-02-05,2024-02-09,Delivered,Delhivery
SHP97953,TXN00082640,2024-04-01,2024-04-05,Delivered,EcomExpress
SHP44978,TXN00088261,2024-01-22,2024-01-27,Delivered,Delhivery
SHP23271,TXN00081369,2024-03-27,2024-03-31,Delivered,Delhivery
SHP58329,TXN00015448,2024-03-26,2024-03-27,Delivered,Delhivery
SHP38548,TXN00005523,2024-03-27,2024-04-04,Delivered,EcomExpress
SHP78849,TXN00056167,2024-01-17,2024-01-27,Delivered,BlueDart
SHP35008,TXN00083880,2024-06-24,2024-07-02,Delivered,Delhivery
SHP12121,TXN00012957,2024-06-09,2024-06-14,Delivered,EcomExpress
SHP23297,TXN00091059,2024-03-31,2024-04-02,Delivered,EcomExpress
SHP57270,TXN00083520,2024-04-07,2024-04-13,Delivered,BlueDart
SHP98541,TXN00077294,2024-05-08,2024-05-10,Delivered,BlueDart
SHP90956,TXN00070995,2024-05-24,2024-05-26,Delivered,Shadowfax
SHP10338,TXN00091671,2024-01-15,2024-01-25,Delivered,BlueDart
SHP66383,TXN00086960,2024-04-16,2024-04-17,Delivered,EcomExpress
SHP47650,TXN00032064,2024-01-14,2024-01-21,Delivered,EcomExpress
SHP73285,TXN00097886,2024-03-27,2024-04-02,Delivered,Delhivery
SHP41927,TXN00066003,2024-01-06,2024-01-14,Delivered,EcomExpress
SHP53684,TXN00095817,2024-05-31,2024-06-10,Delivered,Delhivery
SHP19170,TXN00061253,2024-02-01,2024-02-03,Delivered,EcomExpress
SHP35710,TXN00088806,2024-03-04,2024-03-14,Delivered,BlueDart
SHP21686,TXN00089036,2024-03-10,2024-03-20,Delivered,Shadowfax
SHP24778,TXN00028476,2024-03-28,2024-03-29,Delivered,EcomExpress
SHP91118,TXN00055514,2024-04-20,2024-04-23,Delivered,Delhivery
SHP33861,TXN00097583,2024-03-30,2024-04-05,Delivered,EcomExpress
SHP72134,TXN00090631,2024-03-07,2024-03-08,Delivered,Shadowfax
SHP39539,TXN00039501,2024-04-16,2024-04-20,Delivered,Shadowfax
SHP48424,TXN00086019,2024-04-07,2024-04-11,Delivered,BlueDart
SHP48567,TXN00069133,2024-02-17,2024-02-25,Delivered,Delhivery
SHP51153,TXN00089676,2024-01-21,2024-01-29,Delivered,Shadowfax
SHP24191,TXN00076845,2024-03-27,2024-04-03,Delivered,Shadowfax
SHP16634,TXN00050509,2024-04-11,2024-04-19,Delivered,Shadowfax
SHP28984,TXN00074339,2024-02-06,2024-02-11,Delivered,Shadowfax
SHP33829,TXN00092462,2024-02-03,2024-02-13,Delivered,EcomExpress
SHP51802,TXN00001293,2024-04-28,2024-05-07,Delivered,BlueDart
SHP75563,TXN00094700,2024-02-04,2024-02-06,Delivered,Delhivery
SHP54177,TXN00018901,2024-03-30,2024-04-06,Delivered,Delhivery
SHP69476,TXN00080859,2024-04-28,2024-04-29,Delivered,Delhivery
SHP70142,TXN00062083,2024-02-09,2024-02-17,Delivered,Delhivery
SHP21049,TXN00056987,2024-06-07,2024-06-12,Delivered,Delhivery
SHP71630,TXN00042613,2024-05-05,2024-05-06,Delivered,EcomExpress
SHP76668,TXN00047375,2024-02-18,2024-02-21,Delivered,Shadowfax
SHP83789,TXN00048844,2024-03-29,2024-04-02,Delivered,Delhivery
SHP81927,TXN00053656,2024-03-26,2024-03-30,Delivered,Delhivery
SHP92926,TXN00015010,2024-01-16,2024-01-25,Delivered,Shadowfax
SHP43515,TXN00078602,2024-03-27,2024-04-06,Delivered,Shadowfax
SHP41765,TXN00099691,2024-05-25,2024-05-27,Delivered,Delhivery
SHP44437,TXN00067000,2024-03-29,2024-04-07,Delivered,BlueDart
SHP76341,TXN00062402,2024-05-25,2024-06-03,Delivered,BlueDart
SHP17323,TXN00029645,2024-03-07,2024-03-10,Delivered,BlueDart
SHP44656,TXN00004707,2024-02-12,2024-02-17,Delivered,Shadowfax
SHP32546,TXN00022856,2024-04-20,2024-04-30,Delivered,BlueDart
SHP27794,TXN00017250,2024-02-09,2024-02-16,Delivered,Shadowfax
SHP47441,TXN00084091,2024-05-04,2024-05-07,Delivered,EcomExpress
SHP76188,TXN00036878,2024-05-20,2024-05-25,Delivered,Delhivery
SHP12283,TXN00041309,2024-04-09,2024-04-17,Delivered,BlueDart
SHP31182,TXN00038843,2024-03-03,2024-03-11,Delivered,EcomExpress
SHP90596,TXN00044177,2024-04-08,2024-04-18,Delivered,Shadowfax
SHP51924,TXN00063325,2024-03-27,2024-03-30,Delivered,EcomExpress
SHP32020,TXN00068801,2024-05-10,2024-05-17,Delivered,EcomExpress
SHP52648,TXN00013221,2024-06-28,2024-07-03,Delivered,Delhivery
SHP77414,TXN00084722,2024-04-01,2024-04-06,Delivered,BlueDart
SHP44197,TXN00001413,2024-01-14,2024-01-16,Delivered,Shadowfax
SHP50143,TXN00029396,2024-03-25,2024-03-30,Delivered,EcomExpress
SHP16130,TXN00062087,2024-01-03,2024-01-05,Delivered,BlueDart
SHP14161,TXN00051538,2024-01-11,2024-01-17,Delivered,Shadowfax
SHP96420,TXN00066630,2024-03-29,2024-03-31,Delivered,Shadowfax
SHP60164,TXN00092287,2024-04-09,2024-04-10,Delivered,EcomExpress
SHP94588,TXN00062424,2024-06-02,2024-06-10,Delivered,BlueDart
SHP24549,TXN00059133,2024-04-09,2024-04-11,Delivered,Delhivery
SHP66533,TXN00054557,2024-04-14,2024-04-18,Delivered,Delhivery
SHP14258,TXN00056451,2024-03-24,2024-03-27,Delivered,Shadowfax
SHP16203,TXN00007039,2024-04-22,2024-05-02,Delivered,BlueDart
SHP28657,TXN00059545,2024-03-22,2024-03-31,Delivered,Shadowfax
SHP41885,TXN00080847,2024-02-15,2024-02-18,Delivered,BlueDart
SHP82993,TXN00050558,2024-05-07,2024-05-10,Delivered,BlueDart
SHP18756,TXN00000685,2024-04-08,2024-04-10,Delivered,BlueDart
SHP56484,TXN00032548,2024-01-06,2024-01-13,Delivered,BlueDart
SHP53103,TXN00057258,2024-03-26,2024-04-05,Delivered,Shadowfax
SHP77991,TXN00096248,2024-03-23,2024-03-29,Delivered,Delhivery
SHP51805,TXN00045556,2024-05-25,2024-05-27,Delivered,Delhivery
SHP97128,TXN00056910,2024-01-10,2024-01-14,Delivered,BlueDart
SHP77224,TXN00086516,2024-06-19,2024-06-22,Delivered,BlueDart
SHP64412,TXN00022842,2024-04-15,2024-04-16,Delivered,Shadowfax
SHP55911,TXN00035596,2024-03-18,2024-03-23,Delivered,Delhivery
SHP78004,TXN00062826,2024-03-06,2024-03-07,Delivered,EcomExpress
SHP60061,TXN00034769,2024-05-07,2024-05-16,Delivered,Delhivery
SHP54413,TXN00012535,2024-04-11,2024-04-20,Delivered,EcomExpress
SHP99714,TXN00022433,2024-03-01,2024-03-05,Delivered,Delhivery
SHP19379,TXN00007805,2024-01-24,2024-02-01,Delivered,EcomExpress
SHP11560,TXN00040671,2024-03-26,2024-03-29,Delivered,Shadowfax
SHP32040,TXN00077210,2024-02-16,2024-02-20,Delivered,BlueDart
SHP19160,TXN00070509,2024-04-12,2024-04-15,Delivered,Delhivery
SHP62796,TXN00064329,2024-02-17,2024-02-20,Delivered,Shadowfax
SHP81884,TXN00064839,2024-03-24,2024-04-02,Delivered,Shadowfax
SHP28211,TXN00008354,2024-02-12,2024-02-15,Delivered,Shadowfax
SHP80898,TXN00013460,2024-06-27,2024-07-02,Delivered,Shadowfax
SHP86602,TXN00047419,2024-04-22,2024-04-24,Delivered,Shadowfax
SHP87968,TXN00043717,2024-05-08,2024-05-10,Delivered,BlueDart
SHP90503,TXN00039801,2024-04-14,2024-04-24,Delivered,BlueDart
SHP57817,TXN00034328,2024-06-28,2024-07-03,Delivered,Shadowfax
SHP70783,TXN00087845,2024-03-09,2024-03-17,Delivered,Shadowfax
SHP77303,TXN00059897,2024-05-13,2024-05-23,Delivered,Shadowfax
SHP54216,TXN00022770,2024-03-27,2024-03-29,Delivered,EcomExpress
SHP36965,TXN00068499,2024-05-29,2024-06-04,Delivered,Delhivery
SHP60134,TXN00087984,2024-02-21,2024-02-22,Delivered,Shadowfax
SHP86712,TXN00073673,2024-02-27,2024-03-05,Delivered,EcomExpress
SHP60101,TXN00005087,2024-01-15,2024-01-22,Delivered,BlueDart
SHP42406,TXN00013966,2024-06-24,2024-06-25,Delivered,BlueDart
SHP90623,TXN00074781,2024-01-12,2024-01-16,Delivered,Shadowfax
SHP32295,TXN00071007,2024-03-02,2024-03-09,Delivered,BlueDart
SHP17175,TXN00055306,2024-01-12,2024-01-16,Delivered,EcomExpress
SHP35950,TXN00076329,2024-06-15,2024-06-24,Delivered,BlueDart
SHP92389,TXN00014611,2024-05-29,2024-06-02,Delivered,Shadowfax
SHP73714,TXN00024634,2024-03-05,2024-03-07,Delivered,Delhivery
SHP19527,TXN00014171,2024-01-08,2024-01-11,Delivered,Delhivery
SHP77664,TXN00013004,2024-01-04,2024-01-08,Delivered,Delhivery
SHP53886,TXN00051987,2024-03-28,2024-04-05,Delivered,BlueDart
SHP32943,TXN00093433,2024-02-15,2024-02-16,Delivered,BlueDart
SHP76467,TXN00078925,2024-06-06,2024-06-16,Delivered,Delhivery
SHP88751,TXN00085532,2024-06-05,2024-06-06,Delivered,Shadowfax
SHP52957,TXN00074072,2024-01-09,2024-01-11,Delivered,EcomExpress
SHP64644,TXN00024911,2024-01-26,2024-01-30,Delivered,EcomExpress
SHP67560,TXN00062374,2024-06-23,2024-06-24,Delivered,Shadowfax
SHP83825,TXN00014017,2024-01-06,2024-01-16,Delivered,Shadowfax
SHP94501,TXN00007640,2024-03-27,2024-03-29,Delivered,BlueDart
SHP48295,TXN00004842,2024-03-16,2024-03-18,Delivered,Shadowfax
SHP61879,TXN00057882,2024-01-19,2024-01-23,Delivered,BlueDart
SHP31809,TXN00096931,2024-01-31,2024-02-08,Delivered,EcomExpress
SHP81176,TXN00014400,2024-01-10,2024-01-18,Delivered,Delhivery
SHP89465,TXN00011770,2024-01-03,2024-01-11,Delivered,Delhivery
SHP83129,TXN00082832,2024-05-27,2024-06-01,Delivered,Shadowfax
SHP17249,TXN00055058,2024-03-31,2024-04-03,Delivered,Delhivery
SHP55175,TXN00062111,2024-03-17,2024-03-21,Delivered,EcomExpress
SHP18048,TXN00065646,2024-04-01,2024-04-05,Delivered,Delhivery
SHP74267,TXN00070855,2024-03-22,2024-03-28,Delivered,BlueDart
SHP92486,TXN00099951,2024-02-22,2024-02-29,Delivered,EcomExpress
SHP95391,TXN00039304,2024-04-04,2024-04-09,Delivered,EcomExpress
SHP94551,TXN00017117,2024-03-03,2024-03-09,Delivered,BlueDart
SHP28002,TXN00064224,2024-05-27,2024-05-30,Delivered,Delhivery
SHP40209,TXN00013286,2024-06-06,2024-06-15,Delivered,Delhivery
SHP17433,TXN00015657,2024-06-28,2024-07-03,Delivered,Delhivery
SHP87371,TXN00008403,2024-04-06,2024-04-07,Delivered,Shadowfax
SHP69551,TXN00042018,2024-01-14,2024-01-17,Delivered,Delhivery
SHP48040,TXN00023801,2024-03-21,2024-03-29,Delivered,BlueDart
SHP23819,TXN00019372,2024-03-11,2024-03-19,Delivered,Shadowfax
SHP89682,TXN00047335,2024-01-28,2024-01-29,Delivered,BlueDart
SHP80796,TXN00020305,2024-05-04,2024-05-12,Delivered,BlueDart
SHP35111,TXN00027590,2024-07-01,2024-07-07,Delivered,EcomExpress
SHP52190,TXN00019838,2024-02-04,2024-02-08,Delivered,Shadowfax
SHP18308,TXN00060708,2024-03-23,2024-03-29,Delivered,Delhivery
SHP38090,TXN00038279,2024-01-10,2024-01-14,Delivered,Delhivery
SHP35830,TXN00061927,2024-04-06,2024-04-11,Delivered,EcomExpress
SHP92458,TXN00094152,2024-03-25,2024-03-29,Delivered,BlueDart
SHP45648,TXN00080131,2024-03-25,2024-03-28,Delivered,EcomExpress
SHP31140,TXN00039917,2024-04-13,2024-04-21,Delivered,BlueDart
SHP35110,TXN00064777,2024-03-20,2024-03-28,Delivered,Delhivery
SHP91186,TXN00014839,2024-03-13,2024-03-17,Delivered,BlueDart
SHP94275,TXN00000841,2024-04-22,2024-04-25,Delivered,EcomExpress
SHP27593,TXN00061531,2024-04-10,2024-04-16,Delivered,BlueDart
SHP84946,TXN00058088,2024-06-05,2024-06-07,Delivered,BlueDart
SHP41675,TXN00066826,2024-06-26,2024-06-28,Delivered,Shadowfax
SHP67288,TXN00080187,2024-04-06,2024-04-12,Delivered,Delhivery
SHP43781,TXN00038126,2024-02-01,2024-02-08,Delivered,BlueDart
SHP57048,TXN00092676,2024-01-24,2024-02-01,Delivered,Shadowfax
SHP51219,TXN00075920,2024-05-04,2024-05-08,Delivered,EcomExpress
SHP33555,TXN00045171,2024-05-23,2024-06-01,Delivered,EcomExpress
SHP10458,TXN00020088,2024-03-31,2024-04-04,Delivered,EcomExpress
SHP91947,TXN00072691,2024-05-04,2024-05-08,Delivered,Shadowfax
SHP76593,TXN00076384,2024-03-28,2024-04-01,Delivered,Shadowfax
SHP90840,TXN00074896,2024-04-07,2024-04-11,Delivered,BlueDart
SHP80447,TXN00008835,2024-01-10,2024-01-18,Delivered,Delhivery
SHP39460,TXN00092609,2024-04-10,2024-04-18,Delivered,Delhivery
SHP23800,TXN00056223,2024-04-08,2024-04-11,Delivered,BlueDart
SHP37082,TXN00091823,2024-04-24,2024-04-26,Delivered,BlueDart
SHP75591,TXN00048295,2024-04-01,2024-04-09,Delivered,Shadowfax
SHP86330,TXN00043732,2024-02-03,2024-02-04,Delivered,EcomExpress
SHP91799,TXN00013649,2024-04-26,2024-04-29,Delivered,Shadowfax
SHP17946,TXN00069230,2024-06-29,2024-07-01,Delivered,Shadowfax
SHP57382,TXN00024174,2024-04-16,2024-04-23,Delivered,EcomExpress
SHP27624,TXN00013457,2024-01-25,2024-02-03,Delivered,EcomExpress
SHP25453,TXN00051684,2024-06-15,2024-06-17,Delivered,Delhivery
SHP49133,TXN00097336,2024-06-20,2024-06-29,Delivered,Shadowfax
SHP33623,TXN00021389,2024-02-16,2024-02-25,Delivered,EcomExpress
SHP53472,TXN00010349,2024-03-30,2024-04-02,Delivered,EcomExpress
SHP67508,TXN00046220,2024-02-29,2024-03-04,Delivered,Shadowfax
SHP57862,TXN00034886,2024-06-21,2024-06-26,Delivered,Delhivery
SHP96219,TXN00056486,2024-03-28,2024-04-07,Delivered,EcomExpress
SHP48060,TXN00095059,2024-05-29,2024-06-08,Delivered,BlueDart
SHP22415,TXN00009076,2024-05-18,2024-05-28,Delivered,Delhivery
SHP11273,TXN00025075,2024-03-19,2024-03-23,Delivered,Delhivery
SHP54639,TXN00034265,2024-01-30,2024-02-02,Delivered,BlueDart
SHP52613,TXN00001133,2024-02-17,2024-02-22,Delivered,Shadowfax
SHP42744,TXN00014925,2024-02-26,2024-03-05,Delivered,EcomExpress
SHP53436,TXN00065647,2024-01-12,2024-01-20,Delivered,Delhivery
SHP87423,TXN00063045,2024-04-27,2024-04-30,Delivered,Shadowfax
SHP53520,TXN00069016,2024-03-14,2024-03-16,Delivered,EcomExpress
SHP91947,TXN00058713,2024-03-28,2024-04-02,Delivered,EcomExpress
SHP52426,TXN00064684,2025-05-14,2025-05-22,Delivered,EcomExpress
SHP64661,TXN00061126,2024-04-07,2024-04-17,Delivered,Delhivery
SHP20987,TXN00077200,2024-03-30,2024-04-01,Delivered,EcomExpress
SHP22262,TXN00000398,2024-05-11,2024-05-13,Delivered,BlueDart
SHP24968,TXN00014380,2024-06-18,2024-06-22,Delivered,Delhivery
SHP97188,TXN00068548,2024-06-14,2024-06-23,Delivered,Delhivery
SHP77711,TXN00019507,2024-06-09,2024-06-15,Delivered,Shadowfax
SHP21938,TXN00037041,2024-06-19,2024-06-21,Delivered,EcomExpress
SHP31270,TXN00043523,2024-04-06,2024-04-09,Delivered,BlueDart
SHP29617,TXN00071596,2024-04-05,2024-04-15,Delivered,Delhivery
SHP68301,TXN00028173,2024-06-29,2024-07-08,Delivered,Delhivery
SHP80186,TXN00065157,2024-01-29,2024-02-08,Delivered,Delhivery
SHP99001,TXN00038476,2024-02-12,2024-02-13,Delivered,BlueDart
SHP77645,TXN00059002,2024-02-24,2024-03-02,Delivered,EcomExpress
SHP65965,TXN00016282,2024-05-22,2024-05-26,Delivered,EcomExpress
SHP26930,TXN00057322,2024-01-30,2024-02-02,Delivered,EcomExpress
SHP80559,TXN00043243,2024-01-17,2024-01-24,Delivered,BlueDart
SHP55090,TXN00091596,2024-03-29,2024-03-30,Delivered,BlueDart
SHP93542,TXN00066485,2024-01-22,2024-01-28,Delivered,EcomExpress
SHP52168,TXN00016430,2024-03-03,2024-03-04,Delivered,BlueDart
SHP60658,TXN00048836,2024-03-07,2024-03-17,Delivered,Delhivery
SHP87460,TXN00054442,2024-06-20,2024-06-21,Delivered,EcomExpress
SHP25309,TXN00061613,2024-03-03,2024-03-10,Delivered,EcomExpress
SHP95039,TXN00076310,2024-05-23,2024-05-27,Delivered,Delhivery
SHP59370,TXN00078870,2024-06-19,2024-06-22,Delivered,EcomExpress
SHP30995,TXN00091924,2024-05-25,2024-05-29,Delivered,EcomExpress
SHP13027,TXN00088132,2024-03-16,2024-03-24,Delivered,Delhivery
SHP36356,TXN00082492,2024-01-02,2024-01-10,Delivered,BlueDart
SHP62043,TXN00074259,2024-04-23,2024-05-02,Delivered,BlueDart
SHP72825,TXN00093687,2024-03-28,2024-03-30,Delivered,BlueDart
SHP89309,TXN00049764,2024-04-23,2024-04-27,Delivered,EcomExpress
SHP30053,TXN00068068,2024-04-26,2024-05-06,Delivered,Shadowfax
SHP50726,TXN00019399,2024-03-20,2024-03-25,Delivered,BlueDart
SHP78235,TXN00074984,2024-01-17,2024-01-26,Delivered,Delhivery
SHP34740,TXN00084562,2024-04-16,2024-04-18,Delivered,Shadowfax
SHP45410,TXN00067229,2024-02-04,2024-02-06,Delivered,Delhivery
SHP58348,TXN00025228,2024-05-14,2024-05-23,Delivered,Shadowfax
SHP62253,TXN00011159,2024-04-24,2024-05-03,Delivered,BlueDart
SHP38690,TXN00064573,2024-03-30,2024-04-04,Delivered,Shadowfax
SHP32642,TXN00006465,2024-01-14,2024-01-16,Delivered,Delhivery
SHP77036,TXN00073697,2024-04-09,2024-04-13,Delivered,Delhivery
SHP42716,TXN00054231,2024-01-10,2024-01-19,Delivered,Shadowfax
SHP27526,TXN00043615,2024-01-20,2024-01-27,Delivered,EcomExpress
SHP71768,TXN00073725,2024-01-08,2024-01-18,Delivered,Shadowfax
SHP38434,TXN00008894,2024-01-04,2024-01-12,Delivered,Delhivery
SHP95527,TXN00005903,2024-03-20,2024-03-25,Delivered,Delhivery
SHP23957,TXN00068655,2024-03-29,2024-04-06,Delivered,BlueDart
SHP89806,TXN00030989,2024-06-11,2024-06-20,Delivered,Shadowfax
SHP60331,TXN00070452,2024-03-06,2024-03-07,Delivered,Shadowfax
SHP25930,TXN00042363,2024-06-17,2024-06-23,Delivered,BlueDart
SHP84847,TXN00020533,2024-02-14,2024-02-20,Delivered,EcomExpress
SHP74693,TXN00031708,2024-03-21,2024-03-23,Delivered,Delhivery
SHP66470,TXN00072321,2024-04-29,2024-04-30,Delivered,Shadowfax
SHP75625,TXN00083769,2024-03-29,2024-04-02,Delivered,Shadowfax
SHP74048,TXN00052269,2024-06-30,2024-07-01,Delivered,Delhivery
SHP38370,TXN00030455,2024-03-04,2024-03-08,Delivered,Delhivery
SHP26361,TXN00014814,2024-04-12,2024-04-19,Delivered,BlueDart
SHP97918,TXN00008684,2024-03-12,2024-03-17,Delivered,EcomExpress
SHP70300,TXN00070404,2024-02-01,2024-02-04,Delivered,Shadowfax
SHP45748,TXN00067046,2024-04-14,2024-04-15,Delivered,BlueDart
SHP60553,TXN00076215,2024-06-03,2024-06-04,Delivered,BlueDart
SHP93059,TXN00052515,2024-02-19,2024-02-20,Delivered,BlueDart
SHP90132,TXN00045754,2024-01-19,2024-01-20,Delivered,EcomExpress
SHP46183,TXN00025455,2024-01-09,2024-01-12,Delivered,EcomExpress
SHP15499,TXN00079243,2024-06-05,2024-06-15,Delivered,EcomExpress
SHP17621,TXN00099755,2024-01-13,2024-01-14,Delivered,EcomExpress
SHP55975,TXN00014644,2024-05-18,2024-05-20,Delivered,EcomExpress
SHP42022,TXN00066414,2024-03-03,2024-03-12,Delivered,BlueDart
SHP89544,TXN00049865,2024-04-10,2024-04-20,Delivered,BlueDart
SHP31227,TXN00052574,2024-03-01,2024-03-10,Delivered,EcomExpress
SHP26920,TXN00038464,2024-01-29,2024-02-05,Delivered,Shadowfax
SHP18460,TXN00024363,2024-02-15,2024-02-23,Delivered,Shadowfax
SHP68377,TXN00012383,2024-03-30,2024-04-06,Delivered,Shadowfax
SHP40560,TXN00097136,2024-01-03,2024-01-07,Delivered,Shadowfax
SHP43137,TXN00017955,2024-05-12,2024-05-21,Delivered,EcomExpress
SHP86037,TXN00000891,2024-06-02,2024-06-08,Delivered,EcomExpress
SHP78676,TXN00015687,2024-01-27,2024-01-31,Delivered,Delhivery
SHP66204,TXN00075826,2024-01-18,2024-01-27,Delivered,Delhivery
SHP62984,TXN00055172,2024-03-29,2024-04-03,Delivered,BlueDart
SHP49722,TXN00066147,2024-06-16,2024-06-25,Delivered,Delhivery
SHP45936,TXN00088738,2024-04-29,2024-05-04,Delivered,Shadowfax
SHP67599,TXN00065422,2024-03-28,2024-04-07,Delivered,Delhivery
SHP86024,TXN00015971,2024-01-03,2024-01-06,Delivered,Shadowfax
SHP55054,TXN00097005,2024-02-24,2024-02-28,Delivered,BlueDart
SHP88259,TXN00003939,2024-03-24,2024-03-30,Delivered,BlueDart
SHP26518,TXN00020175,2024-01-29,2024-02-07,Delivered,EcomExpress
SHP84267,TXN00085254,2024-01-31,2024-02-06,Delivered,BlueDart
SHP13634,TXN00093844,2024-03-07,2024-03-13,Delivered,Delhivery
SHP62796,TXN00059638,2024-05-26,2024-06-03,Delivered,EcomExpress
SHP68406,TXN00078445,2024-01-06,2024-01-09,Delivered,EcomExpress
SHP18970,TXN00049475,2024-03-06,2024-03-13,Delivered,EcomExpress
SHP87864,TXN00098661,2024-03-14,2024-03-21,Delivered,BlueDart
SHP56494,TXN00027617,2024-03-17,2024-03-21,Delivered,Shadowfax
SHP19972,TXN00045558,2024-02-19,2024-02-29,Delivered,BlueDart
SHP60814,TXN00098001,2024-01-28,2024-01-29,Delivered,EcomExpress
SHP38784,TXN00046309,2024-05-14,2024-05-23,Delivered,BlueDart
SHP52742,TXN00064034,2024-03-10,2024-03-12,Delivered,BlueDart
SHP24266,TXN00010224,2024-01-06,2024-01-12,Delivered,Shadowfax
SHP75917,TXN00090292,2024-05-20,2024-05-29,Delivered,EcomExpress
SHP19535,TXN00015241,2024-04-07,2024-04-09,Delivered,EcomExpress
SHP35020,TXN00033658,2024-03-19,2024-03-24,Delivered,EcomExpress
SHP93618,TXN00005212,2024-03-10,2024-03-18,Delivered,Shadowfax
SHP87480,TXN00095293,2024-06-06,2024-06-16,Delivered,EcomExpress
SHP84158,TXN00016194,2024-06-30,2024-07-10,Delivered,Delhivery
SHP42968,TXN00056657,2024-05-11,2024-05-15,Delivered,Shadowfax
SHP87043,TXN00007350,2024-03-11,2024-03-19,Delivered,EcomExpress
SHP44967,TXN00079052,2024-02-12,2024-02-20,Delivered,Shadowfax
SHP55215,TXN00047233,2024-03-24,2024-04-01,Delivered,Shadowfax
SHP14956,TXN00006540,2024-02-10,2024-02-18,Delivered,Delhivery
SHP85051,TXN00071040,2024-03-26,2024-04-01,Delivered,BlueDart
SHP42690,TXN00038110,2024-03-03,2024-03-04,Delivered,Shadowfax
SHP99488,TXN00072587,2024-06-11,2024-06-16,Delivered,Shadowfax
SHP72204,TXN00010930,2024-06-03,2024-06-11,Delivered,BlueDart
SHP75421,TXN00077773,2024-05-29,2024-05-31,Delivered,Delhivery
SHP50225,TXN00012156,2024-01-05,2024-01-14,Delivered,BlueDart
SHP61986,TXN00013905,2024-03-21,2024-03-29,Delivered,Delhivery
SHP67274,TXN00068918,2024-04-10,2024-04-16,Delivered,Delhivery
SHP76034,TXN00006383,2024-02-22,2024-02-29,Delivered,Shadowfax
SHP93668,TXN00087443,2024-06-17,2024-06-19,Delivered,Shadowfax
SHP81041,TXN00052903,2024-04-23,2024-05-03,Delivered,Shadowfax
SHP95432,TXN00062566,2024-02-16,2024-02-24,Delivered,Shadowfax
SHP77782,TXN00047280,2024-04-01,2024-04-10,Delivered,BlueDart
SHP67291,TXN00038908,2024-02-07,2024-02-08,Delivered,Delhivery
SHP42992,TXN00021478,2024-01-06,2024-01-07,Delivered,BlueDart
SHP81190,TXN00090971,2024-03-25,2024-03-26,Delivered,Shadowfax
SHP30937,TXN00010446,2024-03-22,2024-03-26,Delivered,Delhivery
SHP98425,TXN00010256,2024-04-11,2024-04-16,Delivered,EcomExpress
SHP66920,TXN00031165,2024-04-22,2024-04-25,Delivered,Shadowfax
SHP35477,TXN00030657,2024-02-13,2024-02-16,Delivered,BlueDart
SHP77349,TXN00046211,2024-01-10,2024-01-15,Delivered,BlueDart
SHP27038,TXN00026516,2024-04-18,2024-04-19,Delivered,Shadowfax
SHP61369,TXN00081601,2024-03-28,2024-04-06,Delivered,EcomExpress
SHP29983,TXN00058199,2024-06-24,2024-06-29,Delivered,EcomExpress
SHP61532,TXN00045986,2024-04-02,2024-04-11,Delivered,BlueDart
SHP92937,TXN00015144,2024-04-29,2024-05-06,Delivered,Delhivery
SHP12466,TXN00061635,2024-02-13,2024-02-19,Delivered,EcomExpress
SHP87466,TXN00067339,2024-03-28,2024-03-30,Delivered,Shadowfax
SHP79958,TXN00049395,2024-04-17,2024-04-25,Delivered,Shadowfax
SHP23233,TXN00021520,2024-01-08,2024-01-16,Delivered,EcomExpress
SHP35424,TXN00081224,2024-04-07,2024-04-08,Delivered,BlueDart
SHP86846,TXN00072459,2024-05-03,2024-05-08,Delivered,Delhivery
SHP29580,TXN00007386,2024-01-22,2024-02-01,Delivered,Delhivery
SHP99331,TXN00022031,2024-04-12,2024-04-21,Delivered,Shadowfax
SHP35870,TXN00080095,2024-02-03,2024-02-05,Delivered,EcomExpress
SHP39091,TXN00067177,2024-05-13,2024-05-16,Delivered,Delhivery
SHP50820,TXN00092179,2024-03-31,2024-04-09,Delivered,EcomExpress
SHP74287,TXN00033877,2024-01-11,2024-01-19,Delivered,BlueDart
SHP46032,TXN00079492,2024-03-17,2024-03-27,Delivered,Shadowfax
SHP62163,TXN00017556,2024-03-16,2024-03-23,Delivered,Delhivery
SHP49655,TXN00071904,2024-02-14,2024-02-23,Delivered,BlueDart
SHP33416,TXN00068146,2024-05-15,2024-05-23,Delivered,BlueDart
SHP59444,TXN00019591,2024-02-04,2024-02-09,Delivered,BlueDart
SHP36213,TXN00056837,2024-03-25,2024-03-29,Delivered,BlueDart
SHP41411,TXN00064827,2024-03-06,2024-03-09,Delivered,Shadowfax
SHP56923,TXN00090478,2024-04-20,2024-04-24,Delivered,Delhivery
SHP37344,TXN00093151,2024-05-11,2024-05-15,Delivered,EcomExpress
SHP63567,TXN00021616,2024-03-16,2024-03-22,Delivered,EcomExpress
SHP77948,TXN00080582,2024-04-12,2024-04-21,Delivered,BlueDart
SHP46152,TXN00046890,2024-01-05,2024-01-09,Delivered,Shadowfax
SHP25668,TXN00008418,2024-05-13,2024-05-19,Delivered,BlueDart
SHP48767,TXN00060915,2024-02-02,2024-02-11,Delivered,BlueDart
SHP59097,TXN00094968,2024-06-17,2024-06-22,Delivered,Shadowfax
SHP31424,TXN00048030,2024-02-06,2024-02-11,Delivered,Shadowfax
SHP88608,TXN00004282,2025-02-13,2025-02-15,Delivered,EcomExpress
SHP68108,TXN00035386,2024-01-02,2024-01-09,Delivered,Delhivery
SHP12205,TXN00061813,2024-03-23,2024-03-28,Delivered,Shadowfax
SHP65100,TXN00008777,2024-02-19,2024-02-20,Delivered,Delhivery
SHP89626,TXN00077188,2024-02-16,2024-02-21,Delivered,Shadowfax
SHP41393,TXN00073087,2024-04-15,2024-04-22,Delivered,Shadowfax
SHP30343,TXN00087392,2024-03-04,2024-03-13,Delivered,Delhivery
SHP98780,TXN00090793,2024-06-13,2024-06-18,Delivered,Delhivery
SHP16765,TXN00039382,2024-04-13,2024-04-22,Delivered,Shadowfax
SHP82585,TXN00072327,2024-02-03,2024-02-12,Delivered,BlueDart
SHP92979,TXN00042085,2024-03-26,2024-04-03,Delivered,Shadowfax
SHP96761,TXN00048682,2024-05-03,2024-05-13,Delivered,EcomExpress
SHP24046,TXN00064091,2024-03-11,2024-03-13,Delivered,Delhivery
SHP73672,TXN00088461,2024-02-10,2024-02-18,Delivered,BlueDart
SHP72354,TXN00005842,2024-01-21,2024-01-23,Delivered,BlueDart
SHP35336,TXN00057769,2024-04-27,2024-05-04,Delivered,Delhivery
SHP21367,TXN00019501,2024-03-25,2024-04-04,Delivered,EcomExpress
SHP39011,TXN00054681,2024-02-05,2024-02-08,Delivered,Shadowfax
SHP79293,TXN00090573,2024-02-11,2024-02-20,Delivered,Delhivery
SHP80783,TXN00058695,2024-05-31,2024-06-08,Delivered,Delhivery
SHP54513,TXN00037932,2024-06-14,2024-06-23,Delivered,BlueDart
SHP70994,TXN00087584,2024-04-21,2024-04-26,Delivered,EcomExpress
SHP86170,TXN00032838,2024-01-06,2024-01-14,Delivered,Delhivery
SHP27135,TXN00086299,2024-05-23,2024-05-27,Delivered,Delhivery
SHP62747,TXN00078849,2024-03-26,2024-04-05,Delivered,EcomExpress
SHP29244,TXN00057216,2024-03-29,2024-04-03,Delivered,BlueDart
SHP41503,TXN00000323,2024-02-29,2024-03-02,Delivered,EcomExpress
SHP10296,TXN00002023,2024-01-13,2024-01-16,Delivered,BlueDart
SHP48574,TXN00056600,2024-04-24,2024-04-27,Delivered,Shadowfax
SHP30325,TXN00018268,2024-01-21,2024-01-24,Delivered,EcomExpress
SHP19033,TXN00030020,2024-06-22,2024-07-02,Delivered,Shadowfax
SHP41737,TXN00043411,2024-06-24,2024-06-26,Delivered,Delhivery
SHP52701,TXN00038166,2024-02-18,2024-02-19,Delivered,BlueDart
SHP76420,TXN00095868,2024-01-12,2024-01-22,Delivered,Shadowfax
SHP48096,TXN00041968,2024-04-13,2024-04-16,Delivered,Shadowfax
SHP81248,TXN00027808,2024-03-03,2024-03-11,Delivered,Shadowfax
SHP46304,TXN00041716,2024-02-12,2024-02-22,Delivered,EcomExpress
SHP30840,TXN00048132,2024-06-05,2024-06-06,Delivered,Shadowfax
SHP94742,TXN00019306,2024-03-07,2024-03-17,Delivered,BlueDart
SHP28541,TXN00025675,2024-05-24,2024-05-28,Delivered,EcomExpress
SHP54681,TXN00086294,2024-06-04,2024-06-13,Delivered,BlueDart
SHP78788,TXN00060271,2024-05-09,2024-05-13,Delivered,Shadowfax
SHP37628,TXN00035525,2024-05-05,2024-05-15,Delivered,Delhivery
SHP11468,TXN00039937,2024-02-03,2024-02-12,Delivered,Delhivery
SHP87207,TXN00029292,2024-05-24,2024-05-31,Delivered,BlueDart
SHP85515,TXN00001021,2024-03-04,2024-03-08,Delivered,Shadowfax
SHP84469,TXN00044741,2024-02-09,2024-02-11,Delivered,Shadowfax
SHP66545,TXN00080155,2024-05-12,2024-05-13,Delivered,EcomExpress
SHP37440,TXN00088557,2024-02-23,2024-03-03,Delivered,Shadowfax
SHP58079,TXN00021223,2024-04-25,2024-04-26,Delivered,Shadowfax
SHP28590,TXN00050681,2024-02-23,2024-02-29,Delivered,Shadowfax
SHP65292,TXN00013556,2024-02-11,2024-02-21,Delivered,EcomExpress
SHP98993,TXN00078401,2024-01-25,2024-01-31,Delivered,BlueDart
SHP43154,TXN00092467,2024-05-25,2024-05-26,Delivered,BlueDart
SHP62217,TXN00073391,2024-05-07,2024-05-10,Delivered,Delhivery
SHP13704,TXN00027085,2024-02-21,2024-03-02,Delivered,Shadowfax
SHP75750,TXN00061127,2024-03-22,2024-03-28,Delivered,EcomExpress
SHP31243,TXN00042013,2024-03-07,2024-03-16,Delivered,Shadowfax
SHP66954,TXN00054178,2024-03-15,2024-03-17,Delivered,Shadowfax
SHP68718,TXN00033858,2024-03-08,2024-03-14,Delivered,Shadowfax
SHP48642,TXN00081088,2024-01-15,2024-01-25,Delivered,EcomExpress
SHP90540,TXN00074066,2024-03-31,2024-04-05,Delivered,Delhivery
SHP69904,TXN00044642,2024-04-03,2024-04-09,Delivered,Shadowfax
SHP49618,TXN00051768,2024-01-14,2024-01-22,Delivered,EcomExpress
SHP28797,TXN00085662,2024-04-14,2024-04-24,Delivered,Shadowfax
SHP18772,TXN00045843,2024-02-29,2024-03-04,Delivered,EcomExpress
SHP55646,TXN00073587,2024-03-25,2024-04-03,Delivered,EcomExpress
SHP70075,TXN00095896,2024-03-15,2024-03-21,Delivered,Delhivery
SHP76544,TXN00035123,2024-02-28,2024-02-29,Delivered,Delhivery
SHP25399,TXN00048032,2024-03-30,2024-04-01,Delivered,Delhivery
SHP72524,TXN00028721,2024-03-25,2024-03-28,Delivered,Delhivery
SHP19962,TXN00084507,2024-02-01,2024-02-02,Delivered,EcomExpress
SHP52649,TXN00093624,2024-05-10,2024-05-12,Delivered,BlueDart
SHP58467,TXN00088697,2024-05-27,2024-06-03,Delivered,BlueDart
SHP41973,TXN00014501,2024-06-11,2024-06-20,Delivered,BlueDart
SHP44241,TXN00032566,2024-02-29,2024-03-07,Delivered,EcomExpress
SHP44778,TXN00006408,2024-04-01,2024-04-10,Delivered,EcomExpress
SHP58088,TXN00096710,2024-02-09,2024-02-15,Delivered,EcomExpress
SHP85808,TXN00050677,2024-02-13,2024-02-15,Delivered,BlueDart
SHP85414,TXN00052799,2024-02-08,2024-02-12,Delivered,BlueDart
SHP26613,TXN00000581,2024-06-28,2024-07-08,Delivered,BlueDart
SHP82392,TXN00090896,2024-02-05,2024-02-12,Delivered,EcomExpress
SHP20494,TXN00058072,2024-04-10,2024-04-16,Delivered,BlueDart
SHP19641,TXN00088447,2024-06-17,2024-06-22,Delivered,EcomExpress
SHP79003,TXN00023454,2024-05-06,2024-05-16,Delivered,Delhivery
SHP67353,TXN00049246,2024-05-28,2024-05-29,Delivered,EcomExpress
SHP46701,TXN00019856,2024-01-03,2024-01-10,Delivered,EcomExpress
SHP84305,TXN00024764,2024-05-03,2024-05-09,Delivered,BlueDart
SHP92892,TXN00066808,2024-05-19,2024-05-25,Delivered,Delhivery
SHP96266,TXN00009733,2024-05-17,2024-05-19,Delivered,Delhivery
SHP52618,TXN00014953,2024-03-11,2024-03-21,Delivered,Delhivery
SHP80712,TXN00034232,2024-03-23,2024-03-26,Delivered,EcomExpress
SHP64589,TXN00030507,2024-03-06,2024-03-16,Delivered,Shadowfax
SHP92469,TXN00060452,2024-05-09,2024-05-11,Delivered,Delhivery
SHP23021,TXN00034374,2024-01-06,2024-01-07,Delivered,EcomExpress
SHP26015,TXN00067303,2024-02-04,2024-02-08,Delivered,BlueDart
SHP99267,TXN00013048,2024-06-28,2024-06-30,Delivered,Shadowfax
SHP70768,TXN00069751,2024-06-24,2024-07-02,Delivered,Delhivery
SHP87053,TXN00076137,2024-02-05,2024-02-14,Delivered,EcomExpress
SHP66713,TXN00015496,2024-03-23,2024-04-02,Delivered,Delhivery
SHP56144,TXN00082434,2024-05-20,2024-05-23,Delivered,EcomExpress
SHP17031,TXN00040308,2024-06-21,2024-06-26,Delivered,BlueDart
SHP92418,TXN00019028,2024-01-29,2024-02-07,Delivered,Shadowfax
SHP31233,TXN00090190,2024-05-18,2024-05-28,Delivered,Delhivery
SHP73483,TXN00035003,2024-01-21,2024-01-28,Delivered,Delhivery
SHP97324,TXN00040788,2024-02-02,2024-02-03,Delivered,EcomExpress
SHP93487,TXN00063007,2024-06-23,2024-07-03,Delivered,EcomExpress
SHP22857,TXN00011841,2024-04-12,2024-04-18,Delivered,BlueDart
SHP66176,TXN00018340,2024-04-14,2024-04-16,Delivered,EcomExpress
SHP14131,TXN00030866,2024-04-26,2024-05-03,Delivered,Delhivery
SHP71638,TXN00010822,2024-06-22,2024-06-27,Delivered,EcomExpress
SHP57789,TXN00081841,2024-06-21,2024-06-29,Delivered,Shadowfax
SHP13271,TXN00009303,2024-03-31,2024-04-05,Delivered,EcomExpress
SHP30920,TXN00093916,2024-05-18,2024-05-26,Delivered,BlueDart
SHP98769,TXN00045765,2024-03-25,2024-03-28,Delivered,Delhivery
SHP69982,TXN00011002,2024-04-12,2024-04-14,Delivered,EcomExpress
SHP50236,TXN00051835,2024-06-18,2024-06-22,Delivered,Shadowfax
SHP30643,TXN00069889,2024-02-13,2024-02-19,Delivered,Delhivery
SHP92107,TXN00078951,2024-06-03,2024-06-05,Delivered,BlueDart
SHP76240,TXN00001098,2024-05-17,2024-05-22,Delivered,EcomExpress
SHP24936,TXN00004572,2024-02-21,2024-02-25,Delivered,Delhivery
SHP80090,TXN00024952,2024-02-13,2024-02-18,Delivered,EcomExpress
SHP25370,TXN00053901,2024-05-19,2024-05-29,Delivered,Delhivery
SHP76242,TXN00016568,2024-07-01,2024-07-09,Delivered,Shadowfax
SHP57390,TXN00019556,2024-04-29,2024-05-06,Delivered,Delhivery
SHP10494,TXN00020763,2024-05-11,2024-05-19,Delivered,EcomExpress
SHP53544,TXN00085512,2024-03-24,2024-04-01,Delivered,Delhivery
SHP67367,TXN00008886,2024-05-05,2024-05-11,Delivered,EcomExpress
SHP61694,TXN00080188,2024-04-12,2024-04-16,Delivered,Shadowfax
SHP91731,TXN00061604,2024-01-31,2024-02-08,Delivered,BlueDart
SHP84892,TXN00058221,2024-01-16,2024-01-18,Delivered,Shadowfax
SHP76588,TXN00090356,2024-04-28,2024-05-01,Delivered,Shadowfax
SHP13604,TXN00007751,2024-04-27,2024-05-03,Delivered,Delhivery
SHP99146,TXN00023419,2024-04-08,2024-04-14,Delivered,Shadowfax
SHP86889,TXN00054928,2024-04-13,2024-04-17,Delivered,Shadowfax
SHP26639,TXN00040216,2024-04-07,2024-04-08,Delivered,EcomExpress
SHP68914,TXN00075736,2024-03-31,2024-04-03,Delivered,Shadowfax
SHP59779,TXN00065210,2024-06-27,2024-07-05,Delivered,EcomExpress
SHP67126,TXN00023479,2024-05-18,2024-05-26,Delivered,Delhivery
SHP44336,TXN00055252,2024-06-28,2024-07-04,Delivered,BlueDart
SHP52376,TXN00025507,2024-01-12,2024-01-17,Delivered,EcomExpress
SHP17258,TXN00033969,2024-04-04,2024-04-08,Delivered,EcomExpress
SHP75233,TXN00073515,2024-02-26,2024-02-29,Delivered,Shadowfax
SHP82098,TXN00022963,2024-05-18,2024-05-23,Delivered,Shadowfax
SHP24707,TXN00032576,2024-02-13,2024-02-23,Delivered,Delhivery
SHP54409,TXN00056317,2024-06-12,2024-06-20,Delivered,BlueDart
SHP83940,TXN00066656,2024-01-31,2024-02-10,Delivered,BlueDart
SHP63343,TXN00011511,2024-04-13,2024-04-20,Delivered,EcomExpress
SHP43686,TXN00004443,2024-03-23,2024-04-02,Delivered,BlueDart
SHP10597,TXN00003398,2024-02-23,2024-02-26,Delivered,EcomExpress
SHP52357,TXN00093351,2024-04-03,2024-04-10,Delivered,BlueDart
SHP15423,TXN00052923,2024-05-16,2024-05-19,Delivered,BlueDart
SHP55713,TXN00043852,2024-04-08,2024-04-16,Delivered,EcomExpress
SHP94405,TXN00058439,2024-06-29,2024-07-08,Delivered,EcomExpress
SHP87348,TXN00076577,2024-04-14,2024-04-20,Delivered,EcomExpress
SHP79473,TXN00051078,2024-01-17,2024-01-19,Delivered,Delhivery
SHP53908,TXN00086625,2024-03-16,2024-03-24,Delivered,EcomExpress
SHP95505,TXN00059946,2024-01-31,2024-02-10,Delivered,BlueDart
SHP93402,TXN00091305,2024-03-06,2024-03-10,Delivered,Delhivery
SHP38998,TXN00041474,2024-05-31,2024-06-09,Delivered,BlueDart
SHP63227,TXN00044281,2024-04-09,2024-04-14,Delivered,Delhivery
SHP50584,TXN00002538,2024-05-11,2024-05-19,Delivered,BlueDart
SHP85537,TXN00080186,2024-04-09,2024-04-16,Delivered,EcomExpress
SHP87074,TXN00032624,2024-06-14,2024-06-18,Delivered,EcomExpress
SHP60471,TXN00029428,2024-02-09,2024-02-16,Delivered,Shadowfax
SHP72800,TXN00097098,2024-01-28,2024-02-01,Delivered,BlueDart
SHP35531,TXN00057237,2024-02-28,2024-02-29,Delivered,BlueDart
SHP96878,TXN00048601,2024-01-22,2024-01-28,Delivered,BlueDart
SHP15240,TXN00018641,2024-05-21,2024-05-23,Delivered,BlueDart
SHP26982,TXN00082981,2024-06-08,2024-06-17,Delivered,Shadowfax
SHP83155,TXN00083737,2024-04-09,2024-04-11,Delivered,BlueDart
SHP54606,TXN00036182,2024-04-04,2024-04-12,Delivered,BlueDart
SHP91429,TXN00096614,2024-05-23,2024-06-01,Delivered,Shadowfax
SHP83561,TXN00024025,2024-04-06,2024-04-09,Delivered,Delhivery
SHP45365,TXN00021459,2024-05-10,2024-05-19,Delivered,Shadowfax
SHP63205,TXN00063645,2024-03-08,2024-03-12,Delivered,EcomExpress
SHP16788,TXN00018626,2024-01-25,2024-01-27,Delivered,Shadowfax
SHP67870,TXN00038228,2024-06-02,2024-06-10,Delivered,Delhivery
SHP82773,TXN00088959,2024-03-24,2024-03-31,Delivered,Delhivery
SHP28602,TXN00050714,2024-04-09,2024-04-18,Delivered,BlueDart
SHP51183,TXN00082801,2024-01-17,2024-01-25,Delivered,EcomExpress
SHP22140,TXN00056274,2024-05-10,2024-05-16,Delivered,Shadowfax
SHP90620,TXN00084463,2024-01-04,2024-01-12,Delivered,Delhivery
SHP62140,TXN00046972,2024-01-16,2024-01-26,Delivered,EcomExpress
SHP63297,TXN00022609,2024-02-13,2024-02-17,Delivered,Delhivery
SHP62735,TXN00078354,2024-04-03,2024-04-10,Delivered,EcomExpress
SHP14662,TXN00047748,2024-05-22,2024-05-23,Delivered,EcomExpress
SHP36253,TXN00025120,2024-03-06,2024-03-13,Delivered,BlueDart
SHP87207,TXN00026250,2024-01-10,2024-01-20,Delivered,BlueDart
SHP63153,TXN00071910,2024-05-28,2024-06-01,Delivered,BlueDart
SHP24976,TXN00002851,2024-02-21,2024-02-27,Delivered,EcomExpress
SHP10836,TXN00000111,2024-02-05,2024-02-13,Delivered,BlueDart
SHP75612,TXN00032368,2024-01-28,2024-02-01,Delivered,Shadowfax
SHP43853,TXN00004867,2024-02-02,2024-02-04,Delivered,EcomExpress
SHP42033,TXN00081235,2024-03-18,2024-03-21,Delivered,Shadowfax
SHP72692,TXN00046986,2024-04-21,2024-04-23,Delivered,Delhivery
SHP53068,TXN00051555,2024-05-23,2024-05-28,Delivered,Delhivery
SHP75058,TXN00053620,2024-05-19,2024-05-29,Delivered,BlueDart
SHP46245,TXN00065558,2024-04-07,2024-04-08,Delivered,Delhivery
SHP34157,TXN00056830,2024-04-02,2024-04-11,Delivered,EcomExpress
SHP93516,TXN00028644,2024-05-09,2024-05-11,Delivered,Shadowfax
SHP77882,TXN00055665,2024-04-16,2024-04-26,Delivered,BlueDart
SHP14145,TXN00078005,2024-04-23,2024-04-30,Delivered,BlueDart
SHP86769,TXN00003667,2024-02-04,2024-02-09,Delivered,Shadowfax
SHP75994,TXN00041993,2024-04-21,2024-04-22,Delivered,Delhivery
SHP81104,TXN00079333,2024-06-24,2024-06-26,Delivered,Delhivery
SHP29936,TXN00021185,2024-02-04,2024-02-09,Delivered,Shadowfax
SHP18269,TXN00011161,2024-03-10,2024-03-13,Delivered,Delhivery
SHP67562,TXN00007925,2024-02-25,2024-03-01,Delivered,Shadowfax
SHP13776,TXN00093112,2024-06-12,2024-06-13,Delivered,EcomExpress
SHP34982,TXN00011468,2024-02-15,2024-02-22,Delivered,Delhivery
SHP42808,TXN00056563,2024-01-18,2024-01-21,Delivered,Shadowfax
SHP59171,TXN00054546,2024-05-21,2024-05-22,Delivered,Delhivery
SHP17090,TXN00017491,2024-01-03,2024-01-04,Delivered,Delhivery
SHP36254,TXN00044437,2024-04-09,2024-04-16,Delivered,Shadowfax
SHP44811,TXN00050818,2024-05-13,2024-05-14,Delivered,BlueDart
SHP85481,TXN00002638,2024-06-21,2024-06-25,Delivered,Delhivery
SHP69302,TXN00019593,2024-01-16,2024-01-20,Delivered,Shadowfax
SHP84685,TXN00057964,2024-05-27,2024-06-05,Delivered,BlueDart
SHP38130,TXN00085984,2024-03-13,2024-03-23,Delivered,Delhivery
SHP47762,TXN00033662,2024-05-10,2024-05-20,Delivered,EcomExpress
SHP34577,TXN00011669,2024-01-06,2024-01-16,Delivered,Delhivery
SHP66591,TXN00004965,2024-02-16,2024-02-22,Delivered,BlueDart
SHP33623,TXN00095200,2024-05-30,2024-05-31,Delivered,BlueDart
SHP69090,TXN00056363,2024-06-26,2024-06-28,Delivered,Delhivery
SHP65753,TXN00003305,2024-03-15,2024-03-20,Delivered,Shadowfax
SHP52177,TXN00040955,2024-01-14,2024-01-17,Delivered,Shadowfax
SHP30377,TXN00049880,2024-07-01,2024-07-02,Delivered,BlueDart
SHP50540,TXN00080613,2024-06-24,2024-06-27,Delivered,Delhivery
SHP64078,TXN00011276,2024-03-01,2024-03-07,Delivered,EcomExpress
SHP62610,TXN00081347,2024-03-04,2024-03-07,Delivered,BlueDart
SHP74181,TXN00094842,2024-02-12,2024-02-16,Delivered,EcomExpress
SHP39712,TXN00048370,2024-01-02,2024-01-12,Delivered,BlueDart
SHP85240,TXN00096231,2024-05-12,2024-05-15,Delivered,Shadowfax
SHP48074,TXN00032495,2024-04-26,2024-05-03,Delivered,EcomExpress
SHP94542,TXN00099685,2024-01-17,2024-01-24,Delivered,Delhivery
SHP59285,TXN00025141,2024-04-15,2024-04-24,Delivered,Shadowfax
SHP70539,TXN00098129,2024-02-14,2024-02-19,Delivered,BlueDart
SHP31088,TXN00088333,2024-04-09,2024-04-11,Delivered,Delhivery
SHP82661,TXN00091220,2024-01-23,2024-02-02,Delivered,Shadowfax
SHP88025,TXN00042113,2024-01-16,2024-01-21,Delivered,Shadowfax
SHP38400,TXN00031580,2024-05-05,2024-05-12,Delivered,EcomExpress
SHP17145,TXN00009607,2024-03-31,2024-04-02,Delivered,Shadowfax
SHP76992,TXN00081651,2024-06-08,2024-06-18,Delivered,BlueDart
SHP76957,TXN00034709,2024-02-04,2024-02-11,Delivered,BlueDart
SHP18190,TXN00029560,2024-04-25,2024-04-30,Delivered,Shadowfax
SHP36250,TXN00001952,2024-04-13,2024-04-15,Delivered,BlueDart
SHP78383,TXN00007604,2024-03-09,2024-03-16,Delivered,Delhivery
SHP71990,TXN00045151,2024-03-24,2024-04-02,Delivered,Delhivery
SHP82738,TXN00093797,2024-03-26,2024-04-04,Delivered,BlueDart
SHP56605,TXN00028605,2024-06-24,2024-07-04,Delivered,Shadowfax
SHP14279,TXN00025865,2024-02-03,2024-02-06,Delivered,BlueDart
SHP67021,TXN00021709,2024-06-03,2024-06-09,Delivered,Shadowfax
SHP82251,TXN00070721,2024-03-25,2024-04-01,Delivered,Shadowfax
SHP67678,TXN00027254,2024-02-04,2024-02-13,Delivered,EcomExpress
SHP50521,TXN00041632,2024-02-09,2024-02-11,Delivered,EcomExpress
SHP79379,TXN00070871,2024-03-20,2024-03-25,Delivered,Delhivery
SHP57119,TXN00052772,2024-06-15,2024-06-25,Delivered,Delhivery
SHP79894,TXN00058389,2024-06-06,2024-06-10,Delivered,EcomExpress
SHP38472,TXN00039818,2024-02-13,2024-02-16,Delivered,BlueDart
SHP62421,TXN00053643,2024-04-15,2024-04-21,Delivered,EcomExpress
SHP65818,TXN00041135,2024-01-04,2024-01-09,Delivered,Delhivery
SHP67506,TXN00083090,2024-02-12,2024-02-19,Delivered,Shadowfax
SHP90514,TXN00027747,2024-05-27,2024-06-01,Delivered,Shadowfax
SHP70776,TXN00014051,2024-03-21,2024-03-31,Delivered,BlueDart
SHP30850,TXN00082543,2024-06-12,2024-06-13,Delivered,EcomExpress
SHP11843,TXN00032139,2024-03-13,2024-03-16,Delivered,Shadowfax
SHP10122,TXN00017791,2024-03-28,2024-04-06,Delivered,EcomExpress
SHP31433,TXN00004570,2024-03-31,2024-04-02,Delivered,Shadowfax
SHP16449,TXN00071318,2024-05-01,2024-05-11,Delivered,EcomExpress
SHP89316,TXN00040305,2024-06-11,2024-06-12,Delivered,BlueDart
SHP54986,TXN00026679,2024-03-21,2024-03-26,Delivered,BlueDart
SHP84957,TXN00058193,2024-05-20,2024-05-23,Delivered,Shadowfax
SHP57524,TXN00015047,2024-03-26,2024-04-04,Delivered,BlueDart
SHP70139,TXN00059151,2024-04-14,2024-04-19,Delivered,Shadowfax
SHP72990,TXN00090130,2024-04-12,2024-04-19,Delivered,BlueDart
SHP77042,TXN00075462,2024-05-01,2024-05-03,Delivered,Shadowfax
SHP15396,TXN00035357,2024-06-21,2024-06-30,Delivered,BlueDart
SHP39093,TXN00030423,2024-04-14,2024-04-23,Delivered,Shadowfax
SHP48085,TXN00070551,2024-05-07,2024-05-17,Delivered,BlueDart
SHP68662,TXN00095632,2024-03-16,2024-03-26,Delivered,EcomExpress
SHP50339,TXN00024677,2024-04-27,2024-05-03,Delivered,Shadowfax
SHP30760,TXN00036550,2024-05-12,2024-05-19,Delivered,BlueDart
SHP65065,TXN00025812,2024-03-12,2024-03-13,Delivered,Shadowfax
SHP81781,TXN00045053,2024-03-27,2024-03-28,Delivered,Shadowfax
SHP99694,TXN00036936,2024-04-09,2024-04-10,Delivered,EcomExpress
SHP72200,TXN00011126,2024-05-28,2024-05-31,Delivered,EcomExpress
SHP65504,TXN00041540,2024-01-13,2024-01-23,Delivered,Delhivery
SHP58246,TXN00077782,2024-02-09,2024-02-14,Delivered,EcomExpress
SHP47891,TXN00026014,2024-04-25,2024-05-03,Delivered,EcomExpress
SHP57475,TXN00088902,2024-01-04,2024-01-08,Delivered,BlueDart
SHP55358,TXN00061892,2024-01-05,2024-01-10,Delivered,EcomExpress
SHP84360,TXN00071531,2024-05-20,2024-05-27,Delivered,BlueDart
SHP74758,TXN00016186,2024-03-07,2024-03-16,Delivered,EcomExpress
SHP78844,TXN00013795,2024-06-01,2024-06-11,Delivered,EcomExpress
SHP49728,TXN00045930,2024-04-04,2024-04-09,Delivered,Delhivery
SHP32139,TXN00002054,2024-05-31,2024-06-08,Delivered,Shadowfax
SHP76987,TXN00023019,2024-04-20,2024-04-27,Delivered,Delhivery
SHP95394,TXN00058023,2024-06-24,2024-06-29,Delivered,BlueDart
SHP36278,TXN00017125,2024-04-10,2024-04-16,Delivered,Delhivery
SHP10658,TXN00049012,2024-05-23,2024-05-31,Delivered,Shadowfax
SHP25548,TXN00036887,2024-02-25,2024-02-29,Delivered,EcomExpress
SHP84019,TXN00095951,2024-05-25,2024-05-26,Delivered,Shadowfax
SHP97740,TXN00064751,2024-01-16,2024-01-19,Delivered,BlueDart
SHP92824,TXN00085507,2024-03-10,2024-03-14,Delivered,Shadowfax
SHP76722,TXN00021725,2024-03-31,2024-04-03,Delivered,BlueDart
SHP62647,TXN00000438,2024-05-01,2024-05-08,Delivered,EcomExpress
SHP53802,TXN00082420,2024-01-15,2024-01-20,Delivered,Shadowfax
SHP34275,TXN00086777,2024-04-14,2024-04-16,Delivered,EcomExpress
SHP51150,TXN00077109,2024-02-07,2024-02-16,Delivered,BlueDart
SHP64067,TXN00090367,2024-03-29,2024-03-31,Delivered,Delhivery
SHP69321,TXN00072125,2024-04-13,2024-04-19,Delivered,BlueDart
SHP51082,TXN00093315,2024-02-26,2024-03-05,Delivered,EcomExpress
SHP16198,TXN00048437,2024-05-27,2024-05-29,Delivered,BlueDart
SHP37040,TXN00058234,2024-04-09,2024-04-18,Delivered,Delhivery
SHP36103,TXN00076929,2024-04-12,2024-04-22,Delivered,EcomExpress
SHP35642,TXN00030312,2024-01-16,2024-01-24,Delivered,EcomExpress
SHP65049,TXN00070025,2024-01-13,2024-01-21,Delivered,Shadowfax
SHP39526,TXN00057222,2024-03-14,2024-03-19,Delivered,Delhivery
SHP14223,TXN00020968,2024-04-15,2024-04-21,Delivered,EcomExpress
SHP98786,TXN00038189,2024-02-09,2024-02-12,Delivered,Shadowfax
SHP69013,TXN00031869,2024-05-21,2024-05-25,Delivered,EcomExpress
SHP29647,TXN00075308,2024-05-31,2024-06-04,Delivered,Delhivery
SHP27706,TXN00029663,2024-05-26,2024-06-02,Delivered,Delhivery
SHP60318,TXN00039053,2024-05-06,2024-05-07,Delivered,EcomExpress
SHP87510,TXN00075090,2024-03-15,2024-03-17,Delivered,BlueDart
SHP32835,TXN00001852,2024-06-03,2024-06-07,Delivered,Shadowfax
SHP97787,TXN00045302,2024-05-06,2024-05-11,Delivered,Shadowfax
SHP47274,TXN00073081,2024-03-13,2024-03-23,Delivered,Delhivery
SHP25696,TXN00071058,2024-04-01,2024-04-06,Delivered,BlueDart
SHP55960,TXN00084659,2024-05-23,2024-05-25,Delivered,EcomExpress
SHP43313,TXN00061690,2024-03-27,2024-04-01,Delivered,EcomExpress
SHP59035,TXN00084807,2024-05-25,2024-06-01,Delivered,Delhivery
SHP70316,TXN00028518,2024-03-03,2024-03-10,Delivered,EcomExpress
SHP98952,TXN00073894,2024-01-15,2024-01-22,Delivered,Shadowfax
SHP32008,TXN00075592,2024-06-06,2024-06-11,Delivered,Delhivery
SHP83811,TXN00013848,2024-04-06,2024-04-07,Delivered,Shadowfax
SHP97749,TXN00054179,2024-05-20,2024-05-21,Delivered,Shadowfax
SHP10500,TXN00070650,2024-01-27,2024-02-02,Delivered,Shadowfax
SHP81722,TXN00051053,2024-04-14,2024-04-21,Delivered,Delhivery
SHP82101,TXN00063934,2024-05-23,2024-05-30,Delivered,EcomExpress
SHP95292,TXN00065993,2024-03-23,2024-03-30,Delivered,Shadowfax
SHP82220,TXN00028149,2024-06-24,2024-06-25,Delivered,BlueDart
SHP33888,TXN00065394,2024-06-03,2024-06-05,Delivered,EcomExpress
SHP81759,TXN00063371,2024-05-13,2024-05-19,Delivered,BlueDart
SHP11976,TXN00047638,2024-04-16,2024-04-26,Delivered,BlueDart
SHP30523,TXN00023574,2024-06-19,2024-06-23,Delivered,Delhivery
SHP50439,TXN00061972,2024-02-09,2024-02-11,Delivered,EcomExpress
SHP91532,TXN00011262,2024-04-14,2024-04-15,Delivered,EcomExpress
SHP23705,TXN00002239,2024-02-21,2024-02-29,Delivered,Shadowfax
SHP98099,TXN00007075,2024-02-09,2024-02-18,Delivered,Shadowfax
SHP90910,TXN00002133,2024-04-05,2024-04-10,Delivered,EcomExpress
SHP56627,TXN00078373,2024-06-01,2024-06-10,Delivered,EcomExpress
SHP33138,TXN00017866,2024-01-19,2024-01-22,Delivered,EcomExpress
SHP19021,TXN00023016,2024-05-18,2024-05-27,Delivered,EcomExpress
SHP68965,TXN00098465,2024-04-22,2024-05-01,Delivered,EcomExpress
SHP73970,TXN00096407,2024-02-03,2024-02-12,Delivered,BlueDart
SHP10182,TXN00053639,2024-03-25,2024-03-26,Delivered,Delhivery
SHP92525,TXN00083719,2024-06-10,2024-06-12,Delivered,BlueDart
SHP17678,TXN00020300,2024-05-30,2024-06-03,Delivered,BlueDart
SHP87536,TXN00030594,2024-05-23,2024-05-28,Delivered,Delhivery
SHP89004,TXN00023042,2024-05-01,2024-05-07,Delivered,Shadowfax
SHP76383,TXN00039696,2024-02-02,2024-02-11,Delivered,Delhivery
SHP54657,TXN00013689,2024-05-20,2024-05-24,Delivered,Delhivery
SHP63467,TXN00078646,2024-01-13,2024-01-19,Delivered,EcomExpress
SHP68903,TXN00062900,2024-03-10,2024-03-17,Delivered,Shadowfax
SHP80917,TXN00088468,2024-06-25,2024-06-27,Delivered,BlueDart
SHP18303,TXN00030651,2024-04-10,2024-04-14,Delivered,BlueDart
SHP62867,TXN00091414,2024-05-07,2024-05-17,Delivered,Delhivery
SHP15177,TXN00035016,2024-02-17,2024-02-26,Delivered,Delhivery
SHP62422,TXN00090736,2024-03-31,2024-04-10,Delivered,BlueDart
SHP68623,TXN00067161,2024-03-02,2024-03-04,Delivered,Shadowfax
SHP12289,TXN00057332,2024-05-04,2024-05-07,Delivered,BlueDart
SHP42326,TXN00006749,2024-03-23,2024-03-25,Delivered,Delhivery
SHP55291,TXN00068943,2024-03-09,2024-03-17,Delivered,BlueDart
SHP24410,TXN00070026,2024-02-27,2024-03-03,Delivered,Shadowfax
SHP60878,TXN00007180,2024-02-19,2024-02-27,Delivered,EcomExpress
SHP50508,TXN00047316,2024-04-18,2024-04-19,Delivered,EcomExpress
SHP53476,TXN00030550,2024-03-27,2024-04-03,Delivered,Delhivery
SHP22773,TXN00011104,2024-05-07,2024-05-11,Delivered,Shadowfax
SHP51928,TXN00086655,2024-06-16,2024-06-23,Delivered,Shadowfax
SHP93397,TXN00078300,2024-06-04,2024-06-14,Delivered,Delhivery
SHP40532,TXN00099868,2024-03-07,2024-03-10,Delivered,Shadowfax
SHP96434,TXN00088070,2024-06-24,2024-06-28,Delivered,Shadowfax
SHP41656,TXN00075547,2024-03-20,2024-03-21,Delivered,EcomExpress
SHP85024,TXN00015196,2024-05-25,2024-05-26,Delivered,EcomExpress
SHP62131,TXN00012866,2024-03-13,2024-03-20,Delivered,Shadowfax
SHP57652,TXN00013830,2024-03-23,2024-03-26,Delivered,Shadowfax
SHP72029,TXN00006740,2024-02-06,2024-02-14,Delivered,Delhivery
SHP92148,TXN00015027,2024-04-20,2024-04-22,Delivered,Shadowfax
SHP74591,TXN00071445,2024-05-10,2024-05-18,Delivered,EcomExpress
SHP45805,TXN00008486,2024-01-21,2024-01-22,Delivered,Shadowfax
SHP15132,TXN00035802,2024-01-26,2024-02-03,Delivered,Delhivery
SHP82860,TXN00000599,2024-01-10,2024-01-14,Delivered,Shadowfax
SHP78921,TXN00001160,2024-05-26,2024-06-04,Delivered,Delhivery
SHP56848,TXN00031823,2024-05-05,2024-05-13,Delivered,Shadowfax
SHP95733,TXN00046134,2024-01-19,2024-01-24,Delivered,Delhivery
SHP40309,TXN00073352,2024-06-25,2024-06-29,Delivered,Shadowfax
SHP94461,TXN00083354,2024-04-22,2024-04-29,Delivered,Shadowfax
SHP25393,TXN00088652,2024-04-11,2024-04-21,Delivered,BlueDart
SHP24899,TXN00057284,2024-02-16,2024-02-25,Delivered,Delhivery
SHP45928,TXN00084486,2024-01-02,2024-01-08,Delivered,BlueDart
SHP80512,TXN00078124,2024-03-01,2024-03-09,Delivered,EcomExpress
SHP44260,TXN00048782,2024-01-06,2024-01-13,Delivered,BlueDart
SHP45622,TXN00016044,2024-03-17,2024-03-22,Delivered,Delhivery
SHP90197,TXN00078414,2024-04-30,2024-05-04,Delivered,Delhivery
SHP63412,TXN00024530,2024-03-28,2024-04-05,Delivered,BlueDart
SHP77555,TXN00013045,2024-04-18,2024-04-27,Delivered,EcomExpress
SHP75586,TXN00049932,2024-04-03,2024-04-12,Delivered,EcomExpress
SHP52602,TXN00053596,2024-03-09,2024-03-13,Delivered,Delhivery
SHP36902,TXN00011250,2024-04-08,2024-04-18,Delivered,Shadowfax
SHP31711,TXN00000048,2024-04-07,2024-04-16,Delivered,BlueDart
SHP29021,TXN00074975,2024-06-16,2024-06-23,Delivered,Delhivery
SHP76758,TXN00057235,2024-01-17,2024-01-25,Delivered,BlueDart
SHP93644,TXN00068449,2024-04-09,2024-04-12,Delivered,Shadowfax
SHP33939,TXN00025548,2024-05-12,2024-05-22,Delivered,Shadowfax
SHP42822,TXN00041080,2024-03-01,2024-03-03,Delivered,EcomExpress
SHP29984,TXN00080260,2024-03-04,2024-03-08,Delivered,Delhivery
SHP52639,TXN00088748,2024-07-01,2024-07-02,Delivered,BlueDart
SHP51540,TXN00068504,2024-02-07,2024-02-15,Delivered,EcomExpress
SHP29843,TXN00047882,2024-04-02,2024-04-03,Delivered,Shadowfax
SHP81785,TXN00077409,2024-04-12,2024-04-15,Delivered,Delhivery
SHP88279,TXN00021201,2024-04-12,2024-04-22,Delivered,Shadowfax
SHP98848,TXN00082176,2024-05-21,2024-05-29,Delivered,BlueDart
SHP27628,TXN00070215,2024-03-09,2024-03-10,Delivered,Shadowfax
SHP63174,TXN00029823,2024-02-21,2024-02-23,Delivered,EcomExpress
SHP69959,TXN00072641,2024-06-16,2024-06-19,Delivered,BlueDart
SHP94152,TXN00003509,2024-01-15,2024-01-22,Delivered,Delhivery
SHP81945,TXN00013075,2024-04-15,2024-04-22,Delivered,Delhivery
SHP46414,TXN00008408,2024-04-01,2024-04-04,Delivered,Shadowfax
SHP92016,TXN00018385,2024-05-13,2024-05-18,Delivered,Delhivery
SHP54421,TXN00053755,2024-04-26,2024-05-03,Delivered,Delhivery
SHP72484,TXN00021697,2024-06-10,2024-06-17,Delivered,Shadowfax
SHP51147,TXN00080752,2024-04-24,2024-05-01,Delivered,EcomExpress
SHP47385,TXN00039494,2024-04-08,2024-04-16,Delivered,Delhivery
SHP83725,TXN00063955,2024-06-11,2024-06-20,Delivered,EcomExpress
SHP58061,TXN00010103,2024-03-12,2024-03-17,Delivered,Delhivery
SHP52491,TXN00098699,2024-05-20,2024-05-26,Delivered,BlueDart
SHP29616,TXN00054723,2024-05-18,2024-05-23,Delivered,Shadowfax
SHP62854,TXN00030529,2024-02-06,2024-02-10,Delivered,Delhivery
SHP96918,TXN00019663,2024-03-21,2024-03-23,Delivered,EcomExpress
SHP94174,TXN00065284,2024-06-12,2024-06-22,Delivered,EcomExpress
SHP74194,TXN00019197,2024-03-10,2024-03-12,Delivered,Shadowfax
SHP75083,TXN00017564,2024-05-06,2024-05-09,Delivered,Delhivery
SHP68123,TXN00019510,2024-04-07,2024-04-16,Delivered,BlueDart
SHP14317,TXN00049884,2024-01-19,2024-01-24,Delivered,Shadowfax
SHP16159,TXN00051371,2024-03-13,2024-03-17,Delivered,EcomExpress
SHP41952,TXN00037148,2024-06-05,2024-06-14,Delivered,Shadowfax
SHP85127,TXN00067488,2024-03-22,2024-03-25,Delivered,Shadowfax
SHP75829,TXN00061968,2024-06-30,2024-07-04,Delivered,EcomExpress
SHP52831,TXN00017142,2024-04-12,2024-04-16,Delivered,Shadowfax
SHP18749,TXN00032708,2024-02-14,2024-02-21,Delivered,BlueDart
SHP49055,TXN00048480,2024-05-04,2024-05-13,Delivered,BlueDart
SHP17250,TXN00094520,2024-03-23,2024-03-29,Delivered,Shadowfax
SHP32734,TXN00038542,2024-05-26,2024-06-05,Delivered,Delhivery
SHP22750,TXN00065904,2024-05-14,2024-05-15,Delivered,EcomExpress
SHP27688,TXN00060997,2024-01-15,2024-01-20,Delivered,Shadowfax
SHP71131,TXN00027474,2024-01-03,2024-01-05,Delivered,EcomExpress
SHP11157,TXN00072067,2024-06-29,2024-07-04,Delivered,EcomExpress
SHP93505,TXN00009218,2024-05-31,2024-06-06,Delivered,BlueDart
SHP39560,TXN00039647,2024-04-12,2024-04-16,Delivered,Delhivery
SHP89717,TXN00094637,2024-03-03,2024-03-04,Delivered,Delhivery
SHP49355,TXN00074469,2024-03-30,2024-04-04,Delivered,Shadowfax
SHP69247,TXN00056187,2024-06-11,2024-06-16,Delivered,Shadowfax
SHP77262,TXN00069446,2024-03-13,2024-03-14,Delivered,BlueDart
SHP44697,TXN00012123,2024-06-26,2024-07-06,Delivered,Delhivery
SHP54333,TXN00070100,2024-03-24,2024-04-01,Delivered,BlueDart
SHP93820,TXN00021272,2024-04-16,2024-04-21,Delivered,BlueDart
SHP66530,TXN00052859,2024-04-20,2024-04-26,Delivered,EcomExpress
SHP66040,TXN00009691,2024-03-26,2024-04-01,Delivered,Delhivery
SHP53052,TXN00003421,2024-04-15,2024-04-18,Delivered,BlueDart
SHP64009,TXN00044668,2024-06-06,2024-06-16,Delivered,Delhivery
SHP44427,TXN00043586,2024-01-22,2024-02-01,Delivered,Shadowfax
SHP81067,TXN00053199,2024-05-11,2024-05-12,Delivered,EcomExpress
SHP21281,TXN00068127,2024-03-27,2024-03-30,Delivered,Delhivery
SHP97452,TXN00055995,2024-06-29,2024-07-04,Delivered,Shadowfax
SHP70218,TXN00039191,2024-03-26,2024-03-27,Delivered,Delhivery
SHP60338,TXN00062416,2024-05-03,2024-05-07,Delivered,Delhivery
SHP85159,TXN00002154,2024-01-23,2024-01-28,Delivered,EcomExpress
SHP22336,TXN00034780,2024-03-22,2024-04-01,Delivered,Shadowfax
SHP69468,TXN00070932,2024-04-08,2024-04-18,Delivered,EcomExpress
SHP84660,TXN00010190,2024-04-16,2024-04-17,Delivered,Delhivery
SHP90232,TXN00064738,2024-04-16,2024-04-20,Delivered,EcomExpress
SHP32066,TXN00059354,2024-01-30,2024-02-04,Delivered,Delhivery
SHP71194,TXN00058104,2024-06-07,2024-06-08,Delivered,EcomExpress
SHP51974,TXN00063203,2024-04-22,2024-05-02,Delivered,Delhivery
SHP17357,TXN00094786,2024-03-26,2024-04-03,Delivered,Shadowfax
SHP13343,TXN00013198,2024-03-14,2024-03-17,Delivered,Delhivery
SHP90493,TXN00079511,2024-03-01,2024-03-08,Delivered,Delhivery
SHP50451,TXN00074314,2024-02-29,2024-03-02,Delivered,Delhivery
SHP65559,TXN00089230,2024-04-13,2024-04-14,Delivered,Delhivery
SHP82959,TXN00092973,2024-03-31,2024-04-04,Delivered,Shadowfax
SHP23680,TXN00090818,2024-02-24,2024-02-29,Delivered,Shadowfax
SHP32564,TXN00049976,2024-04-07,2024-04-13,Delivered,Delhivery
SHP67428,TXN00011832,2024-05-15,2024-05-21,Delivered,EcomExpress
SHP25769,TXN00010979,2024-04-09,2024-04-19,Delivered,EcomExpress
SHP78885,TXN00048652,2024-03-27,2024-03-29,Delivered,Delhivery
SHP35308,TXN00013043,2024-05-29,2024-05-30,Delivered,BlueDart
SHP40406,TXN00058197,2024-03-26,2024-04-02,Delivered,BlueDart
SHP84196,TXN00079550,2024-02-03,2024-02-08,Delivered,Shadowfax
SHP81301,TXN00099955,2024-02-22,2024-02-24,Delivered,EcomExpress
SHP79114,TXN00022765,2024-04-06,2024-04-12,Delivered,EcomExpress
SHP79719,TXN00092516,2024-05-14,2024-05-15,Delivered,Delhivery
SHP11912,TXN00041403,2024-05-03,2024-05-10,Delivered,Shadowfax
SHP16304,TXN00024064,2024-01-20,2024-01-24,Delivered,BlueDart
SHP74324,TXN00020545,2024-05-16,2024-05-17,Delivered,EcomExpress
SHP23387,TXN00000597,2024-02-07,2024-02-11,Delivered,BlueDart
SHP19446,TXN00086104,2024-06-27,2024-06-29,Delivered,EcomExpress
SHP52103,TXN00017301,2024-04-07,2024-04-08,Delivered,EcomExpress
SHP78495,TXN00093981,2024-04-19,2024-04-28,Delivered,Shadowfax
SHP45390,TXN00056364,2024-01-08,2024-01-13,Delivered,Delhivery
SHP93480,TXN00086685,2024-03-29,2024-03-31,Delivered,Delhivery
SHP73662,TXN00005611,2024-04-24,2024-05-04,Delivered,Delhivery
SHP19056,TXN00074261,2024-07-01,2024-07-03,Delivered,Shadowfax
SHP52028,TXN00030788,2024-03-03,2024-03-11,Delivered,Shadowfax
SHP55207,TXN00054589,2024-03-21,2024-03-26,Delivered,BlueDart
SHP37440,TXN00064155,2024-01-27,2024-01-29,Delivered,Shadowfax
SHP73462,TXN00078708,2024-04-11,2024-04-21,Delivered,Shadowfax
SHP56087,TXN00058714,2024-01-22,2024-01-23,Delivered,Shadowfax
SHP35274,TXN00092530,2024-03-29,2024-04-05,Delivered,EcomExpress
SHP97069,TXN00005016,2024-01-10,2024-01-19,Delivered,EcomExpress
SHP29793,TXN00083011,2024-03-30,2024-04-07,Delivered,Shadowfax
SHP12105,TXN00003226,2024-02-21,2024-02-23,Delivered,EcomExpress
SHP30933,TXN00014968,2024-03-24,2024-03-26,Delivered,EcomExpress
SHP23699,TXN00009473,2024-02-14,2024-02-19,Delivered,EcomExpress
SHP64285,TXN00054026,2024-06-17,2024-06-18,Delivered,BlueDart
SHP20129,TXN00030107,2024-03-22,2024-03-26,Delivered,EcomExpress
SHP41719,TXN00056337,2024-02-08,2024-02-09,Delivered,BlueDart
SHP21935,TXN00025679,2024-06-27,2024-07-06,Delivered,Shadowfax
SHP67052,TXN00075470,2024-05-30,2024-05-31,Delivered,Delhivery
SHP92387,TXN00021903,2024-03-26,2024-04-04,Delivered,Shadowfax
SHP13536,TXN00027385,2024-01-13,2024-01-23,Delivered,Delhivery
SHP89434,TXN00059422,2024-02-10,2024-02-14,Delivered,Shadowfax
SHP57386,TXN00015227,2024-03-15,2024-03-16,Delivered,Shadowfax
SHP96928,TXN00023905,2024-01-30,2024-02-03,Delivered,BlueDart
SHP93059,TXN00053876,2024-04-08,2024-04-15,Delivered,BlueDart
SHP30024,TXN00083771,2024-02-25,2024-03-03,Delivered,BlueDart
SHP65196,TXN00078945,2024-01-10,2024-01-11,Delivered,Shadowfax
SHP10504,TXN00053167,2024-05-30,2024-06-09,Delivered,Delhivery
SHP26622,TXN00029577,2024-04-12,2024-04-14,Delivered,Shadowfax
SHP25970,TXN00012780,2024-04-26,2024-04-27,Delivered,Delhivery
SHP21871,TXN00030145,2024-03-04,2024-03-12,Delivered,BlueDart
SHP62537,TXN00072196,2024-06-24,2024-06-25,Delivered,Shadowfax
SHP42351,TXN00039046,2024-03-25,2024-03-26,Delivered,Shadowfax
SHP46842,TXN00097206,2024-04-14,2024-04-19,Delivered,Delhivery
SHP16602,TXN00086541,2024-03-04,2024-03-14,Delivered,EcomExpress
SHP78394,TXN00090068,2024-02-22,2024-03-03,Delivered,EcomExpress
SHP78282,TXN00083972,2024-05-09,2024-05-12,Delivered,Shadowfax
SHP42089,TXN00095809,2024-04-04,2024-04-10,Delivered,BlueDart
SHP90611,TXN00029737,2024-03-28,2024-04-03,Delivered,Shadowfax
SHP26645,TXN00087445,2024-01-06,2024-01-15,Delivered,EcomExpress
SHP98344,TXN00083712,2024-04-11,2024-04-16,Delivered,Shadowfax
SHP43030,TXN00049258,2024-03-16,2024-03-25,Delivered,Delhivery
SHP61431,TXN00099334,2024-02-18,2024-02-20,Delivered,Shadowfax
SHP74383,TXN00006543,2024-02-27,2024-03-02,Delivered,EcomExpress
SHP21173,TXN00012183,2024-03-24,2024-03-31,Delivered,BlueDart
SHP98434,TXN00098390,2024-01-30,2024-01-31,Delivered,BlueDart
SHP55514,TXN00047204,2024-01-14,2024-01-18,Delivered,BlueDart
SHP32071,TXN00093861,2024-04-05,2024-04-08,Delivered,BlueDart
SHP47097,TXN00059679,2024-06-24,2024-06-25,Delivered,BlueDart
SHP75619,TXN00052278,2024-05-20,2024-05-30,Delivered,EcomExpress
SHP53914,TXN00055176,2024-06-18,2024-06-27,Delivered,EcomExpress
SHP20090,TXN00018748,2024-02-06,2024-02-11,Delivered,Shadowfax
SHP18265,TXN00022352,2024-06-10,2024-06-14,Delivered,Delhivery
SHP95239,TXN00043552,2024-01-18,2024-01-21,Delivered,EcomExpress
SHP52922,TXN00030833,2024-01-24,2024-01-28,Delivered,Delhivery
SHP80795,TXN00006688,2024-04-07,2024-04-14,Delivered,Delhivery
SHP10720,TXN00098536,2024-04-06,2024-04-10,Delivered,EcomExpress
SHP76604,TXN00055911,2024-02-29,2024-03-08,Delivered,Shadowfax
SHP64230,TXN00017207,2024-03-28,2024-04-07,Delivered,Delhivery
SHP56533,TXN00026736,2024-06-26,2024-07-02,Delivered,EcomExpress
SHP38521,TXN00002875,2024-03-29,2024-04-07,Delivered,BlueDart
SHP25599,TXN00070249,2024-01-10,2024-01-18,Delivered,Delhivery
SHP17778,TXN00013764,2024-05-19,2024-05-25,Delivered,Shadowfax
SHP99466,TXN00066887,2024-04-10,2024-04-11,Delivered,EcomExpress
SHP80030,TXN00068638,2024-06-08,2024-06-14,Delivered,Shadowfax
SHP56437,TXN00052366,2024-02-17,2024-02-24,Delivered,Delhivery
SHP98921,TXN00019109,2024-04-15,2024-04-24,Delivered,EcomExpress
SHP57928,TXN00006158,2024-01-30,2024-01-31,Delivered,BlueDart
SHP61255,TXN00050322,2024-02-07,2024-02-10,Delivered,Delhivery
SHP13751,TXN00067901,2024-06-19,2024-06-25,Delivered,BlueDart
SHP74338,TXN00070621,2024-06-15,2024-06-23,Delivered,Shadowfax
SHP45222,TXN00020030,2024-05-18,2024-05-21,Delivered,Delhivery
SHP95114,TXN00056654,2024-06-20,2024-06-21,Delivered,Delhivery
SHP42772,TXN00037138,2024-04-08,2024-04-12,Delivered,EcomExpress
SHP33166,TXN00010511,2024-04-08,2024-04-09,Delivered,Shadowfax
SHP91882,TXN00047077,2024-06-28,2024-06-30,Delivered,Delhivery
SHP54678,TXN00076082,2024-06-09,2024-06-12,Delivered,EcomExpress
SHP91692,TXN00025032,2024-04-16,2024-04-23,Delivered,Delhivery
SHP64524,TXN00095749,2024-01-11,2024-01-16,Delivered,Delhivery
SHP85616,TXN00096388,2024-03-15,2024-03-22,Delivered,Shadowfax
SHP56886,TXN00018060,2024-01-19,2024-01-23,Delivered,Shadowfax
SHP38550,TXN00017724,2024-05-09,2024-05-14,Delivered,Delhivery
SHP58420,TXN00057369,2024-01-09,2024-01-12,Delivered,Delhivery
SHP26202,TXN00055655,2024-03-19,2024-03-29,Delivered,Shadowfax
SHP17489,TXN00064234,2024-04-27,2024-05-05,Delivered,Delhivery
SHP71273,TXN00085389,2024-04-05,2024-04-07,Delivered,BlueDart
SHP35856,TXN00071489,2024-04-01,2024-04-09,Delivered,EcomExpress
SHP15330,TXN00046687,2024-04-29,2024-04-30,Delivered,Delhivery
SHP69808,TXN00025731,2024-04-16,2024-04-26,Delivered,Delhivery
SHP78725,TXN00082219,2024-02-15,2024-02-17,Delivered,BlueDart
SHP21760,TXN00008866,2024-03-24,2024-03-27,Delivered,Delhivery
SHP88510,TXN00092298,2024-04-08,2024-04-14,Delivered,Shadowfax
SHP43578,TXN00075753,2024-04-12,2024-04-20,Delivered,EcomExpress
SHP49574,TXN00048851,2024-03-31,2024-04-02,Delivered,BlueDart
SHP97165,TXN00081287,2024-06-12,2024-06-21,Delivered,Delhivery
SHP20329,TXN00063445,2024-05-03,2024-05-08,Delivered,BlueDart
SHP82226,TXN00051520,2024-01-25,2024-02-04,Delivered,Delhivery
SHP12837,TXN00046983,2024-06-24,2024-06-30,Delivered,Shadowfax
SHP10340,TXN00056521,2024-03-05,2024-03-09,Delivered,BlueDart
SHP91170,TXN00090590,2024-03-08,2024-03-17,Delivered,Shadowfax
SHP69944,TXN00053936,2024-05-22,2024-05-29,Delivered,BlueDart
SHP18039,TXN00087809,2024-02-12,2024-02-18,Delivered,Delhivery
SHP32005,TXN00014769,2024-01-15,2024-01-22,Delivered,Delhivery
SHP11029,TXN00099362,2024-01-29,2024-02-02,Delivered,BlueDart
SHP99687,TXN00085868,2024-03-04,2024-03-08,Delivered,Shadowfax
SHP61365,TXN00075262,2024-03-22,2024-03-29,Delivered,Shadowfax
SHP62078,TXN00065498,2024-01-30,2024-02-05,Delivered,Delhivery
SHP99016,TXN00010739,2024-02-12,2024-02-19,Delivered,Delhivery
SHP59021,TXN00009102,2024-03-10,2024-03-18,Delivered,EcomExpress
SHP62901,TXN00050019,2024-03-08,2024-03-11,Delivered,Delhivery
SHP29184,TXN00017032,2024-03-13,2024-03-22,Delivered,BlueDart
SHP43357,TXN00074559,2024-05-15,2024-05-22,Delivered,Delhivery
SHP47955,TXN00018233,2024-03-09,2024-03-12,Delivered,BlueDart
SHP62914,TXN00037763,2024-02-05,2024-02-06,Delivered,BlueDart
SHP73583,TXN00074579,2024-06-25,2024-06-27,Delivered,EcomExpress
SHP10070,TXN00072304,2024-03-01,2024-03-05,Delivered,EcomExpress
SHP35376,TXN00038339,2024-03-30,2024-04-02,Delivered,BlueDart
SHP56978,TXN00021397,2024-01-05,2024-01-08,Delivered,Delhivery
SHP97871,TXN00010616,2024-06-17,2024-06-27,Delivered,EcomExpress
SHP97753,TXN00048202,2024-06-11,2024-06-18,Delivered,Shadowfax
SHP38781,TXN00035662,2024-02-24,2024-02-25,Delivered,BlueDart
SHP83953,TXN00078451,2024-03-17,2024-03-24,Delivered,BlueDart
SHP31256,TXN00018180,2024-06-06,2024-06-16,Delivered,BlueDart
SHP82089,TXN00042963,2024-01-19,2024-01-20,Delivered,Shadowfax
SHP28643,TXN00034428,2024-05-07,2024-05-10,Delivered,EcomExpress
SHP17460,TXN00067485,2024-05-28,2024-06-01,Delivered,BlueDart
SHP81191,TXN00078612,2024-02-17,2024-02-25,Delivered,BlueDart
SHP42850,TXN00075390,2024-04-22,2024-04-27,Delivered,Delhivery
SHP37941,TXN00030151,2024-02-25,2024-02-27,Delivered,BlueDart
SHP10967,TXN00093209,2024-01-09,2024-01-10,Delivered,EcomExpress
SHP47418,TXN00029742,2024-04-27,2024-05-06,Delivered,BlueDart
SHP72216,TXN00054316,2024-03-24,2024-03-26,Delivered,Delhivery
